databaseId,caseId,url,longUrl,title,citation,language,docketNumber,decisionDate,keywords,topics,concatenatedId,aiContentId
onltb,2010canlii25236,https://canlii.ca/t/29q41,https://www.canlii.org/en/on/onltb/doc/2010/2010canlii25236/2010canlii25236.html,SOL-03633-10 (Re),2010 CanLII 25236 (ON LTB),en,SOL-03633-10,2010-04-12,eviction — tenancy — pay — unit — owing,,2010onltb1000626,NA
onltb,2010canlii67985,https://canlii.ca/t/2dhcz,https://www.canlii.org/en/on/onltb/doc/2010/2010canlii67985/2010canlii67985.html,TEL-28019 (Re),2010 CanLII 67985 (ON LTB),en,TEL-28019,2010-04-09,rental unit — daughter boyfriend s name removed — illegal — bag containing what appeared — drug,,2010onltb1001914,NA
onltb,2010canlii25436,https://canlii.ca/t/29q6l,https://www.canlii.org/en/on/onltb/doc/2010/2010canlii25436/2010canlii25436.html,TSL-28102 (Re),2010 CanLII 25436 (ON LTB),en,TSL-28102,2010-04-09,solicotor — evict — toll — application — unit,,2010onltb1000746,NA
onltb,2010canlii25432,https://canlii.ca/t/29q6g,https://www.canlii.org/en/on/onltb/doc/2010/2010canlii25432/2010canlii25432.html,TSL-07348-RV (Re),2010 CanLII 25432 (ON LTB),en,TSL-07348-RV; TST-01903,2010-04-09,rent — rental unit — tenancy — request for review — eviction,,2010onltb1000742,NA
onltb,2010canlii25414,https://canlii.ca/t/29q5v,https://www.canlii.org/en/on/onltb/doc/2010/2010canlii25414/2010canlii25414.html,TNL-02077-09 (Re),2010 CanLII 25414 (ON LTB),en,TNL-02077-09,2010-04-09,rent deposit — rental unit — tenancy — owing — pay,,2010onltb1000724,NA
onltb,2010canlii25407,https://canlii.ca/t/29q2d,https://www.canlii.org/en/on/onltb/doc/2010/2010canlii25407/2010canlii25407.html,EAL-04220-10-RV (Re),2010 CanLII 25407 (ON LTB),en,EAL-04220-10-RV,2010-04-09,owes — evict — toll — tenancy — issued,,2010onltb1000717,NA
onltb,2010canlii25400,https://canlii.ca/t/29q26,https://www.canlii.org/en/on/onltb/doc/2010/2010canlii25400/2010canlii25400.html,CEL-23337 (Re),2010 CanLII 25400 (ON LTB),en,CEL-23337,2010-04-09,occupant of the rental unit — permitted in the residential complex — evict — termination — toll,,2010onltb1000710,NA
onltb,2010canlii25397,https://canlii.ca/t/29q22,https://www.canlii.org/en/on/onltb/doc/2010/2010canlii25397/2010canlii25397.html,CEL-22771-SA (Re),2010 CanLII 25397 (ON LTB),en,CEL-22771-SA,2010-04-09,motion to set aside — evict — mediated — toll — unjustified,,2010onltb1000707,NA
onltb,2010canlii25310,https://canlii.ca/t/29q81,https://www.canlii.org/en/on/onltb/doc/2010/2010canlii25310/2010canlii25310.html,TST-02643 (Re),2010 CanLII 25310 (ON LTB),en,TST-02643,2010-04-09,hot water tank — rental unit — mould — flood — contractor,,2010onltb1000699,NA
onltb,2010canlii25290,https://canlii.ca/t/29q7f,https://www.canlii.org/en/on/onltb/doc/2010/2010canlii25290/2010canlii25290.html,TEL-03047-10 (Re),2010 CanLII 25290 (ON LTB),en,TEL-03047-10,2010-04-09,tenancy — arrears — rent — discontinued — evict,,2010onltb1000680,NA
onltb,2010canlii25273,https://canlii.ca/t/29q57,https://www.canlii.org/en/on/onltb/doc/2010/2010canlii25273/2010canlii25273.html,SWT-06710-10 (Re),2010 CanLII 25273 (ON LTB),en,SWT-06710-10,2010-04-09,tenancy — eviction — returning the keys — unit — pay the the full amount,,2010onltb1000663,NA
onltb,2010canlii25272,https://canlii.ca/t/29q5b,https://www.canlii.org/en/on/onltb/doc/2010/2010canlii25272/2010canlii25272.html,TEL-03073-10 (Re),2010 CanLII 25272 (ON LTB),en,TEL-03073-10,2010-04-09,replacement keys — prospective buyers — locks — real estate — privilege,,2010onltb1000662,NA
onltb,2010canlii25261,https://canlii.ca/t/29q4t,https://www.canlii.org/en/on/onltb/doc/2010/2010canlii25261/2010canlii25261.html,SWL-06132-10 (Re),2010 CanLII 25261 (ON LTB),en,SWL-06132-10,2010-04-09,furnace — tenancy — rent — abatement — unit,,2010onltb1000651,NA
onltb,2010canlii25260,https://canlii.ca/t/29q4v,https://www.canlii.org/en/on/onltb/doc/2010/2010canlii25260/2010canlii25260.html,SWL-06272-10 (Re),2010 CanLII 25260 (ON LTB),en,SWL-06272-10,2010-04-09,eviction — fugitive in her rental unit — termination of the tenancy — application — harbouring,,2010onltb1000650,NA
onltb,2010canlii25242,https://canlii.ca/t/29q47,https://www.canlii.org/en/on/onltb/doc/2010/2010canlii25242/2010canlii25242.html,SOL-03770-10 (Re),2010 CanLII 25242 (ON LTB),en,SOL-03770-10,2010-04-09,tenancy — rent deposit — eviction — pay — owing,,2010onltb1000632,NA
onltb,2010canlii25401,https://canlii.ca/t/29q25,https://www.canlii.org/en/on/onltb/doc/2010/2010canlii25401/2010canlii25401.html,CEL-23223 (Re),2010 CanLII 25401 (ON LTB),en,CEL-23223,2010-04-08,ill — peremptory — second adjournment — application — representative,,2010onltb1000711,NA
onltb,2010canlii25399,https://canlii.ca/t/29q24,https://www.canlii.org/en/on/onltb/doc/2010/2010canlii25399/2010canlii25399.html,CEL-23221 (Re),2010 CanLII 25399 (ON LTB),en,CEL-23221,2010-04-08,ill — ready to proceed — peremptory — second adjournment — application,,2010onltb1000709,NA
onltb,2010canlii25291,https://canlii.ca/t/29q7d,https://www.canlii.org/en/on/onltb/doc/2010/2010canlii25291/2010canlii25291.html,TEL-02437-10 (Re),2010 CanLII 25291 (ON LTB),en,TEL-02437-10,2010-04-08,tenancy — rent deposit — eviction — owing — pay,,2010onltb1000681,NA
onltb,2010canlii25274,https://canlii.ca/t/29q59,https://www.canlii.org/en/on/onltb/doc/2010/2010canlii25274/2010canlii25274.html,TEL-02933-10 (Re),2010 CanLII 25274 (ON LTB),en,TEL-02933-10,2010-04-08,rent deposit — tenancy — unit — eviction may be enforced — pay,,2010onltb1000664,NA
onltb,2010canlii25235,https://canlii.ca/t/29q3z,https://www.canlii.org/en/on/onltb/doc/2010/2010canlii25235/2010canlii25235.html,SOL-03453-10 (Re),2010 CanLII 25235 (ON LTB),en,SOL-03453-10,2010-04-08,eviction — tenancy — pay — charges — owing,,2010onltb1000625,NA
onltb,2010canlii25230,https://canlii.ca/t/29q3t,https://www.canlii.org/en/on/onltb/doc/2010/2010canlii25230/2010canlii25230.html,SOL-02985-10 (Re),2010 CanLII 25230 (ON LTB),en,SOL-02985-10,2010-04-08,arrears — rent — tenancy — evict — voided,,2010onltb1000620,NA
onltb,2010canlii25196,https://canlii.ca/t/29q2p,https://www.canlii.org/en/on/onltb/doc/2010/2010canlii25196/2010canlii25196.html,EAL-05211-10 (Re),2010 CanLII 25196 (ON LTB),en,EAL-05211-10,2010-04-08,tenancy — rental unit — pay — evict — toll,,2010onltb1000586,NA
onltb,2010canlii25418,https://canlii.ca/t/29q61,https://www.canlii.org/en/on/onltb/doc/2010/2010canlii25418/2010canlii25418.html,TNL-03674-10 (Re),2010 CanLII 25418 (ON LTB),en,TNL-03674-10,2010-04-07,purchaser — eviction — intends to occupy the rental — realtor — granny,,2010onltb1000728,NA
onltb,2010canlii25391,https://canlii.ca/t/29q1v,https://www.canlii.org/en/on/onltb/doc/2010/2010canlii25391/2010canlii25391.html,CEL-02475-10 (Re),2010 CanLII 25391 (ON LTB),en,CEL-02475-10,2010-04-07,eviction — tenancy — pay — rent — owing,,2010onltb1000701,NA
onltb,2010canlii25390,https://canlii.ca/t/29q1t,https://www.canlii.org/en/on/onltb/doc/2010/2010canlii25390/2010canlii25390.html,CEL-02480-10 (Re),2010 CanLII 25390 (ON LTB),en,CEL-02480-10,2010-04-07,rent — arrears — owing — tenancy — deposit,,2010onltb1000700,NA
onltb,2010canlii25309,https://canlii.ca/t/29q80,https://www.canlii.org/en/on/onltb/doc/2010/2010canlii25309/2010canlii25309.html,TNT-03652-10 (Re),2010 CanLII 25309 (ON LTB),en,TNT-03652-10,2010-04-07,apartment — property standard inspector — lock — safety devices — trustworthy evidence,,2010onltb1000698,NA
onltb,2010canlii25307,https://canlii.ca/t/29q7w,https://www.canlii.org/en/on/onltb/doc/2010/2010canlii25307/2010canlii25307.html,TNT-02141 (Re),2010 CanLII 25307 (ON LTB),en,TNT-02141,2010-04-07,rental unit — residential complex — parking — balcony — enjoyment,,2010onltb1000697,NA
onltb,2010canlii25306,https://canlii.ca/t/29q7x,https://www.canlii.org/en/on/onltb/doc/2010/2010canlii25306/2010canlii25306.html,TNT-03149-10 (Re),2010 CanLII 25306 (ON LTB),en,TNT-03149-10,2010-04-07,rental unit — water intrusion — tiles — residential complex — full amount owing,,2010onltb1000696,NA
onltb,2010canlii25276,https://canlii.ca/t/29q5c,https://www.canlii.org/en/on/onltb/doc/2010/2010canlii25276/2010canlii25276.html,TEL-02156-10-RV (Re),2010 CanLII 25276 (ON LTB),en,TEL-02156-10-RV,2010-04-07,eviction — tenancy — rent deposit — pay — owing,,2010onltb1000666,NA
onltb,2010canlii25250,https://canlii.ca/t/29q4h,https://www.canlii.org/en/on/onltb/doc/2010/2010canlii25250/2010canlii25250.html,SOT-03754-10 (Re),2010 CanLII 25250 (ON LTB),en,SOT-03754-10,2010-04-07,arising from this tenancy — settles — toll — enjoyment — accrue,,2010onltb1000640,NA
onltb,2010canlii25211,https://canlii.ca/t/29q36,https://www.canlii.org/en/on/onltb/doc/2010/2010canlii25211/2010canlii25211.html,EAT-05124-10 (Re),2010 CanLII 25211 (ON LTB),en,EAT-05124-10,2010-04-07,rental — mirror — work — pylons — tenancy,,2010onltb1000601,NA
onltb,2010canlii25191,https://canlii.ca/t/29q2j,https://www.canlii.org/en/on/onltb/doc/2010/2010canlii25191/2010canlii25191.html,EAL-04955-10-SA (Re),2010 CanLII 25191 (ON LTB),en,EAL-04955-10-SA,2010-04-07,issued — motion to set aside — evict — rent — toll,,2010onltb1000581,NA
onltb,2010canlii67978,https://canlii.ca/t/2dhbx,https://www.canlii.org/en/on/onltb/doc/2010/2010canlii67978/2010canlii67978.html,SWL-04389-09-RV (Re),2010 CanLII 67978 (ON LTB),en,SWL-04389-09-RV,2010-04-06,name removed — tenancy — rental unit — rent — eviction,,2010onltb1001907,NA
onltb,2010canlii25457,https://canlii.ca/t/29q7c,https://www.canlii.org/en/on/onltb/doc/2010/2010canlii25457/2010canlii25457.html,TEL-02806-10-RV (Re),2010 CanLII 25457 (ON LTB),en,TEL-02806-10-RV,2010-04-06,request to review — contractor — serious error — summonsed — rental,,2010onltb1000767,NA
onltb,2010canlii25456,https://canlii.ca/t/29q77,https://www.canlii.org/en/on/onltb/doc/2010/2010canlii25456/2010canlii25456.html,TEL-00159-09 (Re),2010 CanLII 25456 (ON LTB),en,TEL-00159-09,2010-04-06,eviction — tenancy — rent deposit — pay — owing,,2010onltb1000766,NA
onltb,2010canlii25446,https://canlii.ca/t/29q6x,https://www.canlii.org/en/on/onltb/doc/2010/2010canlii25446/2010canlii25446.html,TST-02809 (Re),2010 CanLII 25446 (ON LTB),en,TST-02809,2010-04-06,paint — mattress — unit — rent — abatement,,2010onltb1000756,NA
onltb,2010canlii25298,https://canlii.ca/t/29q7m,https://www.canlii.org/en/on/onltb/doc/2010/2010canlii25298/2010canlii25298.html,TET-02567-10 (Re),2010 CanLII 25298 (ON LTB),en,TET-02567-10,2010-04-06,rental unit — leaks — basement — mould — flood,,2010onltb1000688,NA
onltb,2010canlii25265,https://canlii.ca/t/29q4z,https://www.canlii.org/en/on/onltb/doc/2010/2010canlii25265/2010canlii25265.html,SWL-06686-10 (Re),2010 CanLII 25265 (ON LTB),en,SWL-06686-10,2010-04-06,eviction — tenancy — rent deposit — pay — owing,,2010onltb1000655,NA
onltb,2010canlii25251,https://canlii.ca/t/29q4j,https://www.canlii.org/en/on/onltb/doc/2010/2010canlii25251/2010canlii25251.html,SOT-02476-10 (Re),2010 CanLII 25251 (ON LTB),en,SOT-02476-10,2010-04-06,rental unit — residential complex — pictures — snow removal — stairs,,2010onltb1000641,NA
onltb,2010canlii25229,https://canlii.ca/t/29q3s,https://www.canlii.org/en/on/onltb/doc/2010/2010canlii25229/2010canlii25229.html,SOL-03363-10 (Re),2010 CanLII 25229 (ON LTB),en,SOL-03363-10,2010-04-06,rent — toll — charges — owe — credited,,2010onltb1000619,NA
onltb,2010canlii25227,https://canlii.ca/t/29q3q,https://www.canlii.org/en/on/onltb/doc/2010/2010canlii25227/2010canlii25227.html,NOT-01258-10 (Re),2010 CanLII 25227 (ON LTB),en,NOT-01258-10,2010-04-06,rental unit — interfered — residential complex — coerced — obstructed,,2010onltb1000617,NA
onltb,2010canlii25220,https://canlii.ca/t/29q3h,https://www.canlii.org/en/on/onltb/doc/2010/2010canlii25220/2010canlii25220.html,NOL-01390-10 (Re),2010 CanLII 25220 (ON LTB),en,NOL-01390-10,2010-04-06,wilfully caused undue damage — occupant of the rental unit — permitted at the residential complex — enraged — seriously impaired the safety,,2010onltb1000610,NA
onltb,2010canlii25219,https://canlii.ca/t/29q3g,https://www.canlii.org/en/on/onltb/doc/2010/2010canlii25219/2010canlii25219.html,NOL-01397-10 (Re),2010 CanLII 25219 (ON LTB),en,NOL-01397-10,2010-04-06,rent increase — representative — served — adjourn — evict,,2010onltb1000609,NA
onltb,2010canlii25192,https://canlii.ca/t/29q2k,https://www.canlii.org/en/on/onltb/doc/2010/2010canlii25192/2010canlii25192.html,EAL-05000-10 (Re),2010 CanLII 25192 (ON LTB),en,EAL-05000-10,2010-04-06,eviction — rental unit — tenancy — place to live — purpose of residential occupation,,2010onltb1000582,NA
onltb,2010canlii25259,https://canlii.ca/t/29q4s,https://www.canlii.org/en/on/onltb/doc/2010/2010canlii25259/2010canlii25259.html,SWL-05662-10 (Re),2010 CanLII 25259 (ON LTB),en,SWL-05662-10,2010-04-05,tenancy — rent deposit — eviction — unit — pay,,2010onltb1000649,NA
onltb,2010canlii25424,https://canlii.ca/t/29q67,https://www.canlii.org/en/on/onltb/doc/2010/2010canlii25424/2010canlii25424.html,TNL-03757-10 (Re),2010 CanLII 25424 (ON LTB),en,TNL-03757-10,2010-04-02,tenancy — rent deposit — pay — rental unit — termination,,2010onltb1000734,NA
onltb,2010canlii101041,https://canlii.ca/t/gl7q3,https://www.canlii.org/en/on/onltb/doc/2010/2010canlii101041/2010canlii101041.html,TEL-26028 (Re),2010 CanLII 101041 (ON LTB),en,TEL-26028,2010-04-01,name removed — occupant of the rental unit — rent-geared-to-income — tenancy — residential complex,,2010onltb1002350,NA
onltb,2010canlii65564,https://canlii.ca/t/2d8v9,https://www.canlii.org/en/on/onltb/doc/2010/2010canlii65564/2010canlii65564.html,SWL-06513-10-AM (Re),2010 CanLII 65564 (ON LTB),en,SWL-06513-10-AM,2010-04-01,tenancy — rent — non-voidable — rental unit — pay,,2010onltb1001792,NA
onltb,2010canlii25426,https://canlii.ca/t/29q69,https://www.canlii.org/en/on/onltb/doc/2010/2010canlii25426/2010canlii25426.html,TNL-32772 (Re),2010 CanLII 25426 (ON LTB),en,TNL-32772,2010-04-01,eviction — unit — rent deposit — persistently — tenancy,,2010onltb1000736,NA
onltb,2010canlii25413,https://canlii.ca/t/29q5w,https://www.canlii.org/en/on/onltb/doc/2010/2010canlii25413/2010canlii25413.html,TNL-03015-10 (Re),2010 CanLII 25413 (ON LTB),en,TNL-03015-10,2010-04-01,tenancy — unit — evict — settles — toll,,2010onltb1000723,NA
onltb,2010canlii25408,https://canlii.ca/t/29q2f,https://www.canlii.org/en/on/onltb/doc/2010/2010canlii25408/2010canlii25408.html,CEL-21768 (Re),2010 CanLII 25408 (ON LTB),en,CEL-21768,2010-04-01,weighted useful life for capital — total percentage increase set — useful life for capital expenditures — guideline — landlord,,2010onltb1000718,NA
onltb,2010canlii25297,https://canlii.ca/t/29q7k,https://www.canlii.org/en/on/onltb/doc/2010/2010canlii25297/2010canlii25297.html,TEL-02922-10 (Re),2010 CanLII 25297 (ON LTB),en,TEL-02922-10,2010-04-01,tenancy — rent deposit — eviction — owing — pay,,2010onltb1000687,NA
onltb,2010canlii25288,https://canlii.ca/t/29q7b,https://www.canlii.org/en/on/onltb/doc/2010/2010canlii25288/2010canlii25288.html,TEL-02667-10 (Re),2010 CanLII 25288 (ON LTB),en,TEL-02667-10,2010-04-01,occupant of the rental unit — reasonable enjoyment — permitted in the residential complex — circuit — unplugging,,2010onltb1000678,NA
onltb,2010canlii25277,https://canlii.ca/t/29q5f,https://www.canlii.org/en/on/onltb/doc/2010/2010canlii25277/2010canlii25277.html,TEL-03334-10 (Re),2010 CanLII 25277 (ON LTB),en,TEL-03334-10,2010-04-01,guests — rental unit — tenancy — eviction — smoke in the unit,,2010onltb1000667,NA
onltb,2010canlii25275,https://canlii.ca/t/29q58,https://www.canlii.org/en/on/onltb/doc/2010/2010canlii25275/2010canlii25275.html,SWT-06578-10 (Re),2010 CanLII 25275 (ON LTB),en,SWT-06578-10,2010-04-01,enjoyment of the rental unit — change the locks — television — prior to commencement — reasonable enjoyment of the rental,,2010onltb1000665,NA
onltb,2010canlii25254,https://canlii.ca/t/29q4m,https://www.canlii.org/en/on/onltb/doc/2010/2010canlii25254/2010canlii25254.html,SOT-03794-10 (Re),2010 CanLII 25254 (ON LTB),en,SOT-03794-10,2010-04-01,toll — maintenance — application — housing — withdrawal,,2010onltb1000644,NA
onltb,2010canlii25231,https://canlii.ca/t/29q3v,https://www.canlii.org/en/on/onltb/doc/2010/2010canlii25231/2010canlii25231.html,SOL-03398-10 (Re),2010 CanLII 25231 (ON LTB),en,SOL-03398-10; SOT-03759-10,2010-04-01,rental unit — tenancy — eviction — interfered — agrees,,2010onltb1000621,NA
onltb,2010canlii25217,https://canlii.ca/t/29q3d,https://www.canlii.org/en/on/onltb/doc/2010/2010canlii25217/2010canlii25217.html,NOL-01379-10-SA (Re),2010 CanLII 25217 (ON LTB),en,NOL-01379-10-SA,2010-04-01,terminate the tenancy — motion to set aside — evict — issued — toll,,2010onltb1000607,NA
onltb,2010canlii25215,https://canlii.ca/t/29q3b,https://www.canlii.org/en/on/onltb/doc/2010/2010canlii25215/2010canlii25215.html,NOL-01328-10 (Re),2010 CanLII 25215 (ON LTB),en,NOL-01328-10,2010-04-01,eviction — tenancy — rent deposit — cheque charges — pay,,2010onltb1000605,NA
onltb,2010canlii18590,https://canlii.ca/t/29bg6,https://www.canlii.org/en/on/onltb/doc/2010/2010canlii18590/2010canlii18590.html,EAL-05209-10 (Re),2010 CanLII 18590 (ON LTB),en,EAL-05209-10,2010-04-01,tenancy — lawful monthly rent — eviction — pay — arrears,,2010onltb1000422,NA
onltb,2010canlii25405,https://canlii.ca/t/29q2b,https://www.canlii.org/en/on/onltb/doc/2010/2010canlii25405/2010canlii25405.html,CET-02263-10 (Re),2010 CanLII 25405 (ON LTB),en,CET-02263-10,2010-03-31,laundry — park behind the school bus — interfered with the reasonable enjoyment — alarm — parking,,2010onltb1000715,NA
onltb,2010canlii18732,https://canlii.ca/t/29bm1,https://www.canlii.org/en/on/onltb/doc/2010/2010canlii18732/2010canlii18732.html,TSL-29054 (Re),2010 CanLII 18732 (ON LTB),en,TSL-29054,2010-03-31,terminate the tenancy — application — rental unit — evidence — dog,,2010onltb1000564,NA
onltb,2010canlii18672,https://canlii.ca/t/29bjw,https://www.canlii.org/en/on/onltb/doc/2010/2010canlii18672/2010canlii18672.html,TEL-02026-09 (Re),2010 CanLII 18672 (ON LTB),en,TEL-02026-09; TET-02187-10,2010-03-31,washing machine — rental unit — cockroaches — beginning of the tenancy — garage door,,2010onltb1000504,NA
onltb,2010canlii18664,https://canlii.ca/t/29bjm,https://www.canlii.org/en/on/onltb/doc/2010/2010canlii18664/2010canlii18664.html,SWT-05457-10 (Re),2010 CanLII 18664 (ON LTB),en,SWT-01735-09; SWT-05457-10,2010-03-31,rent deposit — vacated the rental unit — tenancy — name removed — diem,,2010onltb1000496,NA
onltb,2010canlii18646,https://canlii.ca/t/29bj2,https://www.canlii.org/en/on/onltb/doc/2010/2010canlii18646/2010canlii18646.html,SWL-03858-09-RV (Re),2010 CanLII 18646 (ON LTB),en,SWL-03858-09-RV,2010-03-31,application — properly served with notice — evict — cancelled — review,,2010onltb1000478,NA
onltb,2010canlii18637,https://canlii.ca/t/29bhq,https://www.canlii.org/en/on/onltb/doc/2010/2010canlii18637/2010canlii18637.html,SOT-03024-10 (Re),2010 CanLII 18637 (ON LTB),en,SOT-03024-10,2010-03-31,application — toll — heard — enjoyment — interfered,,2010onltb1000469,NA
onltb,2010canlii18634,https://canlii.ca/t/29bhm,https://www.canlii.org/en/on/onltb/doc/2010/2010canlii18634/2010canlii18634.html,SOL-03166-10 (Re),2010 CanLII 18634 (ON LTB),en,SOL-03166-10,2010-03-31,outstanding arrears of rent — failed — mediated settlement — tenancy — representative,,2010onltb1000466,NA
onltb,2010canlii18587,https://canlii.ca/t/29bg2,https://www.canlii.org/en/on/onltb/doc/2010/2010canlii18587/2010canlii18587.html,EAL-04523-10 (Re),2010 CanLII 18587 (ON LTB),en,EAL-04523-10,2010-03-31,evict — rent — toll — charges — owe,,2010onltb1000419,NA
onltb,2010canlii18739,https://canlii.ca/t/29bm6,https://www.canlii.org/en/on/onltb/doc/2010/2010canlii18739/2010canlii18739.html,TSL-29423-RV (Re),2010 CanLII 18739 (ON LTB),en,TSL-29423-RV,2010-03-30,must pay — eviction — continue the tenancy — owing — application,,2010onltb1000571,NA
onltb,2010canlii18641,https://canlii.ca/t/29bhv,https://www.canlii.org/en/on/onltb/doc/2010/2010canlii18641/2010canlii18641.html,SOT-03628-10 (Re),2010 CanLII 18641 (ON LTB),en,SOT-03628-10; SOL-03946-10,2010-03-30,rental unit — tenancy — vacated — eviction may be enforced — directed to give vacant possession,,2010onltb1000473,NA
onltb,2010canlii18563,https://canlii.ca/t/29bf9,https://www.canlii.org/en/on/onltb/doc/2010/2010canlii18563/2010canlii18563.html,CEL-02513-10 (Re),2010 CanLII 18563 (ON LTB),en,CEL-02513-10,2010-03-30,tenancy — must pay — eviction — rent — owing,,2010onltb1000395,NA
onltb,2010canlii18562,https://canlii.ca/t/29bf7,https://www.canlii.org/en/on/onltb/doc/2010/2010canlii18562/2010canlii18562.html,CEL-02439-10 (Re),2010 CanLII 18562 (ON LTB),en,CEL-02439-10,2010-03-30,tenancy — rent deposit — owing — must pay — eviction,,2010onltb1000394,NA
onltb,2010canlii18561,https://canlii.ca/t/29bf6,https://www.canlii.org/en/on/onltb/doc/2010/2010canlii18561/2010canlii18561.html,CEL-02418-10 (Re),2010 CanLII 18561 (ON LTB),en,CEL-02418-10,2010-03-30,rent deposit — eviction — must pay — continue the tenancy — owing,,2010onltb1000393,NA
onltb,2010canlii18557,https://canlii.ca/t/29bf2,https://www.canlii.org/en/on/onltb/doc/2010/2010canlii18557/2010canlii18557.html,CEL-02371-10 (Re),2010 CanLII 18557 (ON LTB),en,CEL-02371-10,2010-03-30,internet services at all times — rent — abatement — rental unit without giving — complex,,2010onltb1000389,NA
onltb,2010canlii18667,https://canlii.ca/t/29bjs,https://www.canlii.org/en/on/onltb/doc/2010/2010canlii18667/2010canlii18667.html,SWT-06537-10 (Re),2010 CanLII 18667 (ON LTB),en,SWT-06537-10,2010-03-29,tenancy — interfered — card — rental — rent,,2010onltb1000499,NA
onltb,2010canlii18635,https://canlii.ca/t/29bhn,https://www.canlii.org/en/on/onltb/doc/2010/2010canlii18635/2010canlii18635.html,SOL-03201-10 (Re),2010 CanLII 18635 (ON LTB),en,SOL-03201-10,2010-03-29,eviction — rental unit — rent — notice to terminate the tenancy — sign,,2010onltb1000467,NA
onltb,2010canlii18612,https://canlii.ca/t/29bgx,https://www.canlii.org/en/on/onltb/doc/2010/2010canlii18612/2010canlii18612.html,NOT-01163-10 (Re),2010 CanLII 18612 (ON LTB),en,NOT-01163-10,2010-03-29,tenancy — contract — rental unit keys — money paid as a deposit — occupancy,,2010onltb1000444,NA
onltb,2010canlii18745,https://canlii.ca/t/29bmf,https://www.canlii.org/en/on/onltb/doc/2010/2010canlii18745/2010canlii18745.html,TST-02554 (Re),2010 CanLII 18745 (ON LTB),en,TST-02554; TST-02575,2010-03-26,rental unit — basement — bathroom — residential complex — showings,,2010onltb1000577,NA
onltb,2010canlii18734,https://canlii.ca/t/29blx,https://www.canlii.org/en/on/onltb/doc/2010/2010canlii18734/2010canlii18734.html,TSL-20332 (Re),2010 CanLII 18734 (ON LTB),en,TSL-20332; TST-02206; TST-02945,2010-03-26,rent — male — rental unit — reasonable enjoyment — water,,2010onltb1000566,NA
onltb,2010canlii18721,https://canlii.ca/t/29blk,https://www.canlii.org/en/on/onltb/doc/2010/2010canlii18721/2010canlii18721.html,TNT-01978 (Re),2010 CanLII 18721 (ON LTB),en,TNT-01978,2010-03-26,meeting — laundry room — peep hole of his door — slammed — mop,,2010onltb1000553,NA
onltb,2010canlii18712,https://canlii.ca/t/29blb,https://www.canlii.org/en/on/onltb/doc/2010/2010canlii18712/2010canlii18712.html,TNL-32579 (Re),2010 CanLII 18712 (ON LTB),en,TNL-32579,2010-03-26,cheque charges — owing — pay — rent — owe,,2010onltb1000544,NA
onltb,2010canlii18696,https://canlii.ca/t/29bks,https://www.canlii.org/en/on/onltb/doc/2010/2010canlii18696/2010canlii18696.html,TET-02979-10 (Re),2010 CanLII 18696 (ON LTB),en,TET-02979-10,2010-03-26,farmer — forfeiture — money exchanges hands — sweeten — acres,,2010onltb1000528,NA
onltb,2010canlii18673,https://canlii.ca/t/29bk0,https://www.canlii.org/en/on/onltb/doc/2010/2010canlii18673/2010canlii18673.html,TEL-02712-10-RV (Re),2010 CanLII 18673 (ON LTB),en,TEL-02712-10-RV,2010-03-26,mediated — evict — toll — tenancy — owes,,2010onltb1000505,NA
onltb,2010canlii18632,https://canlii.ca/t/29bhk,https://www.canlii.org/en/on/onltb/doc/2010/2010canlii18632/2010canlii18632.html,SOL-03188-10 (Re),2010 CanLII 18632 (ON LTB),en,SOL-03188-10,2010-03-26,terminate the tenancy — evict — rental unit — tenancy for non-payment of rent — landlord,,2010onltb1000464,NA
onltb,2010canlii18619,https://canlii.ca/t/29bh4,https://www.canlii.org/en/on/onltb/doc/2010/2010canlii18619/2010canlii18619.html,SOL-01922-09 (Re),2010 CanLII 18619 (ON LTB),en,SOL-01922-09,2010-03-26,tenancy — eviction — rental unit — rent deposit — basement,,2010onltb1000451,NA
onltb,2010canlii18591,https://canlii.ca/t/29bg5,https://www.canlii.org/en/on/onltb/doc/2010/2010canlii18591/2010canlii18591.html,EAL-04784-10 (Re),2010 CanLII 18591 (ON LTB),en,EAL-04784-10,2010-03-26,rent deposit — rental unit — illegal drug — eviction — tenancy,,2010onltb1000423,NA
onltb,2010canlii18580,https://canlii.ca/t/29bfr,https://www.canlii.org/en/on/onltb/doc/2010/2010canlii18580/2010canlii18580.html,EAL-02780-09-RV (Re),2010 CanLII 18580 (ON LTB),en,EAL-02780-09-RV,2010-03-26,evict — terminate the tenancy — entire amount owing — rent — persistently,,2010onltb1000412,NA
onltb,2010canlii18564,https://canlii.ca/t/29bf8,https://www.canlii.org/en/on/onltb/doc/2010/2010canlii18564/2010canlii18564.html,CEL-21684-RV (Re),2010 CanLII 18564 (ON LTB),en,CEL-21684-RV,2010-03-26,rent arrears — vacated the rental unit — notice of termination — owes — deposit,,2010onltb1000396,NA
onltb,2010canlii18558,https://canlii.ca/t/29bf3,https://www.canlii.org/en/on/onltb/doc/2010/2010canlii18558/2010canlii18558.html,CEL-02377-10 (Re),2010 CanLII 18558 (ON LTB),en,CEL-02377-10,2010-03-26,permitted in the residential complex — enjoyment — occupant — interfered — unit,,2010onltb1000390,NA
onltb,2010canlii18740,https://canlii.ca/t/29bm9,https://www.canlii.org/en/on/onltb/doc/2010/2010canlii18740/2010canlii18740.html,TSL-30046 (Re),2010 CanLII 18740 (ON LTB),en,TSL-30046,2010-03-25,evict — toll — application — call — tenancy,,2010onltb1000572,NA
onltb,2010canlii18728,https://canlii.ca/t/29blw,https://www.canlii.org/en/on/onltb/doc/2010/2010canlii18728/2010canlii18728.html,TSL-27596 (Re),2010 CanLII 18728 (ON LTB),en,TSL-27596; TSL-28043; TST-02917; TST-03052; TST-01669-09,2010-03-25,rental unit — rent — tenancy — evict — residential,,2010onltb1000560,NA
onltb,2010canlii18719,https://canlii.ca/t/29bll,https://www.canlii.org/en/on/onltb/doc/2010/2010canlii18719/2010canlii18719.html,TNT-02133 (Re),2010 CanLII 18719 (ON LTB),en,TNT-02133,2010-03-25,rent — access to the rental unit — lock-out period — latch — basement,,2010onltb1000551,NA
onltb,2010canlii18661,https://canlii.ca/t/29bjj,https://www.canlii.org/en/on/onltb/doc/2010/2010canlii18661/2010canlii18661.html,SWL-06439-10 (Re),2010 CanLII 18661 (ON LTB),en,SWL-06439-10,2010-03-25,rent — tenancy — owing — evicting — interest,,2010onltb1000493,NA
onltb,2010canlii18658,https://canlii.ca/t/29bjh,https://www.canlii.org/en/on/onltb/doc/2010/2010canlii18658/2010canlii18658.html,SWL-06679-10-SA (Re),2010 CanLII 18658 (ON LTB),en,SWL-06679-10-SA,2010-03-25,missed — issued — set aside — evict — toll,,2010onltb1000490,NA
onltb,2010canlii18638,https://canlii.ca/t/29bhr,https://www.canlii.org/en/on/onltb/doc/2010/2010canlii18638/2010canlii18638.html,SOT-02949-10 (Re),2010 CanLII 18638 (ON LTB),en,SOT-02949-10,2010-03-25,deposit — rent the unit — tenancy — prospective — collected,,2010onltb1000470,NA
onltb,2010canlii18598,https://canlii.ca/t/29bgd,https://www.canlii.org/en/on/onltb/doc/2010/2010canlii18598/2010canlii18598.html,EAT-03948-10 (Re),2010 CanLII 18598 (ON LTB),en,EAT-03948-10,2010-03-25,tenancy — retained — toll — month-to-month — illegally,,2010onltb1000430,NA
onltb,2010canlii18733,https://canlii.ca/t/29bm2,https://www.canlii.org/en/on/onltb/doc/2010/2010canlii18733/2010canlii18733.html,TSL-29227 (Re),2010 CanLII 18733 (ON LTB),en,TSL-29227,2010-03-24,rental unit — residential — premises — superintendent — damage,,2010onltb1000565,NA
onltb,2010canlii18713,https://canlii.ca/t/29bld,https://www.canlii.org/en/on/onltb/doc/2010/2010canlii18713/2010canlii18713.html,TNL-32775-SA (Re),2010 CanLII 18713 (ON LTB),en,TNL-32775-SA,2010-03-24,terminate the tenancy — owes — mediated agreement — parte — set aside,,2010onltb1000545,NA
onltb,2010canlii18701,https://canlii.ca/t/29bl0,https://www.canlii.org/en/on/onltb/doc/2010/2010canlii18701/2010canlii18701.html,TNL-31422 (Re),2010 CanLII 18701 (ON LTB),en,TNL-31422; TNL-32186-RV,2010-03-24,tenancy — evict — rent — unit — terminate,,2010onltb1000533,NA
onltb,2010canlii18694,https://canlii.ca/t/29bkq,https://www.canlii.org/en/on/onltb/doc/2010/2010canlii18694/2010canlii18694.html,TET-02997-10 (Re),2010 CanLII 18694 (ON LTB),en,TET-02997-10,2010-03-24,interfered with the reasonable — supply — coerced — obstructed — toll,,2010onltb1000526,NA
onltb,2010canlii18692,https://canlii.ca/t/29bkn,https://www.canlii.org/en/on/onltb/doc/2010/2010canlii18692/2010canlii18692.html,TET-02713-10 (Re),2010 CanLII 18692 (ON LTB),en,TET-02713-10,2010-03-24,tenets — toll — maintenance — judicata — res,,2010onltb1000524,NA
onltb,2010canlii18629,https://canlii.ca/t/29bhg,https://www.canlii.org/en/on/onltb/doc/2010/2010canlii18629/2010canlii18629.html,SOL-02658-10 (Re),2010 CanLII 18629 (ON LTB),en,SOL-02658-10,2010-03-24,arrears — rent — tenancy — partial filing fee — evicting,,2010onltb1000461,NA
onltb,2010canlii18603,https://canlii.ca/t/29bgl,https://www.canlii.org/en/on/onltb/doc/2010/2010canlii18603/2010canlii18603.html,NOL-01139-10 (Re),2010 CanLII 18603 (ON LTB),en,NOL-01139-10,2010-03-24,rent deposit — rental unit — tenancy — owing — pay,,2010onltb1000435,NA
onltb,2010canlii18597,https://canlii.ca/t/29bgf,https://www.canlii.org/en/on/onltb/doc/2010/2010canlii18597/2010canlii18597.html,EAL-04735-10 (Re),2010 CanLII 18597 (ON LTB),en,EAL-04735-10,2010-03-24,eviction — unit — tenancy — owes — pay,,2010onltb1000429,NA
onltb,2010canlii67973,https://canlii.ca/t/2dhb2,https://www.canlii.org/en/on/onltb/doc/2010/2010canlii67973/2010canlii67973.html,TEL-28063 (Re),2010 CanLII 67973 (ON LTB),en,TEL-28063,2010-03-23,name removed — residential complex — tenancy agreement — occupy a rental unit — landlord,,2010onltb1001902,NA
onltb,2010canlii67971,https://canlii.ca/t/2dh9h,https://www.canlii.org/en/on/onltb/doc/2010/2010canlii67971/2010canlii67971.html,TEL-27786-AM (Re),2010 CanLII 67971 (ON LTB),en,TEL-27786-AM,2010-03-23,smoke detector — name removed — rental unit — space heaters — fuses,,2010onltb1001900,NA
onltb,2010canlii18741,https://canlii.ca/t/29bmb,https://www.canlii.org/en/on/onltb/doc/2010/2010canlii18741/2010canlii18741.html,TSL-30029 (Re),2010 CanLII 18741 (ON LTB),en,TSL-30029,2010-03-23,rent deposit — owing — tenancy — unit — pay,,2010onltb1000573,NA
onltb,2010canlii18708,https://canlii.ca/t/29bl5,https://www.canlii.org/en/on/onltb/doc/2010/2010canlii18708/2010canlii18708.html,TNL-32156 (Re),2010 CanLII 18708 (ON LTB),en,TNL-32156; TNL-02841-10,2010-03-23,unit — tenancy — evict — compensation — starting,,2010onltb1000540,NA
onltb,2010canlii18675,https://canlii.ca/t/29bk1,https://www.canlii.org/en/on/onltb/doc/2010/2010canlii18675/2010canlii18675.html,TEL-02827-10 (Re),2010 CanLII 18675 (ON LTB),en,TEL-02827-10,2010-03-23,eviction — unit — rent deposit — persistently — owe,,2010onltb1000507,NA
onltb,2010canlii18670,https://canlii.ca/t/29bjx,https://www.canlii.org/en/on/onltb/doc/2010/2010canlii18670/2010canlii18670.html,TEL-02425-10-RV (Re),2010 CanLII 18670 (ON LTB),en,TEL-02425-10-RV,2010-03-23,review — evict — rehear — coerced — toll,,2010onltb1000502,NA
onltb,2010canlii18657,https://canlii.ca/t/29bjg,https://www.canlii.org/en/on/onltb/doc/2010/2010canlii18657/2010canlii18657.html,SWL-06315-10 (Re),2010 CanLII 18657 (ON LTB),en,SWL-06315-10,2010-03-23,evict — rent — persistently — toll — applications,,2010onltb1000489,NA
onltb,2010canlii18624,https://canlii.ca/t/29bhb,https://www.canlii.org/en/on/onltb/doc/2010/2010canlii18624/2010canlii18624.html,SOL-02729-10-RV (Re),2010 CanLII 18624 (ON LTB),en,SOL-02729-10-RV,2010-03-23,tenancy — occupant of the rental unit — eviction — vacate — illegal,,2010onltb1000456,NA
onltb,2010canlii18554,https://canlii.ca/t/29bdz,https://www.canlii.org/en/on/onltb/doc/2010/2010canlii18554/2010canlii18554.html,CEL-02357-10-SA (Re),2010 CanLII 18554 (ON LTB),en,CEL-02357-10-SA,2010-03-23,arrears of rent — mediated settlement — evict — tenancy — specified in the settlement,,2010onltb1000386,NA
onltb,2010canlii101052,https://canlii.ca/t/gl7r9,https://www.canlii.org/en/on/onltb/doc/2010/2010canlii101052/2010canlii101052.html,TEL-28063 (Re),2010 CanLII 101052 (ON LTB),en,TEL-28063,2010-03-22,name removed — residential complex — tenancy agreement — occupy a rental unit — landlord,,2010onltb1002360,NA
onltb,2010canlii67965,https://canlii.ca/t/2dh8p,https://www.canlii.org/en/on/onltb/doc/2010/2010canlii67965/2010canlii67965.html,TSL-29326 (Re),2010 CanLII 67965 (ON LTB),en,TSL-29326,2010-03-22,pit bulls — dogs — interfered with the reasonable enjoyment — residential complex — name removed,,2010onltb1001894,NA
onltb,2010canlii44204,https://canlii.ca/t/2bxcv,https://www.canlii.org/en/on/onltb/doc/2010/2010canlii44204/2010canlii44204.html,TEL-02846-10-RV (Re),2010 CanLII 44204 (ON LTB),en,TEL-02846-10-RV; TET-04972-10,2010-03-22,eviction — rental unit — review — locking — arrears,,2010onltb1000988,NA
onltb,2010canlii18743,https://canlii.ca/t/29bmd,https://www.canlii.org/en/on/onltb/doc/2010/2010canlii18743/2010canlii18743.html,TST-02617-RV (Re),2010 CanLII 18743 (ON LTB),en,TST-02617-RV,2010-03-22,basement tenant — recess — heaped — application,,2010onltb1000575,NA
onltb,2010canlii18717,https://canlii.ca/t/29blc,https://www.canlii.org/en/on/onltb/doc/2010/2010canlii18717/2010canlii18717.html,TNT-02226 (Re),2010 CanLII 18717 (ON LTB),en,TNT-02226; TNL-32724,2010-03-22,rental unit — last month rent deposit — mould problem — painted — maintenance,,2010onltb1000549,NA
onltb,2010canlii18702,https://canlii.ca/t/29bkx,https://www.canlii.org/en/on/onltb/doc/2010/2010canlii18702/2010canlii18702.html,TNL-30965 (Re),2010 CanLII 18702 (ON LTB),en,TNL-30965,2010-03-22,rental unit — rent deposit — owing — abatement — pay,,2010onltb1000534,NA
onltb,2010canlii18700,https://canlii.ca/t/29bkz,https://www.canlii.org/en/on/onltb/doc/2010/2010canlii18700/2010canlii18700.html,TNL-31276 (Re),2010 CanLII 18700 (ON LTB),en,TNL-31276,2010-03-22,lock — rent — arrears — changed — theft,,2010onltb1000532,NA
onltb,2010canlii18691,https://canlii.ca/t/29bkl,https://www.canlii.org/en/on/onltb/doc/2010/2010canlii18691/2010canlii18691.html,TET-02328-10 (Re),2010 CanLII 18691 (ON LTB),en,TET-02328-10,2010-03-22,rental unit — tenancy — roommates — possessions — house,,2010onltb1000523,NA
onltb,2010canlii18666,https://canlii.ca/t/29bjr,https://www.canlii.org/en/on/onltb/doc/2010/2010canlii18666/2010canlii18666.html,TEL-01494-09-RO (Re),2010 CanLII 18666 (ON LTB),en,TEL-01494-09-RO,2010-03-22,unit — mediated — eviction — tenancy — rental,,2010onltb1000498,NA
onltb,2010canlii18659,https://canlii.ca/t/29bjk,https://www.canlii.org/en/on/onltb/doc/2010/2010canlii18659/2010canlii18659.html,SWL-06858-10 (Re),2010 CanLII 18659 (ON LTB),en,SWL-06858-10,2010-03-22,unit — terminate the tenancy — non-voidable — eviction — resolves,,2010onltb1000491,NA
onltb,2010canlii18649,https://canlii.ca/t/29bj7,https://www.canlii.org/en/on/onltb/doc/2010/2010canlii18649/2010canlii18649.html,SOT-02938-10 (Re),2010 CanLII 18649 (ON LTB),en,SOT-02938-10,2010-03-22,rental unit — harassment — late in paying the rent — terminate a tenancy early — served,,2010onltb1000481,NA
onltb,2010canlii18582,https://canlii.ca/t/29bfw,https://www.canlii.org/en/on/onltb/doc/2010/2010canlii18582/2010canlii18582.html,EAL-04377-10 (Re),2010 CanLII 18582 (ON LTB),en,EAL-04377-10,2010-03-22,eviction — unit — tenancy — owes — toll,,2010onltb1000414,NA
onltb,2010canlii18573,https://canlii.ca/t/29bfl,https://www.canlii.org/en/on/onltb/doc/2010/2010canlii18573/2010canlii18573.html,CET-01899-10 (Re),2010 CanLII 18573 (ON LTB),en,CET-01899-10,2010-03-22,tenancy — interfered with the reasonable — supply — satisfaction — cheque the gave,,2010onltb1000405,NA
onltb,2010canlii18716,https://canlii.ca/t/29blh,https://www.canlii.org/en/on/onltb/doc/2010/2010canlii18716/2010canlii18716.html,TNL-32793 (Re),2010 CanLII 18716 (ON LTB),en,TNL-32793,2010-03-19,eviction — tenancy — rent deposit — pay — owing,,2010onltb1000548,NA
onltb,2010canlii18715,https://canlii.ca/t/29blg,https://www.canlii.org/en/on/onltb/doc/2010/2010canlii18715/2010canlii18715.html,TNL-32784 (Re),2010 CanLII 18715 (ON LTB),en,TNL-32784,2010-03-19,eviction — must pay — continue the tenancy — owing — unit,,2010onltb1000547,NA
onltb,2010canlii18679,https://canlii.ca/t/29bk5,https://www.canlii.org/en/on/onltb/doc/2010/2010canlii18679/2010canlii18679.html,TEL-02902-10 (Re),2010 CanLII 18679 (ON LTB),en,TEL-02902-10,2010-03-19,eviction — occupants of the rental unit — notice to terminate the tenancy — enter into a tenancy agreement — live,,2010onltb1000511,NA
onltb,2010canlii18615,https://canlii.ca/t/29bh0,https://www.canlii.org/en/on/onltb/doc/2010/2010canlii18615/2010canlii18615.html,NOT-01012-10 (Re),2010 CanLII 18615 (ON LTB),en,NOT-01012-10,2010-03-19,residential complex — trailer — interfered with the reasonable — water supply line — porch,,2010onltb1000447,NA
onltb,2010canlii18614,https://canlii.ca/t/29bgz,https://www.canlii.org/en/on/onltb/doc/2010/2010canlii18614/2010canlii18614.html,NOT-01151-10 (Re),2010 CanLII 18614 (ON LTB),en,NOT-01151-10,2010-03-19,rental unit — residential complex — locking system — roaches — rent,,2010onltb1000446,NA
onltb,2010canlii18585,https://canlii.ca/t/29bg0,https://www.canlii.org/en/on/onltb/doc/2010/2010canlii18585/2010canlii18585.html,EAL-04438-10 (Re),2010 CanLII 18585 (ON LTB),en,EAL-04438-10,2010-03-19,occupant of the rental unit — enjoyment — tenancy — evicting — residential,,2010onltb1000417,NA
onltb,2010canlii18565,https://canlii.ca/t/29bfb,https://www.canlii.org/en/on/onltb/doc/2010/2010canlii18565/2010canlii18565.html,CEL-23258 (Re),2010 CanLII 18565 (ON LTB),en,CEL-23258,2010-03-19,towards the outstanding balance — pay — rent — owe — tenancy,,2010onltb1000397,NA
onltb,2010canlii18560,https://canlii.ca/t/29bf5,https://www.canlii.org/en/on/onltb/doc/2010/2010canlii18560/2010canlii18560.html,CEL-02456-10 (Re),2010 CanLII 18560 (ON LTB),en,CEL-02456-10,2010-03-19,occupant of the rental unit — permitted in the residential complex — evict — identify the rental unit — toll,,2010onltb1000392,NA
onltb,2010canlii18647,https://canlii.ca/t/29bj0,https://www.canlii.org/en/on/onltb/doc/2010/2010canlii18647/2010canlii18647.html,SOL-03137-10-SA (Re),2010 CanLII 18647 (ON LTB),en,SOL-03137-10-SA; SOL-03137-10,2010-03-18,rent deposit — mediated settlement — owing — eviction — arrears of rent,,2010onltb1000479,NA
onltb,2010canlii18642,https://canlii.ca/t/29bhw,https://www.canlii.org/en/on/onltb/doc/2010/2010canlii18642/2010canlii18642.html,SWL-00468-09 (Re),2010 CanLII 18642 (ON LTB),en,SWL-00468-09,2010-03-18,rent deposit — mediated — owing — request to re-open — pay,,2010onltb1000474,NA
onltb,2010canlii18639,https://canlii.ca/t/29bht,https://www.canlii.org/en/on/onltb/doc/2010/2010canlii18639/2010canlii18639.html,SOT-03322-10 (Re),2010 CanLII 18639 (ON LTB),en,SOT-03322-10,2010-03-18,interfered with the reasonable — applied for an order determining — supply — rental unit — toll,,2010onltb1000471,NA
onltb,2010canlii18630,https://canlii.ca/t/29bhh,https://www.canlii.org/en/on/onltb/doc/2010/2010canlii18630/2010canlii18630.html,SOL-03163-10 (Re),2010 CanLII 18630 (ON LTB),en,SOL-03163-10,2010-03-18,possession of the rental unit — purpose of residential occupation — terminate the tenancy — child — evict,,2010onltb1000462,NA
onltb,2010canlii18610,https://canlii.ca/t/29bgt,https://www.canlii.org/en/on/onltb/doc/2010/2010canlii18610/2010canlii18610.html,NOL-01318-10 (Re),2010 CanLII 18610 (ON LTB),en,NOL-01318-10,2010-03-18,eviction — tenancy — pay — unit — owing,,2010onltb1000442,NA
onltb,2010canlii18609,https://canlii.ca/t/29bgs,https://www.canlii.org/en/on/onltb/doc/2010/2010canlii18609/2010canlii18609.html,NOL-01311-10 (Re),2010 CanLII 18609 (ON LTB),en,NOL-01311-10,2010-03-18,rent — owe — date the application — pay — evict,,2010onltb1000441,NA
onltb,2010canlii18589,https://canlii.ca/t/29bg4,https://www.canlii.org/en/on/onltb/doc/2010/2010canlii18589/2010canlii18589.html,EAL-04543-10-SA (Re),2010 CanLII 18589 (ON LTB),en,EAL-04543-10-SA,2010-03-18,owe — tenancy — evicting — issued — set aside,,2010onltb1000421,NA
onltb,2010canlii101039,https://canlii.ca/t/gl7q6,https://www.canlii.org/en/on/onltb/doc/2010/2010canlii101039/2010canlii101039.html,TEL-28561 (Re),2010 CanLII 101039 (ON LTB),en,TEL-28561,2010-03-17,name removed — rental unit — tenancy — occupancy — unauthorized,,2010onltb1002348,NA
onltb,2010canlii18727,https://canlii.ca/t/29blv,https://www.canlii.org/en/on/onltb/doc/2010/2010canlii18727/2010canlii18727.html,TSL-28101 (Re),2010 CanLII 18727 (ON LTB),en,TSL-28101; TSL-29738,2010-03-17,evict — rental unit — rent — terminate the tenancy — application,,2010onltb1000559,NA
onltb,2010canlii18725,https://canlii.ca/t/29blr,https://www.canlii.org/en/on/onltb/doc/2010/2010canlii18725/2010canlii18725.html,TSL-18779-RV (Re),2010 CanLII 18725 (ON LTB),en,TSL-18779-RV,2010-03-17,eviction — must pay — continue the tenancy — owing — unit,,2010onltb1000557,NA
onltb,2010canlii18723,https://canlii.ca/t/29blq,https://www.canlii.org/en/on/onltb/doc/2010/2010canlii18723/2010canlii18723.html,TNT-02235 (Re),2010 CanLII 18723 (ON LTB),en,TNT-02235,2010-03-17,leaks — enjoyment of the rental unit — heating units — abatement — residential complex,,2010onltb1000555,NA
onltb,2010canlii18722,https://canlii.ca/t/29blp,https://www.canlii.org/en/on/onltb/doc/2010/2010canlii18722/2010canlii18722.html,TNT-02251 (Re),2010 CanLII 18722 (ON LTB),en,TNT-02251,2010-03-17,refund the rent deposit — rental unit — refused — laundry facilities — called,,2010onltb1000554,NA
onltb,2010canlii18676,https://canlii.ca/t/29bk2,https://www.canlii.org/en/on/onltb/doc/2010/2010canlii18676/2010canlii18676.html,TEL-02670-10 (Re),2010 CanLII 18676 (ON LTB),en,TEL-02670-10,2010-03-17,tenancy — rent deposit — eviction — owing — unit,,2010onltb1000508,NA
onltb,2010canlii18671,https://canlii.ca/t/29bjz,https://www.canlii.org/en/on/onltb/doc/2010/2010canlii18671/2010canlii18671.html,TEL-02495-10-RV (Re),2010 CanLII 18671 (ON LTB),en,TEL-02495-10-RV,2010-03-17,serious error — mediated — issued — writing — motion,,2010onltb1000503,NA
onltb,2010canlii18596,https://canlii.ca/t/29bgc,https://www.canlii.org/en/on/onltb/doc/2010/2010canlii18596/2010canlii18596.html,EAT-04502-10 (Re),2010 CanLII 18596 (ON LTB),en,EAT-04502-10,2010-03-17,rental unit — tenancy — eviction — rent — toll,,2010onltb1000428,NA
onltb,2010canlii67983,https://canlii.ca/t/2dhck,https://www.canlii.org/en/on/onltb/doc/2010/2010canlii67983/2010canlii67983.html,TEL-27530 (Re),2010 CanLII 67983 (ON LTB),en,TEL-27530,2010-03-16,name removed — current residential complex — entered into a landlord-tenant relationship — end of her life — rent,,2010onltb1001912,NA
onltb,2010canlii48853,https://canlii.ca/t/2c6q3,https://www.canlii.org/en/on/onltb/doc/2010/2010canlii48853/2010canlii48853.html,TEL-02563-10 (Re),2010 CanLII 48853 (ON LTB),en,TEL-02563-10,2010-03-16,rent — upstairs portion of the house — tenancy agreement — application — payment,,2010onltb1001324,NA
onltb,2010canlii18680,https://canlii.ca/t/29bk4,https://www.canlii.org/en/on/onltb/doc/2010/2010canlii18680/2010canlii18680.html,TEL-02746-10 (Re),2010 CanLII 18680 (ON LTB),en,TEL-02746-10; TET-02161-10,2010-03-16,rental unit — tenancy — eviction — rent deposit — owing,,2010onltb1000512,NA
onltb,2010canlii18674,https://canlii.ca/t/29bk3,https://www.canlii.org/en/on/onltb/doc/2010/2010canlii18674/2010canlii18674.html,TEL-02849-10-SA (Re),2010 CanLII 18674 (ON LTB),en,TEL-02849-10-SA,2010-03-16,evict — mediated — withdraws — toll — owe,,2010onltb1000506,NA
onltb,2010canlii18668,https://canlii.ca/t/29bjt,https://www.canlii.org/en/on/onltb/doc/2010/2010canlii18668/2010canlii18668.html,TEL-02196-10-RV (Re),2010 CanLII 18668 (ON LTB),en,TEL-02196-10-RV,2010-03-16,serious error — review — evict — evidence — original,,2010onltb1000500,NA
onltb,2010canlii18656,https://canlii.ca/t/29bjd,https://www.canlii.org/en/on/onltb/doc/2010/2010canlii18656/2010canlii18656.html,SWL-06115-10 (Re),2010 CanLII 18656 (ON LTB),en,SWL-06115-10,2010-03-16,tenancy — rent deposit — eviction — pay — owing,,2010onltb1000488,NA
onltb,2010canlii18654,https://canlii.ca/t/29bjc,https://www.canlii.org/en/on/onltb/doc/2010/2010canlii18654/2010canlii18654.html,SWL-05943-10 (Re),2010 CanLII 18654 (ON LTB),en,SWL-05943-10,2010-03-16,tenancy — rent deposit — eviction — pay — owing,,2010onltb1000486,NA
onltb,2010canlii18584,https://canlii.ca/t/29bfz,https://www.canlii.org/en/on/onltb/doc/2010/2010canlii18584/2010canlii18584.html,EAL-04202-10 (Re),2010 CanLII 18584 (ON LTB),en,EAL-04202-10,2010-03-16,tenancy — rent — eviction — persistently — deposit,,2010onltb1000416,NA
onltb,2010canlii101053,https://canlii.ca/t/gl7r7,https://www.canlii.org/en/on/onltb/doc/2010/2010canlii101053/2010canlii101053.html,TEL-27786-AM (Re),2010 CanLII 101053 (ON LTB),en,TEL-27786-AM,2010-03-15,smoke detector — name removed — rental unit — space heaters — fuses,,2010onltb1002361,NA
onltb,2010canlii18748,https://canlii.ca/t/29bmj,https://www.canlii.org/en/on/onltb/doc/2010/2010canlii18748/2010canlii18748.html,TST-02931 (Re),2010 CanLII 18748 (ON LTB),en,TST-02931,2010-03-15,tenancy agreement — smoking — abatement of rent — residential complex — rental unit,,2010onltb1000579,NA
onltb,2010canlii18747,https://canlii.ca/t/29bmh,https://www.canlii.org/en/on/onltb/doc/2010/2010canlii18747/2010canlii18747.html,TST-02922 (Re),2010 CanLII 18747 (ON LTB),en,TST-02922,2010-03-15,balcony — abatement — full amount owing — rent — enjoyment,,2010onltb1000578,NA
onltb,2010canlii18736,https://canlii.ca/t/29bm3,https://www.canlii.org/en/on/onltb/doc/2010/2010canlii18736/2010canlii18736.html,TSL-29297 (Re),2010 CanLII 18736 (ON LTB),en,TSL-29297,2010-03-15,mediated agreement — arrears of rent — owing — application — eviction,,2010onltb1000568,NA
onltb,2010canlii18653,https://canlii.ca/t/29bjb,https://www.canlii.org/en/on/onltb/doc/2010/2010canlii18653/2010canlii18653.html,SWL-06031-10 (Re),2010 CanLII 18653 (ON LTB),en,SWL-06031-10,2010-03-15,rent — arrears — charges — owing — deposit,,2010onltb1000485,NA
onltb,2010canlii18599,https://canlii.ca/t/29bgg,https://www.canlii.org/en/on/onltb/doc/2010/2010canlii18599/2010canlii18599.html,EAT-04240-10 (Re),2010 CanLII 18599 (ON LTB),en,EAT-04240-10,2010-03-15,application — costs — indiscriminately — award — file,,2010onltb1000431,NA
onltb,2010canlii18578,https://canlii.ca/t/29bfs,https://www.canlii.org/en/on/onltb/doc/2010/2010canlii18578/2010canlii18578.html,EAL-04150-10 (Re),2010 CanLII 18578 (ON LTB),en,EAL-04150-10,2010-03-15,rent — tenancy — discontinued — evict — arrears,,2010onltb1000410,NA
onltb,2010canlii18718,https://canlii.ca/t/29blj,https://www.canlii.org/en/on/onltb/doc/2010/2010canlii18718/2010canlii18718.html,TNT-01383 (Re),2010 CanLII 18718 (ON LTB),en,TNT-01383,2010-03-12,rental unit — loud — abatement — storage — harassment,,2010onltb1000550,NA
onltb,2010canlii18710,https://canlii.ca/t/29bl9,https://www.canlii.org/en/on/onltb/doc/2010/2010canlii18710/2010canlii18710.html,TNL-32680 (Re),2010 CanLII 18710 (ON LTB),en,TNL-32680,2010-03-12,rent — evict — tenancy — persistently — arrears,,2010onltb1000542,NA
onltb,2010canlii18698,https://canlii.ca/t/29bkr,https://www.canlii.org/en/on/onltb/doc/2010/2010canlii18698/2010canlii18698.html,TET-02779-10 (Re),2010 CanLII 18698 (ON LTB),en,TET-02779-10,2010-03-12,dryit ca — basement — water — toilet — damage,,2010onltb1000530,NA
onltb,2010canlii18607,https://canlii.ca/t/29bgq,https://www.canlii.org/en/on/onltb/doc/2010/2010canlii18607/2010canlii18607.html,NOL-01257-10 (Re),2010 CanLII 18607 (ON LTB),en,NOL-01257-10,2010-03-12,loud music — guest — rental unit — residential complex — eviction,,2010onltb1000439,NA
onltb,2010canlii18588,https://canlii.ca/t/29bg3,https://www.canlii.org/en/on/onltb/doc/2010/2010canlii18588/2010canlii18588.html,EAL-04407-10 (Re),2010 CanLII 18588 (ON LTB),en,EAL-04407-10,2010-03-12,cost of filing the application — owes — toll — collect — pay,,2010onltb1000420,NA
onltb,2010canlii18586,https://canlii.ca/t/29bg1,https://www.canlii.org/en/on/onltb/doc/2010/2010canlii18586/2010canlii18586.html,EAL-04101-10 (Re),2010 CanLII 18586 (ON LTB),en,EAL-04101-10,2010-03-12,rental arrears shall be paid — rent — owe — water — abatement,,2010onltb1000418,NA
onltb,2010canlii18577,https://canlii.ca/t/29bfq,https://www.canlii.org/en/on/onltb/doc/2010/2010canlii18577/2010canlii18577.html,EAL-03850-10 (Re),2010 CanLII 18577 (ON LTB),en,EAL-03850-10,2010-03-12,guaranteed funds towards the lawful — arrears — pay — tenancy — owes,,2010onltb1000409,NA
onltb,2010canlii18724,https://canlii.ca/t/29bls,https://www.canlii.org/en/on/onltb/doc/2010/2010canlii18724/2010canlii18724.html,TSL-06826-RV (Re),2010 CanLII 18724 (ON LTB),en,TSL-06826-RV,2010-03-11,evict — occupant of the rental unit — permitted in the residential complex — issued — request for review,,2010onltb1000556,NA
onltb,2010canlii18687,https://canlii.ca/t/29bkg,https://www.canlii.org/en/on/onltb/doc/2010/2010canlii18687/2010canlii18687.html,TEL-28578 (Re),2010 CanLII 18687 (ON LTB),en,TEL-28578,2010-03-11,eviction — tenancy — pay — owing — unit,,2010onltb1000519,NA
onltb,2010canlii18628,https://canlii.ca/t/29bhf,https://www.canlii.org/en/on/onltb/doc/2010/2010canlii18628/2010canlii18628.html,SOL-02909-10 (Re),2010 CanLII 18628 (ON LTB),en,SOL-02909-10,2010-03-11,eviction — tenancy — rent deposit — pay — owing,,2010onltb1000460,NA
onltb,2010canlii18617,https://canlii.ca/t/29bh2,https://www.canlii.org/en/on/onltb/doc/2010/2010canlii18617/2010canlii18617.html,SOL-00181-09-RV (Re),2010 CanLII 18617 (ON LTB),en,SOL-00181-09-RV,2010-03-11,evict — application — passion — issued — named,,2010onltb1000449,NA
onltb,2010canlii18616,https://canlii.ca/t/29bh1,https://www.canlii.org/en/on/onltb/doc/2010/2010canlii18616/2010canlii18616.html,NOT-01252-10 (Re),2010 CanLII 18616 (ON LTB),en,NOT-01252-10,2010-03-11,damages to the rental unit — tenancy — deposit — coerced — obstructed,,2010onltb1000448,NA
onltb,2010canlii18608,https://canlii.ca/t/29bgr,https://www.canlii.org/en/on/onltb/doc/2010/2010canlii18608/2010canlii18608.html,NOL-01215-10 (Re),2010 CanLII 18608 (ON LTB),en,NOL-01215-10,2010-03-11,outstanding rent arrears — owes — evict — pay — toll,,2010onltb1000440,NA
onltb,2010canlii18605,https://canlii.ca/t/29bgn,https://www.canlii.org/en/on/onltb/doc/2010/2010canlii18605/2010canlii18605.html,NOL-01141-10 (Re),2010 CanLII 18605 (ON LTB),en,NOL-01141-10,2010-03-11,outstanding rent arrears — tenancy — owes — evicting — pay,,2010onltb1000437,NA
onltb,2010canlii18601,https://canlii.ca/t/29bgj,https://www.canlii.org/en/on/onltb/doc/2010/2010canlii18601/2010canlii18601.html,NOL-01046-10 (Re),2010 CanLII 18601 (ON LTB),en,NOL-01046-10,2010-03-11,outstanding rent arrears — tenancy — owes — evicting — pay,,2010onltb1000433,NA
onltb,2010canlii18581,https://canlii.ca/t/29bfv,https://www.canlii.org/en/on/onltb/doc/2010/2010canlii18581/2010canlii18581.html,EAL-03955-10 (Re),2010 CanLII 18581 (ON LTB),en,EAL-03955-10; EAL-03713-10,2010-03-11,rental arrears shall be paid — rent shall be paid — rent deposit — evict — tenancy,,2010onltb1000413,NA
onltb,2010canlii18571,https://canlii.ca/t/29bfj,https://www.canlii.org/en/on/onltb/doc/2010/2010canlii18571/2010canlii18571.html,CEL-23307 (Re),2010 CanLII 18571 (ON LTB),en,CEL-23307,2010-03-11,persistently late in paying — rent — tenancy — continuous — evict,,2010onltb1000403,NA
onltb,2010canlii18559,https://canlii.ca/t/29bf4,https://www.canlii.org/en/on/onltb/doc/2010/2010canlii18559/2010canlii18559.html,CEL-01934-10 (Re),2010 CanLII 18559 (ON LTB),en,CEL-01934-10,2010-03-11,tenancy — persistently — rent — evicting — pay,,2010onltb1000391,NA
onltb,2010canlii67966,https://canlii.ca/t/2dh8t,https://www.canlii.org/en/on/onltb/doc/2010/2010canlii67966/2010canlii67966.html,SWT-06263-10 (Re),2010 CanLII 67966 (ON LTB),en,SWT-06263-10,2010-03-10,rental unit — possessions — replacement keys — changed the locks — name removed,,2010onltb1001895,NA
onltb,2010canlii37733,https://canlii.ca/t/2bh2d,https://www.canlii.org/en/on/onltb/doc/2010/2010canlii37733/2010canlii37733.html,TEL-28561 (Re),2010 CanLII 37733 (ON LTB),en,TEL-28561,2010-03-10,name removed — rental unit — tenancy — occupancy — unauthorized,,2010onltb1000917,NA
onltb,2010canlii18705,https://canlii.ca/t/29bl3,https://www.canlii.org/en/on/onltb/doc/2010/2010canlii18705/2010canlii18705.html,TNL-32062-RV (Re),2010 CanLII 18705 (ON LTB),en,TNL-32062-RV,2010-03-10,guaranteed funds — pay the the rent — representing arrears — cheque-related fees — eviction,,2010onltb1000537,NA
onltb,2010canlii18699,https://canlii.ca/t/29bkw,https://www.canlii.org/en/on/onltb/doc/2010/2010canlii18699/2010canlii18699.html,TNL-30207 (Re),2010 CanLII 18699 (ON LTB),en,TNL-30207,2010-03-10,eviction — tenancy — rent deposit — rental unit — owing,,2010onltb1000531,NA
onltb,2010canlii18695,https://canlii.ca/t/29bkp,https://www.canlii.org/en/on/onltb/doc/2010/2010canlii18695/2010canlii18695.html,TET-02471-10 (Re),2010 CanLII 18695 (ON LTB),en,TET-02471-10,2010-03-10,full amount owing — cable — loud — inoperable — enjoyment,,2010onltb1000527,NA
onltb,2010canlii18690,https://canlii.ca/t/29bkh,https://www.canlii.org/en/on/onltb/doc/2010/2010canlii18690/2010canlii18690.html,TEL-28595 (Re),2010 CanLII 18690 (ON LTB),en,TEL-28595,2010-03-10,tenancy — eviction — pay — owing — unit,,2010onltb1000522,NA
onltb,2010canlii18686,https://canlii.ca/t/29bkf,https://www.canlii.org/en/on/onltb/doc/2010/2010canlii18686/2010canlii18686.html,TEL-28556 (Re),2010 CanLII 18686 (ON LTB),en,TEL-28556,2010-03-10,tenancy — possession of the rental unit — purpose of residential occupation — good faith — evict,,2010onltb1000518,NA
onltb,2010canlii18640,https://canlii.ca/t/29bhs,https://www.canlii.org/en/on/onltb/doc/2010/2010canlii18640/2010canlii18640.html,SOL-03043-10 (Re),2010 CanLII 18640 (ON LTB),en,SOL-03043-10,2010-03-10,rent deposit — eviction — tenancy — pay — unit,,2010onltb1000472,NA
onltb,2010canlii18583,https://canlii.ca/t/29bfx,https://www.canlii.org/en/on/onltb/doc/2010/2010canlii18583/2010canlii18583.html,EAL-04337-10 (Re),2010 CanLII 18583 (ON LTB),en,EAL-04337-10,2010-03-10,pay — eviction — rent — unit — owe,,2010onltb1000415,NA
onltb,2010canlii18693,https://canlii.ca/t/29bkm,https://www.canlii.org/en/on/onltb/doc/2010/2010canlii18693/2010canlii18693.html,TET-02410 (Re),2010 CanLII 18693 (ON LTB),en,TET-02410,2010-03-09,mail — harassed — box — enjoyment of the rental unit — threatened,,2010onltb1000525,NA
onltb,2010canlii18662,https://canlii.ca/t/29bjq,https://www.canlii.org/en/on/onltb/doc/2010/2010canlii18662/2010canlii18662.html,SWT-06089-10 (Re),2010 CanLII 18662 (ON LTB),en,SWT-06089-10,2010-03-09,tenancy — eviction — rental unit — interfered with the reasonable — non-voidable,,2010onltb1000494,NA
onltb,2010canlii18604,https://canlii.ca/t/29bgm,https://www.canlii.org/en/on/onltb/doc/2010/2010canlii18604/2010canlii18604.html,NOL-01062-10 (Re),2010 CanLII 18604 (ON LTB),en,NOL-01062-10,2010-03-09,eviction — tenancy — pay — rent — unit,,2010onltb1000436,NA
onltb,2010canlii18595,https://canlii.ca/t/29bgb,https://www.canlii.org/en/on/onltb/doc/2010/2010canlii18595/2010canlii18595.html,EAT-04239-10 (Re),2010 CanLII 18595 (ON LTB),en,EAT-04239-10,2010-03-09,toll — application — illegally — withdrawal — collected,,2010onltb1000427,NA
onltb,2010canlii18556,https://canlii.ca/t/29bf1,https://www.canlii.org/en/on/onltb/doc/2010/2010canlii18556/2010canlii18556.html,CEL-01975-10 (Re),2010 CanLII 18556 (ON LTB),en,CEL-01975-10,2010-03-09,eviction — tenancy — rent deposit — pay — owing,,2010onltb1000388,NA
onltb,2010canlii101038,https://canlii.ca/t/gl7qj,https://www.canlii.org/en/on/onltb/doc/2010/2010canlii101038/2010canlii101038.html,TST-02331 (Re),2010 CanLII 101038 (ON LTB),en,TST-02331,2010-03-08,name removed — bedbug infestation — rental unit — abatement — infested with bedbugs,,2010onltb1002347,NA
onltb,2010canlii18737,https://canlii.ca/t/29bm8,https://www.canlii.org/en/on/onltb/doc/2010/2010canlii18737/2010canlii18737.html,TSL-30469 (Re),2010 CanLII 18737 (ON LTB),en,TSL-30469,2010-03-08,arrears — rent — tenancy — owing — evicting,,2010onltb1000569,NA
onltb,2010canlii18729,https://canlii.ca/t/29bln,https://www.canlii.org/en/on/onltb/doc/2010/2010canlii18729/2010canlii18729.html,TNT-02114 (Re),2010 CanLII 18729 (ON LTB),en,TNT-02114,2010-03-08,last month s rent deposit — rental unit — unlawfully terminated the tenancy — representative — find,,2010onltb1000561,NA
onltb,2010canlii18720,https://canlii.ca/t/29blm,https://www.canlii.org/en/on/onltb/doc/2010/2010canlii18720/2010canlii18720.html,TNT-02167 (Re),2010 CanLII 18720 (ON LTB),en,TNT-02167,2010-03-08,enjoyment of the rental unit — tenancy — interfered with the reasonable enjoyment — illegally — one-bedroom unit,,2010onltb1000552,NA
onltb,2010canlii18633,https://canlii.ca/t/29bhl,https://www.canlii.org/en/on/onltb/doc/2010/2010canlii18633/2010canlii18633.html,SOT-02786-10 (Re),2010 CanLII 18633 (ON LTB),en,SOT-02786-10,2010-03-08,sofa — dishwasher — carpeting — returned to the unit — ruined,,2010onltb1000465,NA
onltb,2010canlii18627,https://canlii.ca/t/29bhd,https://www.canlii.org/en/on/onltb/doc/2010/2010canlii18627/2010canlii18627.html,SOL-03072-10 (Re),2010 CanLII 18627 (ON LTB),en,SOL-03072-10,2010-03-08,rent — tenancy — owes — evict — toll,,2010onltb1000459,NA
onltb,2010canlii18625,https://canlii.ca/t/29bh9,https://www.canlii.org/en/on/onltb/doc/2010/2010canlii18625/2010canlii18625.html,SOL-02749-10 (Re),2010 CanLII 18625 (ON LTB),en,SOL-02749-10,2010-03-08,rent deposit — tenancy — owing — pay — unit,,2010onltb1000457,NA
onltb,2010canlii18744,https://canlii.ca/t/29bm5,https://www.canlii.org/en/on/onltb/doc/2010/2010canlii18744/2010canlii18744.html,TSL-29432 (Re),2010 CanLII 18744 (ON LTB),en,TSL-29432,2010-03-05,rent — rental unit — room on the first floor — amount — pay,,2010onltb1000576,NA
onltb,2010canlii18738,https://canlii.ca/t/29bm7,https://www.canlii.org/en/on/onltb/doc/2010/2010canlii18738/2010canlii18738.html,TSL-29522 (Re),2010 CanLII 18738 (ON LTB),en,TSL-29522,2010-03-05,purchaser — withdraw — unit — rental — costs,,2010onltb1000570,NA
onltb,2010canlii18714,https://canlii.ca/t/29blf,https://www.canlii.org/en/on/onltb/doc/2010/2010canlii18714/2010canlii18714.html,TNT-02192 (Re),2010 CanLII 18714 (ON LTB),en,TNT-02192,2010-03-05,garage — rent — rental unit — belongings — uncashed,,2010onltb1000546,NA
onltb,2010canlii18709,https://canlii.ca/t/29bl8,https://www.canlii.org/en/on/onltb/doc/2010/2010canlii18709/2010canlii18709.html,TNL-32450-SA (Re),2010 CanLII 18709 (ON LTB),en,TNL-32450-SA,2010-03-05,evict — conditions specified in the settlement — terminate the tenancy — set aside — settlement mediated,,2010onltb1000541,NA
onltb,2010canlii18683,https://canlii.ca/t/29bk9,https://www.canlii.org/en/on/onltb/doc/2010/2010canlii18683/2010canlii18683.html,TEL-28056 (Re),2010 CanLII 18683 (ON LTB),en,TEL-28056,2010-03-05,ants — eviction — tenancy — rent deposit — unit,,2010onltb1000515,NA
onltb,2010canlii18682,https://canlii.ca/t/29bkb,https://www.canlii.org/en/on/onltb/doc/2010/2010canlii18682/2010canlii18682.html,TEL-28474 (Re),2010 CanLII 18682 (ON LTB),en,TEL-28474,2010-03-05,tenancy — eviction — rent deposit — unit — owes,,2010onltb1000514,NA
onltb,2010canlii18665,https://canlii.ca/t/29bjp,https://www.canlii.org/en/on/onltb/doc/2010/2010canlii18665/2010canlii18665.html,SWL-04949-10 (Re),2010 CanLII 18665 (ON LTB),en,SWL-04949-10; SWL-05626-10; SWT-05321-10,2010-03-05,rental unit — locking system — locks — rent deposit — tenancy,,2010onltb1000497,NA
onltb,2010canlii18663,https://canlii.ca/t/29bjn,https://www.canlii.org/en/on/onltb/doc/2010/2010canlii18663/2010canlii18663.html,SWT-02964-09 (Re),2010 CanLII 18663 (ON LTB),en,SWT-02964-09,2010-03-05,rental unit — rent deposit — tenancy agreement — name removed — sink,,2010onltb1000495,NA
onltb,2010canlii18660,https://canlii.ca/t/29bjl,https://www.canlii.org/en/on/onltb/doc/2010/2010canlii18660/2010canlii18660.html,SWT-05245-10 (Re),2010 CanLII 18660 (ON LTB),en,SWT-05245-10,2010-03-05,full term of the tenancy — mutually agreed — withdrawn — toll — maintenance,,2010onltb1000492,NA
onltb,2010canlii18652,https://canlii.ca/t/29bj9,https://www.canlii.org/en/on/onltb/doc/2010/2010canlii18652/2010canlii18652.html,SWL-05290-10 (Re),2010 CanLII 18652 (ON LTB),en,SWL-05290-10,2010-03-05,eviction — tenancy — pay — unit — owing,,2010onltb1000484,NA
onltb,2010canlii18643,https://canlii.ca/t/29bhx,https://www.canlii.org/en/on/onltb/doc/2010/2010canlii18643/2010canlii18643.html,SWL-02152-09-RV (Re),2010 CanLII 18643 (ON LTB),en,SWL-02152-09-RV; SWL-02152-09,2010-03-05,rent deposit — pay — owing — tenancy is terminated — rental,,2010onltb1000475,NA
onltb,2010canlii18574,https://canlii.ca/t/29bfm,https://www.canlii.org/en/on/onltb/doc/2010/2010canlii18574/2010canlii18574.html,EAL-02896-09 (Re),2010 CanLII 18574 (ON LTB),en,EAL-02896-09,2010-03-05,illegal drug — residential complex — tenancy — trafficking — evict,,2010onltb1000406,NA
onltb,2010canlii18569,https://canlii.ca/t/29bfg,https://www.canlii.org/en/on/onltb/doc/2010/2010canlii18569/2010canlii18569.html,CEL-23294 (Re),2010 CanLII 18569 (ON LTB),en,CEL-23294,2010-03-05,terminate the tenancy — unit — eviction — pay — rent,,2010onltb1000401,NA
onltb,2010canlii100015,https://canlii.ca/t/g0q07,https://www.canlii.org/en/on/onltb/doc/2010/2010canlii100015/2010canlii100015.html,CET-02289-RV (Re),2010 CanLII 100015 (ON LTB),en,CET-02289-RV,2010-03-04,interfered with the reasonable enjoyment — tenancy agreement — abatement — rent — address,,2010onltb1002342,NA
onltb,2010canlii37769,https://canlii.ca/t/2bh3w,https://www.canlii.org/en/on/onltb/doc/2010/2010canlii37769/2010canlii37769.html,TSL-28787-SA (Re),2010 CanLII 37769 (ON LTB),en,TSL-28787-SA,2010-03-04,terminate the tenancy — evict — toll — owe — application,,2010onltb1000953,NA
onltb,2010canlii18749,https://canlii.ca/t/29bmg,https://www.canlii.org/en/on/onltb/doc/2010/2010canlii18749/2010canlii18749.html,TST-02881 (Re),2010 CanLII 18749 (ON LTB),en,TST-02881,2010-03-04,rent — reasonable enjoyment — serious breach of his obligations — clogged — incidents,,2010onltb1000580,NA
onltb,2010canlii18735,https://canlii.ca/t/29bm4,https://www.canlii.org/en/on/onltb/doc/2010/2010canlii18735/2010canlii18735.html,TSL-29408 (Re),2010 CanLII 18735 (ON LTB),en,TSL-29408,2010-03-04,tenancy — eviction — pay — owing — unit,,2010onltb1000567,NA
onltb,2010canlii18726,https://canlii.ca/t/29blt,https://www.canlii.org/en/on/onltb/doc/2010/2010canlii18726/2010canlii18726.html,TSL-27873 (Re),2010 CanLII 18726 (ON LTB),en,TSL-27873,2010-03-04,unit — overcrowding — housing — evict — voided,,2010onltb1000558,NA
onltb,2010canlii18707,https://canlii.ca/t/29bl6,https://www.canlii.org/en/on/onltb/doc/2010/2010canlii18707/2010canlii18707.html,TNL-32174 (Re),2010 CanLII 18707 (ON LTB),en,TNL-32174,2010-03-04,eviction — rental unit — rent — persistently — deposit,,2010onltb1000539,NA
onltb,2010canlii18706,https://canlii.ca/t/29bl4,https://www.canlii.org/en/on/onltb/doc/2010/2010canlii18706/2010canlii18706.html,TNL-32144 (Re),2010 CanLII 18706 (ON LTB),en,TNL-32144,2010-03-04,evict — pay — toll — owe — tenancy,,2010onltb1000538,NA
onltb,2010canlii18703,https://canlii.ca/t/29bl1,https://www.canlii.org/en/on/onltb/doc/2010/2010canlii18703/2010canlii18703.html,TNL-32027 (Re),2010 CanLII 18703 (ON LTB),en,TNL-32027,2010-03-04,occupancy — unit — tenancy — rental — evict,,2010onltb1000535,NA
onltb,2010canlii18678,https://canlii.ca/t/29bk7,https://www.canlii.org/en/on/onltb/doc/2010/2010canlii18678/2010canlii18678.html,TEL-26080-RV (Re),2010 CanLII 18678 (ON LTB),en,TEL-26080-RV,2010-03-04,rental unit — evict — terminate the tenancy — review — residential,,2010onltb1000510,NA
onltb,2010canlii18645,https://canlii.ca/t/29bj4,https://www.canlii.org/en/on/onltb/doc/2010/2010canlii18645/2010canlii18645.html,SWL-05064-10 (Re),2010 CanLII 18645 (ON LTB),en,SWL-05064-10,2010-03-04,cost of filing the application — agrees — locking — pay — toll,,2010onltb1000477,NA
onltb,2010canlii18621,https://canlii.ca/t/29bh6,https://www.canlii.org/en/on/onltb/doc/2010/2010canlii18621/2010canlii18621.html,SOL-02616-10 (Re),2010 CanLII 18621 (ON LTB),en,SOL-02616-10,2010-03-04,eviction — rental unit — tenancy — rent deposit — pay,,2010onltb1000453,NA
onltb,2010canlii18620,https://canlii.ca/t/29bh5,https://www.canlii.org/en/on/onltb/doc/2010/2010canlii18620/2010canlii18620.html,SOL-02543-10 (Re),2010 CanLII 18620 (ON LTB),en,SOL-02543-10,2010-03-04,rent — rental unit — eviction — flooring — rebate,,2010onltb1000452,NA
onltb,2010canlii18611,https://canlii.ca/t/29bgv,https://www.canlii.org/en/on/onltb/doc/2010/2010canlii18611/2010canlii18611.html,NOL-01162-10 (Re),2010 CanLII 18611 (ON LTB),en,NOL-01162-10; NOT-00969-10,2010-03-04,rental unit — residential complex — enjoyment — tenancy — window,,2010onltb1000443,NA
onltb,2010canlii18600,https://canlii.ca/t/29bgh,https://www.canlii.org/en/on/onltb/doc/2010/2010canlii18600/2010canlii18600.html,NOL-00991-10 (Re),2010 CanLII 18600 (ON LTB),en,NOL-00991-10,2010-03-04,rental unit — rent — tenancy — rent-geared-to-income — eviction,,2010onltb1000432,NA
onltb,2010canlii18575,https://canlii.ca/t/29bfp,https://www.canlii.org/en/on/onltb/doc/2010/2010canlii18575/2010canlii18575.html,EAL-03356-10 (Re),2010 CanLII 18575 (ON LTB),en,EAL-03356-10,2010-03-04,farm — accommodation — lease — evict — rent,,2010onltb1000407,NA
onltb,2010canlii18570,https://canlii.ca/t/29bfh,https://www.canlii.org/en/on/onltb/doc/2010/2010canlii18570/2010canlii18570.html,CET-01837-10 (Re),2010 CanLII 18570 (ON LTB),en,CET-01837-10,2010-03-04,eviction — rental unit — vacated — starting — termination,,2010onltb1000402,NA
onltb,2010canlii101037,https://canlii.ca/t/gl7qm,https://www.canlii.org/en/on/onltb/doc/2010/2010canlii101037/2010canlii101037.html,TST-03117 (Re),2010 CanLII 101037 (ON LTB),en,TST-03117,2010-03-03,exterminator — sofa — mattress — pest control — bedding,,2010onltb1002346,NA
onltb,2010canlii18730,https://canlii.ca/t/29blz,https://www.canlii.org/en/on/onltb/doc/2010/2010canlii18730/2010canlii18730.html,TSL-28805 (Re),2010 CanLII 18730 (ON LTB),en,TSL-28805,2010-03-03,arising out of the tenancy — owe — evict — set — outstanding,,2010onltb1000562,NA
onltb,2010canlii18704,https://canlii.ca/t/29bl2,https://www.canlii.org/en/on/onltb/doc/2010/2010canlii18704/2010canlii18704.html,TNL-31748 (Re),2010 CanLII 18704 (ON LTB),en,TNL-31748,2010-03-03,rent deposit — abatement of rent — owing — shower — pay,,2010onltb1000536,NA
onltb,2010canlii18648,https://canlii.ca/t/29bj5,https://www.canlii.org/en/on/onltb/doc/2010/2010canlii18648/2010canlii18648.html,SWL-05197-10 (Re),2010 CanLII 18648 (ON LTB),en,SWL-05197-10,2010-03-03,pay — rent — owe — owing — toll,,2010onltb1000480,NA
onltb,2010canlii18644,https://canlii.ca/t/29bj3,https://www.canlii.org/en/on/onltb/doc/2010/2010canlii18644/2010canlii18644.html,SWL-04937-10 (Re),2010 CanLII 18644 (ON LTB),en,SWL-04937-10,2010-03-03,tenancy — unit — pay — owing — rent,,2010onltb1000476,NA
onltb,2010canlii18636,https://canlii.ca/t/29bhp,https://www.canlii.org/en/on/onltb/doc/2010/2010canlii18636/2010canlii18636.html,SOT-02890-10 (Re),2010 CanLII 18636 (ON LTB),en,SOT-02890-10,2010-03-03,enjoyment of the rental unit — rent deposit — harassed — residential complex — interfered with the reasonable enjoyment,,2010onltb1000468,NA
onltb,2010canlii18626,https://canlii.ca/t/29bhc,https://www.canlii.org/en/on/onltb/doc/2010/2010canlii18626/2010canlii18626.html,SOL-02990-10-SA (Re),2010 CanLII 18626 (ON LTB),en,SOL-02990-10-SA,2010-03-03,arrears — rent — tenancy — eviction — payment,,2010onltb1000458,NA
onltb,2010canlii18613,https://canlii.ca/t/29bgw,https://www.canlii.org/en/on/onltb/doc/2010/2010canlii18613/2010canlii18613.html,NOT-00964-10 (Re),2010 CanLII 18613 (ON LTB),en,NOT-00964-10,2010-03-03,rental unit — property — stated — locks — landlord,,2010onltb1000445,NA
onltb,2010canlii18606,https://canlii.ca/t/29bgp,https://www.canlii.org/en/on/onltb/doc/2010/2010canlii18606/2010canlii18606.html,NOL-01164-10-SA (Re),2010 CanLII 18606 (ON LTB),en,NOL-01164-10-SA,2010-03-03,rent — parking — facilities — landlord — issued,,2010onltb1000438,NA
onltb,2010canlii18602,https://canlii.ca/t/29bgk,https://www.canlii.org/en/on/onltb/doc/2010/2010canlii18602/2010canlii18602.html,NOL-00820-09-RV (Re),2010 CanLII 18602 (ON LTB),en,NOL-00820-09-RV,2010-03-03,evict — toll — unchanged — tenancy — owes,,2010onltb1000434,NA
onltb,2010canlii18592,https://canlii.ca/t/29bg8,https://www.canlii.org/en/on/onltb/doc/2010/2010canlii18592/2010canlii18592.html,EAT-04027-10 (Re),2010 CanLII 18592 (ON LTB),en,EAT-04027-10,2010-03-03,full amount owing — piano — abatement — enjoyment of the rental unit — coerced,,2010onltb1000424,NA
onltb,2010canlii18579,https://canlii.ca/t/29bft,https://www.canlii.org/en/on/onltb/doc/2010/2010canlii18579/2010canlii18579.html,EAL-03890-10 (Re),2010 CanLII 18579 (ON LTB),en,EAL-03890-10,2010-03-03,owe — tenancy — possession of the rental unit — vacant — evict,,2010onltb1000411,NA
onltb,2010canlii18731,https://canlii.ca/t/29bm0,https://www.canlii.org/en/on/onltb/doc/2010/2010canlii18731/2010canlii18731.html,TSL-28931 (Re),2010 CanLII 18731 (ON LTB),en,TSL-28931,2010-03-02,rental unit — eviction — damage — door — dimmer,,2010onltb1000563,NA
onltb,2010canlii18711,https://canlii.ca/t/29bl7,https://www.canlii.org/en/on/onltb/doc/2010/2010canlii18711/2010canlii18711.html,TNL-32497 (Re),2010 CanLII 18711 (ON LTB),en,TNL-32497,2010-03-02,brother-in-law — insure — relief from eviction — unit — tenancy,,2010onltb1000543,NA
onltb,2010canlii18684,https://canlii.ca/t/29bkc,https://www.canlii.org/en/on/onltb/doc/2010/2010canlii18684/2010canlii18684.html,TEL-27333 (Re),2010 CanLII 18684 (ON LTB),en,TEL-27333; TET-01425-09,2010-03-02,occupants — unit — carpeting — claimed — basement,,2010onltb1000516,NA
onltb,2010canlii18681,https://canlii.ca/t/29bk8,https://www.canlii.org/en/on/onltb/doc/2010/2010canlii18681/2010canlii18681.html,TEL-27300 (Re),2010 CanLII 18681 (ON LTB),en,TEL-27300; TEL-27652,2010-03-02,residential complex — tenancy agreement — basement — purchase — without the s authorization,,2010onltb1000513,NA
onltb,2010canlii18655,https://canlii.ca/t/29bjf,https://www.canlii.org/en/on/onltb/doc/2010/2010canlii18655/2010canlii18655.html,SWL-05154-10 (Re),2010 CanLII 18655 (ON LTB),en,SWL-05154-10,2010-03-02,notice of termination — rent — arrears — costs of filing the application — outstanding,,2010onltb1000487,NA
onltb,2010canlii18651,https://canlii.ca/t/29bj6,https://www.canlii.org/en/on/onltb/doc/2010/2010canlii18651/2010canlii18651.html,SWL-02366-09 (Re),2010 CanLII 18651 (ON LTB),en,SWL-02366-09,2010-03-02,rent for the period ending — eviction — tenancy — rent deposit — owing,,2010onltb1000483,NA
onltb,2010canlii18623,https://canlii.ca/t/29bh8,https://www.canlii.org/en/on/onltb/doc/2010/2010canlii18623/2010canlii18623.html,SOL-02876-10 (Re),2010 CanLII 18623 (ON LTB),en,SOL-02876-10,2010-03-02,rent — arrears — tenancy — evicting — charges,,2010onltb1000455,NA
onltb,2010canlii18618,https://canlii.ca/t/29bh3,https://www.canlii.org/en/on/onltb/doc/2010/2010canlii18618/2010canlii18618.html,SOL-02564-10 (Re),2010 CanLII 18618 (ON LTB),en,SOL-02564-10,2010-03-02,rent — pay — charges related to cheques tendered — rental — represents,,2010onltb1000450,NA
onltb,2010canlii18568,https://canlii.ca/t/29bff,https://www.canlii.org/en/on/onltb/doc/2010/2010canlii18568/2010canlii18568.html,CEL-23278 (Re),2010 CanLII 18568 (ON LTB),en,CEL-23278,2010-03-02,tenancy — rent deposit — eviction — pay — owing,,2010onltb1000400,NA
onltb,2010canlii18566,https://canlii.ca/t/29bfc,https://www.canlii.org/en/on/onltb/doc/2010/2010canlii18566/2010canlii18566.html,CEL-23268 (Re),2010 CanLII 18566 (ON LTB),en,CEL-23268,2010-03-02,tenancy — eviction — pay — owing — unit,,2010onltb1000398,NA
onltb,2010canlii18689,https://canlii.ca/t/29bkk,https://www.canlii.org/en/on/onltb/doc/2010/2010canlii18689/2010canlii18689.html,TET-02409 (Re),2010 CanLII 18689 (ON LTB),en,TET-02409,2010-03-01,interfered with the reasonable enjoyment — unit — application — toll — moved,,2010onltb1000521,NA
onltb,2010canlii18688,https://canlii.ca/t/29bkj,https://www.canlii.org/en/on/onltb/doc/2010/2010canlii18688/2010canlii18688.html,TET-02207-RV (Re),2010 CanLII 18688 (ON LTB),en,TET-02207-RV,2010-03-01,tenancy — abatement — application — owes — representative,,2010onltb1000520,NA
onltb,2010canlii18685,https://canlii.ca/t/29bkd,https://www.canlii.org/en/on/onltb/doc/2010/2010canlii18685/2010canlii18685.html,TEL-28532 (Re),2010 CanLII 18685 (ON LTB),en,TEL-28532,2010-03-01,tenancy — eviction — rent deposit — unit — owes,,2010onltb1000517,NA
onltb,2010canlii18631,https://canlii.ca/t/29bhj,https://www.canlii.org/en/on/onltb/doc/2010/2010canlii18631/2010canlii18631.html,SOL-03132-10 (Re),2010 CanLII 18631 (ON LTB),en,SOL-03132-10,2010-03-01,eviction — rent — bed bugs — rental unit — tenancy,,2010onltb1000463,NA
onltb,2010canlii18622,https://canlii.ca/t/29bh7,https://www.canlii.org/en/on/onltb/doc/2010/2010canlii18622/2010canlii18622.html,SOL-02735-10 (Re),2010 CanLII 18622 (ON LTB),en,SOL-02735-10,2010-03-01,waives — vacant possession of the unit — last month rent deposit — tenancy — evict,,2010onltb1000454,NA
onltb,2010canlii18594,https://canlii.ca/t/29bg9,https://www.canlii.org/en/on/onltb/doc/2010/2010canlii18594/2010canlii18594.html,EAT-04038-10 (Re),2010 CanLII 18594 (ON LTB),en,EAT-04038-10,2010-03-01,tenancy — enjoyment of the rental unit — neighbours — problem — interfered,,2010onltb1000426,NA
onltb,2010canlii18593,https://canlii.ca/t/29bg7,https://www.canlii.org/en/on/onltb/doc/2010/2010canlii18593/2010canlii18593.html,EAT-02430-09-RV (Re),2010 CanLII 18593 (ON LTB),en,EAT-02430-09-RV,2010-03-01,computed — error — application — grouped — toll,,2010onltb1000425,NA
onltb,2010canlii18572,https://canlii.ca/t/29bfk,https://www.canlii.org/en/on/onltb/doc/2010/2010canlii18572/2010canlii18572.html,CEL-22567-RV (Re),2010 CanLII 18572 (ON LTB),en,CEL-22567-RV,2010-03-01,issued — evict — request — toll — resolved,,2010onltb1000404,NA
onltb,2010canlii18567,https://canlii.ca/t/29bfd,https://www.canlii.org/en/on/onltb/doc/2010/2010canlii18567/2010canlii18567.html,CEL-23292 (Re),2010 CanLII 18567 (ON LTB),en,CEL-23292,2010-03-01,rent — pay — owing — toll — owe,,2010onltb1000399,NA
onltb,2010canlii18555,https://canlii.ca/t/29bf0,https://www.canlii.org/en/on/onltb/doc/2010/2010canlii18555/2010canlii18555.html,CEL-01766-10-SA (Re),2010 CanLII 18555 (ON LTB),en,CEL-01766-10-SA,2010-03-01,rent — mediated settlement — owing — evict — tenancy,,2010onltb1000387,NA
onltb,2010canlii13670,https://canlii.ca/t/28td2,https://www.canlii.org/en/on/onltb/doc/2010/2010canlii13670/2010canlii13670.html,CET-01406-09 (Re),2010 CanLII 13670 (ON LTB),en,CET-01406-09,2010-03-01,unit — tenancy — settles — eviction — interfered,,2010onltb1000218,NA
onltb,2010canlii101040,https://canlii.ca/t/gl7q4,https://www.canlii.org/en/on/onltb/doc/2010/2010canlii101040/2010canlii101040.html,TEL-27316-RV (Re),2010 CanLII 101040 (ON LTB),en,TEL-27316-RV,2010-02-26,husband s name removed — residential complex — rental unit — landlord — tenancy,,2010onltb1002349,NA
onltb,2010canlii37617,https://canlii.ca/t/2bgx5,https://www.canlii.org/en/on/onltb/doc/2010/2010canlii37617/2010canlii37617.html,EAL-03809-10-AM (Re),2010 CanLII 37617 (ON LTB),en,EAL-03809-10-AM,2010-02-26,rent — name removed — tenancy — interac — eviction,,2010onltb1000801,NA
onltb,2010canlii37605,https://canlii.ca/t/2bgwp,https://www.canlii.org/en/on/onltb/doc/2010/2010canlii37605/2010canlii37605.html,CEL-22872 (Re),2010 CanLII 37605 (ON LTB),en,CEL-22872,2010-02-26,rent — tenancy — name removed — rental unit — landlord,,2010onltb1000789,NA
onltb,2010canlii13814,https://canlii.ca/t/28tk2,https://www.canlii.org/en/on/onltb/doc/2010/2010canlii13814/2010canlii13814.html,TNT-02187 (Re),2010 CanLII 13814 (ON LTB),en,TNT-02187,2010-02-26,last month rent deposit — refrigerator — rental unit — condiment shelf — postdated,,2010onltb1000362,NA
onltb,2010canlii13809,https://canlii.ca/t/28tjx,https://www.canlii.org/en/on/onltb/doc/2010/2010canlii13809/2010canlii13809.html,TNT-02142 (Re),2010 CanLII 13809 (ON LTB),en,TNT-02142,2010-02-26,pest control — bed bugs — rental unit — bed bug infestation — furniture,,2010onltb1000357,NA
onltb,2010canlii13808,https://canlii.ca/t/28tjv,https://www.canlii.org/en/on/onltb/doc/2010/2010canlii13808/2010canlii13808.html,TNL-32599-SA (Re),2010 CanLII 13808 (ON LTB),en,TNL-32599-SA,2010-02-26,eviction — rent — tenancy — motion to set aside — relief,,2010onltb1000356,NA
onltb,2010canlii13804,https://canlii.ca/t/28tjp,https://www.canlii.org/en/on/onltb/doc/2010/2010canlii13804/2010canlii13804.html,TNL-32357 (Re),2010 CanLII 13804 (ON LTB),en,TNL-32357,2010-02-26,rent — tenancy — evicting — damage — persistently,,2010onltb1000352,NA
onltb,2010canlii13797,https://canlii.ca/t/28tjh,https://www.canlii.org/en/on/onltb/doc/2010/2010canlii13797/2010canlii13797.html,TNL-32110-SA (Re),2010 CanLII 13797 (ON LTB),en,TNL-32110-SA,2010-02-26,tenancy — rent — evict — set aside — relief,,2010onltb1000345,NA
onltb,2010canlii13767,https://canlii.ca/t/28thg,https://www.canlii.org/en/on/onltb/doc/2010/2010canlii13767/2010canlii13767.html,TEL-28028 (Re),2010 CanLII 13767 (ON LTB),en,TEL-28028,2010-02-26,tenancy — rent deposit — eviction — pay — owing,,2010onltb1000315,NA
onltb,2010canlii13712,https://canlii.ca/t/28tfk,https://www.canlii.org/en/on/onltb/doc/2010/2010canlii13712/2010canlii13712.html,SOL-01923-09-RV (Re),2010 CanLII 13712 (ON LTB),en,SOL-01923-09-RV,2010-02-26,notice of termination — altercation — female — toilet — male,,2010onltb1000260,NA
onltb,2010canlii13710,https://canlii.ca/t/28tfg,https://www.canlii.org/en/on/onltb/doc/2010/2010canlii13710/2010canlii13710.html,NOT-00860-10 (Re),2010 CanLII 13710 (ON LTB),en,NOT-00860-10,2010-02-26,entered the rental unit illegally — full amount owing — agent entered the rental unit — belongings — interfered with the reasonable enjoyment,,2010onltb1000258,NA
onltb,2010canlii13654,https://canlii.ca/t/28tck,https://www.canlii.org/en/on/onltb/doc/2010/2010canlii13654/2010canlii13654.html,CEL-01843-10 (Re),2010 CanLII 13654 (ON LTB),en,CEL-01843-10,2010-02-26,rent deposit — tenancy — owing — pay — unit,,2010onltb1000202,NA
onltb,2010canlii13798,https://canlii.ca/t/28tjj,https://www.canlii.org/en/on/onltb/doc/2010/2010canlii13798/2010canlii13798.html,TNL-32041 (Re),2010 CanLII 13798 (ON LTB),en,TNL-32041,2010-02-25,tenancy — rent deposit — owing — must pay — eviction,,2010onltb1000346,NA
onltb,2010canlii13753,https://canlii.ca/t/28th0,https://www.canlii.org/en/on/onltb/doc/2010/2010canlii13753/2010canlii13753.html,SWT-05187-10 (Re),2010 CanLII 13753 (ON LTB),en,SWT-05187-10,2010-02-25,full amount owing — pay the the full amount — toll — balance outstanding — owe,,2010onltb1000301,NA
onltb,2010canlii13751,https://canlii.ca/t/28tgw,https://www.canlii.org/en/on/onltb/doc/2010/2010canlii13751/2010canlii13751.html,SWL-05616-10 (Re),2010 CanLII 13751 (ON LTB),en,SWL-05616-10,2010-02-25,tenancy — rent deposit — eviction — pay — owing,,2010onltb1000299,NA
onltb,2010canlii13749,https://canlii.ca/t/28tgt,https://www.canlii.org/en/on/onltb/doc/2010/2010canlii13749/2010canlii13749.html,SWT-02508-09 (Re),2010 CanLII 13749 (ON LTB),en,SWT-02508-09,2010-02-25,rental unit — rent — repair — cracked — rental complex,,2010onltb1000297,NA
onltb,2010canlii13692,https://canlii.ca/t/28tdt,https://www.canlii.org/en/on/onltb/doc/2010/2010canlii13692/2010canlii13692.html,EAT-03829-10 (Re),2010 CanLII 13692 (ON LTB),en,EAT-03829-10,2010-02-25,moved into the unit — possession of the rental unit — house — notice was given in bad — adjournment,,2010onltb1000240,NA
onltb,2010canlii13682,https://canlii.ca/t/28tdh,https://www.canlii.org/en/on/onltb/doc/2010/2010canlii13682/2010canlii13682.html,EAL-03974-10 (Re),2010 CanLII 13682 (ON LTB),en,EAL-03974-10,2010-02-25,last month rent deposit — eviction — vacant possession of the rental — vacate — tenancy,,2010onltb1000230,NA
onltb,2010canlii13658,https://canlii.ca/t/28tcp,https://www.canlii.org/en/on/onltb/doc/2010/2010canlii13658/2010canlii13658.html,CEL-22798 (Re),2010 CanLII 13658 (ON LTB),en,CEL-22798,2010-02-25,tenancy — eviction — rent — unit — keys,,2010onltb1000206,NA
onltb,2010canlii13655,https://canlii.ca/t/28tcl,https://www.canlii.org/en/on/onltb/doc/2010/2010canlii13655/2010canlii13655.html,CEL-01876-10 (Re),2010 CanLII 13655 (ON LTB),en,CEL-01876-10,2010-02-25,rent — owing — pay — tenancy — evicting,,2010onltb1000203,NA
onltb,2010canlii13653,https://canlii.ca/t/28tcj,https://www.canlii.org/en/on/onltb/doc/2010/2010canlii13653/2010canlii13653.html,CEL-01814-10 (Re),2010 CanLII 13653 (ON LTB),en,CEL-01814-10,2010-02-25,pay — charges related to cheques tendered — rent — owe — rental,,2010onltb1000201,NA
onltb,2010canlii13652,https://canlii.ca/t/28tch,https://www.canlii.org/en/on/onltb/doc/2010/2010canlii13652/2010canlii13652.html,CEL-01803-10 (Re),2010 CanLII 13652 (ON LTB),en,CEL-01803-10,2010-02-25,must pay — eviction — continue the tenancy — owing — unit,,2010onltb1000200,NA
onltb,2010canlii13651,https://canlii.ca/t/28tcg,https://www.canlii.org/en/on/onltb/doc/2010/2010canlii13651/2010canlii13651.html,CEL-01776-10 (Re),2010 CanLII 13651 (ON LTB),en,CEL-01776-10,2010-02-25,must pay — eviction — charges related to cheque charges — continue the tenancy — owing,,2010onltb1000199,NA
onltb,2010canlii13799,https://canlii.ca/t/28tjl,https://www.canlii.org/en/on/onltb/doc/2010/2010canlii13799/2010canlii13799.html,TNL-32206 (Re),2010 CanLII 13799 (ON LTB),en,TNL-32206,2010-02-24,rent — pay — tenancy — owing — evicting,,2010onltb1000347,NA
onltb,2010canlii13782,https://canlii.ca/t/28tj1,https://www.canlii.org/en/on/onltb/doc/2010/2010canlii13782/2010canlii13782.html,TET-02403 (Re),2010 CanLII 13782 (ON LTB),en,TET-02403,2010-02-24,bed bugs — extermination — building — bug — spraying,,2010onltb1000330,NA
onltb,2010canlii13762,https://canlii.ca/t/28th9,https://www.canlii.org/en/on/onltb/doc/2010/2010canlii13762/2010canlii13762.html,TEL-02405-10 (Re),2010 CanLII 13762 (ON LTB),en,TEL-02405-10,2010-02-24,tenancy — rent deposit — owing — must pay — eviction,,2010onltb1000310,NA
onltb,2010canlii13761,https://canlii.ca/t/28th6,https://www.canlii.org/en/on/onltb/doc/2010/2010canlii13761/2010canlii13761.html,TEL-02351-10-SA (Re),2010 CanLII 13761 (ON LTB),en,TEL-02351-10-SA,2010-02-24,"Lease and tenancy — Eviction — Set‑aside of ex parte order — Residential Tenancies Act, 2006, s. 78(11)(b) — Should the ex parte eviction order be set aside as not unfair? — Tenant obtained extension, made January payments within month, subsequent payment in advance — All circumstances and lack of prejudice to Landlord considered — Ex parte order cancelled | Lease and tenancy — Mediated agreement — Payment plan compliance — Whether late payments warranted termination under mediated agreement — Tenant advised Landlord of unforeseen circumstances, payments made, February instalment directed and received — Board required to look beyond breach and examine all circumstances — Mediated agreement to continue — Landlord’s L4 application dismissed | Procedure — Costs — Tribunal motions — Is the Landlord entitled to costs for attending the set‑aside motion? — Motion is part of the process, Tenants did not act unreasonably — Participation required in the interest of natural justice — No grounds to order costs against Tenants — Costs denied",,2010onltb1000309,2010canlii13761
onltb,2010canlii13757,https://canlii.ca/t/28th5,https://www.canlii.org/en/on/onltb/doc/2010/2010canlii13757/2010canlii13757.html,TEL-02394-10 (Re),2010 CanLII 13757 (ON LTB),en,TEL-02394-10,2010-02-24,arrears — rent — deposit — owes — evicting,,2010onltb1000305,NA
onltb,2010canlii13748,https://canlii.ca/t/28tgv,https://www.canlii.org/en/on/onltb/doc/2010/2010canlii13748/2010canlii13748.html,SWT-01097-09 (Re),2010 CanLII 13748 (ON LTB),en,SWT-01097-09,2010-02-24,rental unit — screen door — flooring — good state of repair — taps,,2010onltb1000296,NA
onltb,2010canlii13735,https://canlii.ca/t/28tgc,https://www.canlii.org/en/on/onltb/doc/2010/2010canlii13735/2010canlii13735.html,SOT-02844-10 (Re),2010 CanLII 13735 (ON LTB),en,SOT-02844-10,2010-02-24,alleged bed bug infestation — exterminator — bug infestation in the rental — notices of entry served — infestation in the rental unit,,2010onltb1000283,NA
onltb,2010canlii13731,https://canlii.ca/t/28tg8,https://www.canlii.org/en/on/onltb/doc/2010/2010canlii13731/2010canlii13731.html,SOT-02512-10 (Re),2010 CanLII 13731 (ON LTB),en,SOT-02512-10,2010-02-24,abatement — fire department — rent — full amount owing — fines,,2010onltb1000279,NA
onltb,2010canlii13724,https://canlii.ca/t/28tfz,https://www.canlii.org/en/on/onltb/doc/2010/2010canlii13724/2010canlii13724.html,SOL-02423-10 (Re),2010 CanLII 13724 (ON LTB),en,SOL-02423-10,2010-02-24,rent deposit — owing — tenancy — unit — pay,,2010onltb1000272,NA
onltb,2010canlii37711,https://canlii.ca/t/2bh1f,https://www.canlii.org/en/on/onltb/doc/2010/2010canlii37711/2010canlii37711.html,SWL-29357-SA (Re),2010 CanLII 37711 (ON LTB),en,SWL-29357-SA,2010-02-23,name removed — mediated — payment — motion to set — evict,,2010onltb1000895,NA
onltb,2010canlii18669,https://canlii.ca/t/29bjv,https://www.canlii.org/en/on/onltb/doc/2010/2010canlii18669/2010canlii18669.html,TEL-02318-10 (Re),2010 CanLII 18669 (ON LTB),en,TEL-02318-10,2010-02-23,rent deposit — owing — pay — tenancy terminated — owe,,2010onltb1000501,NA
onltb,2010canlii13795,https://canlii.ca/t/28tjf,https://www.canlii.org/en/on/onltb/doc/2010/2010canlii13795/2010canlii13795.html,TNL-31849 (Re),2010 CanLII 13795 (ON LTB),en,TNL-31849,2010-02-23,pay — rent — owe — owing — toll,,2010onltb1000343,NA
onltb,2010canlii13776,https://canlii.ca/t/28ths,https://www.canlii.org/en/on/onltb/doc/2010/2010canlii13776/2010canlii13776.html,TET-02221-10 (Re),2010 CanLII 13776 (ON LTB),en,TET-02221-10,2010-02-23,applied for an order determining — parking — pictures — walls — spouse,,2010onltb1000324,NA
onltb,2010canlii13756,https://canlii.ca/t/28th4,https://www.canlii.org/en/on/onltb/doc/2010/2010canlii13756/2010canlii13756.html,TEL-02266-10 (Re),2010 CanLII 13756 (ON LTB),en,TEL-02266-10,2010-02-23,eviction — must pay — continue the tenancy — owing — unit,,2010onltb1000304,NA
onltb,2010canlii13754,https://canlii.ca/t/28th1,https://www.canlii.org/en/on/onltb/doc/2010/2010canlii13754/2010canlii13754.html,SWT-05510-10 (Re),2010 CanLII 13754 (ON LTB),en,SWT-05510-10,2010-02-23,tenancy agreement — rent deposit — advertised — rental unit — collected,,2010onltb1000302,NA
onltb,2010canlii13733,https://canlii.ca/t/28tg9,https://www.canlii.org/en/on/onltb/doc/2010/2010canlii13733/2010canlii13733.html,SOT-02635-10 (Re),2010 CanLII 13733 (ON LTB),en,SOT-02635-10,2010-02-23,last month s rent deposit — collected — interest — pay — amount,,2010onltb1000281,NA
onltb,2010canlii13725,https://canlii.ca/t/28tg0,https://www.canlii.org/en/on/onltb/doc/2010/2010canlii13725/2010canlii13725.html,SOL-02465-10 (Re),2010 CanLII 13725 (ON LTB),en,SOL-02465-10,2010-02-23,rent — tenancy — evicting — owing — pay,,2010onltb1000273,NA
onltb,2010canlii13805,https://canlii.ca/t/28tjr,https://www.canlii.org/en/on/onltb/doc/2010/2010canlii13805/2010canlii13805.html,TNL-32592 (Re),2010 CanLII 13805 (ON LTB),en,TNL-32592,2010-02-22,eviction — superintendent — unit — vacated — tenancy,,2010onltb1000353,NA
onltb,2010canlii13803,https://canlii.ca/t/28tjq,https://www.canlii.org/en/on/onltb/doc/2010/2010canlii13803/2010canlii13803.html,TNL-32492 (Re),2010 CanLII 13803 (ON LTB),en,TNL-32492,2010-02-22,tenancy — guaranteed funds — persistently late in paying — pay — evicting,,2010onltb1000351,NA
onltb,2010canlii13796,https://canlii.ca/t/28tjg,https://www.canlii.org/en/on/onltb/doc/2010/2010canlii13796/2010canlii13796.html,TNL-32051 (Re),2010 CanLII 13796 (ON LTB),en,TNL-32051,2010-02-22,tenancy — evicting — toll — owes — payment,,2010onltb1000344,NA
onltb,2010canlii13768,https://canlii.ca/t/28thl,https://www.canlii.org/en/on/onltb/doc/2010/2010canlii13768/2010canlii13768.html,TEL-28477 (Re),2010 CanLII 13768 (ON LTB),en,TEL-28477,2010-02-22,ledger — rent — owe — period of time — omissions,,2010onltb1000316,NA
onltb,2010canlii13737,https://canlii.ca/t/28tgf,https://www.canlii.org/en/on/onltb/doc/2010/2010canlii13737/2010canlii13737.html,SWL-03465-09-RV (Re),2010 CanLII 13737 (ON LTB),en,SWL-03465-09-RV,2010-02-22,rental unit — rent deposit — eviction — residential complex — compensation,,2010onltb1000285,NA
onltb,2010canlii13704,https://canlii.ca/t/28tf7,https://www.canlii.org/en/on/onltb/doc/2010/2010canlii13704/2010canlii13704.html,NOL-01007-10 (Re),2010 CanLII 13704 (ON LTB),en,NOL-01007-10,2010-02-22,tenancy — eviction — pay — rent deposit — owing,,2010onltb1000252,NA
onltb,2010canlii13694,https://canlii.ca/t/28tdv,https://www.canlii.org/en/on/onltb/doc/2010/2010canlii13694/2010canlii13694.html,EAT-03824-10 (Re),2010 CanLII 13694 (ON LTB),en,EAT-03824-10,2010-02-22,switch — breaker — power — technician — maintenance,,2010onltb1000242,NA
onltb,2010canlii13691,https://canlii.ca/t/28tds,https://www.canlii.org/en/on/onltb/doc/2010/2010canlii13691/2010canlii13691.html,EAT-03198-09 (Re),2010 CanLII 13691 (ON LTB),en,EAT-03198-09,2010-02-22,last month s rent deposit — totalling — rental unit — amount — interest,,2010onltb1000239,NA
onltb,2010canlii13683,https://canlii.ca/t/28tdj,https://www.canlii.org/en/on/onltb/doc/2010/2010canlii13683/2010canlii13683.html,EAL-03954-10-SA (Re),2010 CanLII 13683 (ON LTB),en,EAL-03954-10-SA,2010-02-22,mediated agreement — motion to set aside — evict — toll — owe,,2010onltb1000231,NA
onltb,2010canlii13677,https://canlii.ca/t/28tdb,https://www.canlii.org/en/on/onltb/doc/2010/2010canlii13677/2010canlii13677.html,EAL-03727-10 (Re),2010 CanLII 13677 (ON LTB),en,EAL-03727-10,2010-02-22,tenancy — unit — evict — toll — garbage,,2010onltb1000225,NA
onltb,2010canlii18576,https://canlii.ca/t/29bfn,https://www.canlii.org/en/on/onltb/doc/2010/2010canlii18576/2010canlii18576.html,EAL-03794-10 (Re),2010 CanLII 18576 (ON LTB),en,EAL-03794-10,2010-02-19,amount of the outstanding arrears — tenancy — evicting — pay — rent,,2010onltb1000408,NA
onltb,2010canlii13834,https://canlii.ca/t/28tkp,https://www.canlii.org/en/on/onltb/doc/2010/2010canlii13834/2010canlii13834.html,TST-01904 (Re),2010 CanLII 13834 (ON LTB),en,TST-01904,2010-02-19,laundry room — graffiti — residential complex — crack — elevator,,2010onltb1000382,NA
onltb,2010canlii13816,https://canlii.ca/t/28tk5,https://www.canlii.org/en/on/onltb/doc/2010/2010canlii13816/2010canlii13816.html,TSL-28234-SA (Re),2010 CanLII 13816 (ON LTB),en,TSL-28234-SA,2010-02-19,void — non-refundable — amount — eviction order during the period — paid,,2010onltb1000364,NA
onltb,2010canlii13802,https://canlii.ca/t/28tjn,https://www.canlii.org/en/on/onltb/doc/2010/2010canlii13802/2010canlii13802.html,TNL-32222 (Re),2010 CanLII 13802 (ON LTB),en,TNL-32222,2010-02-19,rent — deposit — arrears — tenancy — owing,,2010onltb1000350,NA
onltb,2010canlii13801,https://canlii.ca/t/28tjm,https://www.canlii.org/en/on/onltb/doc/2010/2010canlii13801/2010canlii13801.html,TNL-32202 (Re),2010 CanLII 13801 (ON LTB),en,TNL-32202,2010-02-19,rent — representing arrears — pay — eviction — owing,,2010onltb1000349,NA
onltb,2010canlii13786,https://canlii.ca/t/28tj3,https://www.canlii.org/en/on/onltb/doc/2010/2010canlii13786/2010canlii13786.html,TNL-28615-RV2 (Re),2010 CanLII 13786 (ON LTB),en,TNL-28615-RV2,2010-02-19,request to review — initiated — issued — mortgagee — purporting,,2010onltb1000334,NA
onltb,2010canlii13758,https://canlii.ca/t/28th3,https://www.canlii.org/en/on/onltb/doc/2010/2010canlii13758/2010canlii13758.html,TEL-02234-10 (Re),2010 CanLII 13758 (ON LTB),en,TEL-02234-10,2010-02-19,tenancy — rent deposit — eviction — pay — owing,,2010onltb1000306,NA
onltb,2010canlii13744,https://canlii.ca/t/28tgp,https://www.canlii.org/en/on/onltb/doc/2010/2010canlii13744/2010canlii13744.html,SWL-05209-10 (Re),2010 CanLII 13744 (ON LTB),en,SWL-05209-10,2010-02-19,eviction — rental unit — tenancy — toll — expires,,2010onltb1000292,NA
onltb,2010canlii13708,https://canlii.ca/t/28tfb,https://www.canlii.org/en/on/onltb/doc/2010/2010canlii13708/2010canlii13708.html,NOT-00506-09-RV (Re),2010 CanLII 13708 (ON LTB),en,NOT-00506-09-RV,2010-02-19,able to participate — issued — toll — maintenance — postal,,2010onltb1000256,NA
onltb,2010canlii13702,https://canlii.ca/t/28tf5,https://www.canlii.org/en/on/onltb/doc/2010/2010canlii13702/2010canlii13702.html,NOL-01096-10 (Re),2010 CanLII 13702 (ON LTB),en,NOL-01096-10,2010-02-19,arrears — rent — pay — tenancy — evicting,,2010onltb1000250,NA
onltb,2010canlii13700,https://canlii.ca/t/28tf4,https://www.canlii.org/en/on/onltb/doc/2010/2010canlii13700/2010canlii13700.html,NOL-00987-10 (Re),2010 CanLII 13700 (ON LTB),en,NOL-00987-10,2010-02-19,rent — arrears — pay — tenancy — evicting,,2010onltb1000248,NA
onltb,2010canlii13697,https://canlii.ca/t/28tf0,https://www.canlii.org/en/on/onltb/doc/2010/2010canlii13697/2010canlii13697.html,NOL-00845-09 (Re),2010 CanLII 13697 (ON LTB),en,NOL-00845-09,2010-02-19,last month rent deposit — cheque — amount — identifies the bank s stamp — owes,,2010onltb1000245,NA
onltb,2010canlii13668,https://canlii.ca/t/28td1,https://www.canlii.org/en/on/onltb/doc/2010/2010canlii13668/2010canlii13668.html,EAL-03122-09 (Re),2010 CanLII 13668 (ON LTB),en,EAL-03122-09,2010-02-19,lawful monthly rent — arrears — pay — tenancy — evicting,,2010onltb1000216,NA
onltb,2010canlii37731,https://canlii.ca/t/2bh2b,https://www.canlii.org/en/on/onltb/doc/2010/2010canlii37731/2010canlii37731.html,TEL-27316-RV (Re),2010 CanLII 37731 (ON LTB),en,TEL-27316-RV,2010-02-18,husband s name removed — residential complex — rental unit — landlord — tenancy,,2010onltb1000915,NA
onltb,2010canlii13822,https://canlii.ca/t/28tkb,https://www.canlii.org/en/on/onltb/doc/2010/2010canlii13822/2010canlii13822.html,TSL-29549 (Re),2010 CanLII 13822 (ON LTB),en,TSL-29549,2010-02-18,rent — pay — owe — tenancy — owing,,2010onltb1000370,NA
onltb,2010canlii13783,https://canlii.ca/t/28tj2,https://www.canlii.org/en/on/onltb/doc/2010/2010canlii13783/2010canlii13783.html,TET-02404 (Re),2010 CanLII 13783 (ON LTB),en,TET-02404,2010-02-18,dishes — cabinet — illegally — maintain the rental unit — wall,,2010onltb1000331,NA
onltb,2010canlii13760,https://canlii.ca/t/28th8,https://www.canlii.org/en/on/onltb/doc/2010/2010canlii13760/2010canlii13760.html,TEL-26640-VO (Re),2010 CanLII 13760 (ON LTB),en,TEL-26640- VO,2010-02-18,eviction order during the period — void — motion — period of the tenancy agreement — enforced,,2010onltb1000308,NA
onltb,2010canlii13755,https://canlii.ca/t/28th2,https://www.canlii.org/en/on/onltb/doc/2010/2010canlii13755/2010canlii13755.html,TEL-02229-10 (Re),2010 CanLII 13755 (ON LTB),en,TEL-02229-10,2010-02-18,rental unit for the purpose — rent — purpose of residential occupation — evict — application,,2010onltb1000303,NA
onltb,2010canlii13729,https://canlii.ca/t/28tg5,https://www.canlii.org/en/on/onltb/doc/2010/2010canlii13729/2010canlii13729.html,SOL-02531-10 (Re),2010 CanLII 13729 (ON LTB),en,SOL-02531-10,2010-02-18,must pay — eviction — continue the tenancy — amount owing — unit,,2010onltb1000277,NA
onltb,2010canlii13690,https://canlii.ca/t/28tdr,https://www.canlii.org/en/on/onltb/doc/2010/2010canlii13690/2010canlii13690.html,EAT-03584-10 (Re),2010 CanLII 13690 (ON LTB),en,EAT-03584-10,2010-02-18,opportunity to be heard — interfered with the reasonable — violations — allegations — supply,,2010onltb1000238,NA
onltb,2010canlii13681,https://canlii.ca/t/28tdf,https://www.canlii.org/en/on/onltb/doc/2010/2010canlii13681/2010canlii13681.html,EAL-03805-10 (Re),2010 CanLII 13681 (ON LTB),en,EAL-03805-10,2010-02-18,eviction — rent — pay — will start to owe interest — annually on the balance outstanding,,2010onltb1000229,NA
onltb,2010canlii13674,https://canlii.ca/t/28td7,https://www.canlii.org/en/on/onltb/doc/2010/2010canlii13674/2010canlii13674.html,EAL-03615-10 (Re),2010 CanLII 13674 (ON LTB),en,EAL-03615-10,2010-02-18,tenancy — eviction — arrears — unit — owes,,2010onltb1000222,NA
onltb,2010canlii13837,https://canlii.ca/t/28tkr,https://www.canlii.org/en/on/onltb/doc/2010/2010canlii13837/2010canlii13837.html,TSL-19198 (Re),2010 CanLII 13837 (ON LTB),en,TSL-19198; TST-02434,2010-02-17,tenancy — rent — eviction — abatement — pay,,2010onltb1000385,NA
onltb,2010canlii13818,https://canlii.ca/t/28tk6,https://www.canlii.org/en/on/onltb/doc/2010/2010canlii13818/2010canlii13818.html,TSL-28031-SA-RV (Re),2010 CanLII 13818 (ON LTB),en,TSL-28031-SA-RV,2010-02-17,request for review — issued — motion to void — tenancy — eviction,,2010onltb1000366,NA
onltb,2010canlii13773,https://canlii.ca/t/28thr,https://www.canlii.org/en/on/onltb/doc/2010/2010canlii13773/2010canlii13773.html,TET-02212-10 (Re),2010 CanLII 13773 (ON LTB),en,TET-02212-10,2010-02-17,last month s rent deposit — tenancy — rental — amount — signifies,,2010onltb1000321,NA
onltb,2010canlii13759,https://canlii.ca/t/28th7,https://www.canlii.org/en/on/onltb/doc/2010/2010canlii13759/2010canlii13759.html,TEL-26596-RV (Re),2010 CanLII 13759 (ON LTB),en,TEL-26596-RV,2010-02-17,mediated agreement — evict — replaced — toll — tenancy,,2010onltb1000307,NA
onltb,2010canlii13727,https://canlii.ca/t/28tg2,https://www.canlii.org/en/on/onltb/doc/2010/2010canlii13727/2010canlii13727.html,SOL-02482-10 (Re),2010 CanLII 13727 (ON LTB),en,SOL-02482-10,2010-02-17,rent deposit — evict — rental unit — owe — pay,,2010onltb1000275,NA
onltb,2010canlii13695,https://canlii.ca/t/28tdx,https://www.canlii.org/en/on/onltb/doc/2010/2010canlii13695/2010canlii13695.html,NOL-00703-09 (Re),2010 CanLII 13695 (ON LTB),en,NOL-00703-09,2010-02-17,noise from s apartment — complaints — rental unit — running — water,,2010onltb1000243,NA
onltb,2010canlii13685,https://canlii.ca/t/28tdl,https://www.canlii.org/en/on/onltb/doc/2010/2010canlii13685/2010canlii13685.html,EAL-04019-10-SA (Re),2010 CanLII 13685 (ON LTB),en,EAL-04019-10-SA,2010-02-17,lawful monthly rent — applied to the arrears — ex-parte — amount — pay,,2010onltb1000233,NA
onltb,2010canlii13684,https://canlii.ca/t/28tdk,https://www.canlii.org/en/on/onltb/doc/2010/2010canlii13684/2010canlii13684.html,EAL-03855-10 (Re),2010 CanLII 13684 (ON LTB),en,EAL-03855-10; EAT-03579-10,2010-02-17,eviction — rent — tenancy — basement apartment — unit,,2010onltb1000232,NA
onltb,2010canlii12107,https://canlii.ca/t/28ltd,https://www.canlii.org/en/on/onltb/doc/2010/2010canlii12107/2010canlii12107.html,TSL-27933-SA (Re),2010 CanLII 12107 (ON LTB),en,TSL-27933-SA,2010-02-17,consented — motion to set aside — evict — mediated — issued,,2010onltb1000170,NA
onltb,2010canlii37775,https://canlii.ca/t/2bh46,https://www.canlii.org/en/on/onltb/doc/2010/2010canlii37775/2010canlii37775.html,TSL-30003 (Re),2010 CanLII 37775 (ON LTB),en,TSL-30003,2010-02-16,eviction — tenancy — rent deposit — owing — pay,,2010onltb1000959,NA
onltb,2010canlii13829,https://canlii.ca/t/28tkl,https://www.canlii.org/en/on/onltb/doc/2010/2010canlii13829/2010canlii13829.html,TSL-30071 (Re),2010 CanLII 13829 (ON LTB),en,TSL-30071,2010-02-16,rental unit — eviction — tenancy — pay — compensation,,2010onltb1000377,NA
onltb,2010canlii13824,https://canlii.ca/t/28tkc,https://www.canlii.org/en/on/onltb/doc/2010/2010canlii13824/2010canlii13824.html,TSL-29623 (Re),2010 CanLII 13824 (ON LTB),en,TSL-29623,2010-02-16,rent — arrears — tenancy — pay — deposit,,2010onltb1000372,NA
onltb,2010canlii13820,https://canlii.ca/t/28tk8,https://www.canlii.org/en/on/onltb/doc/2010/2010canlii13820/2010canlii13820.html,TSL-29356 (Re),2010 CanLII 13820 (ON LTB),en,TSL-29356,2010-02-16,ground for termination — rental unit — spray — residential — hooks,,2010onltb1000368,NA
onltb,2010canlii13747,https://canlii.ca/t/28tgs,https://www.canlii.org/en/on/onltb/doc/2010/2010canlii13747/2010canlii13747.html,SWL-05594-10-SA (Re),2010 CanLII 13747 (ON LTB),en,SWL-05594-10-SA,2010-02-16,terminate the tenancy — eviction — last months rent deposit will — non-voidable — set aside,,2010onltb1000295,NA
onltb,2010canlii13741,https://canlii.ca/t/28tgl,https://www.canlii.org/en/on/onltb/doc/2010/2010canlii13741/2010canlii13741.html,SWL-05080-10 (Re),2010 CanLII 13741 (ON LTB),en,SWL-05080-10,2010-02-16,rent — pay — charges — represents — owe,,2010onltb1000289,NA
onltb,2010canlii13721,https://canlii.ca/t/28tft,https://www.canlii.org/en/on/onltb/doc/2010/2010canlii13721/2010canlii13721.html,SOL-02347-10-VO (Re),2010 CanLII 13721 (ON LTB),en,SOL-02347-10-VO,2010-02-16,eviction order became enforceable — amount required to void — ies — cheque — toll,,2010onltb1000269,NA
onltb,2010canlii13720,https://canlii.ca/t/28tfv,https://www.canlii.org/en/on/onltb/doc/2010/2010canlii13720/2010canlii13720.html,SOL-02402-10-SA (Re),2010 CanLII 13720 (ON LTB),en,SOL-02402-10-SA,2010-02-16,terminate the tenancy — motion to set aside — evict — toll — unchanged,,2010onltb1000268,NA
onltb,2010canlii13713,https://canlii.ca/t/28tfl,https://www.canlii.org/en/on/onltb/doc/2010/2010canlii13713/2010canlii13713.html,SOL-01927-09 (Re),2010 CanLII 13713 (ON LTB),en,SOL-01927-09,2010-02-16,eviction — tenancy — rent deposit — owing — pay,,2010onltb1000261,NA
onltb,2010canlii13711,https://canlii.ca/t/28tfh,https://www.canlii.org/en/on/onltb/doc/2010/2010canlii13711/2010canlii13711.html,SOL-01737-09-VO (Re),2010 CanLII 13711 (ON LTB),en,SOL-01737-09-VO,2010-02-16,tenancy — persistent late payment — rent — amount required to void — evicting,,2010onltb1000259,NA
onltb,2010canlii13679,https://canlii.ca/t/28tdd,https://www.canlii.org/en/on/onltb/doc/2010/2010canlii13679/2010canlii13679.html,EAL-03825-10 (Re),2010 CanLII 13679 (ON LTB),en,EAL-03825-10,2010-02-16,rental unit — dog — complex — tenants — carpets,,2010onltb1000227,NA
onltb,2010canlii13673,https://canlii.ca/t/28td6,https://www.canlii.org/en/on/onltb/doc/2010/2010canlii13673/2010canlii13673.html,EAL-03531-10 (Re),2010 CanLII 13673 (ON LTB),en,EAL-03531-10,2010-02-16,evict — terminate the tenancy — rent — toll — consecutive,,2010onltb1000221,NA
onltb,2010canlii13669,https://canlii.ca/t/28td3,https://www.canlii.org/en/on/onltb/doc/2010/2010canlii13669/2010canlii13669.html,EAL-03256-09-RV (Re),2010 CanLII 13669 (ON LTB),en,EAL-03256-09-RV,2010-02-16,rent — serious error — review — matter-of-factly — pay,,2010onltb1000217,NA
onltb,2010canlii13657,https://canlii.ca/t/28tcn,https://www.canlii.org/en/on/onltb/doc/2010/2010canlii13657/2010canlii13657.html,CEL-22461  (Re),2010 CanLII 13657 (ON LTB),en,CEL-22461; CET-02516,2010-02-16,enjoyment of the rental unit — residential complex — tenancy — upper — smoking,,2010onltb1000205,NA
onltb,2010canlii12109,https://canlii.ca/t/28ltc,https://www.canlii.org/en/on/onltb/doc/2010/2010canlii12109/2010canlii12109.html,TSL-14549-RV (Re),2010 CanLII 12109 (ON LTB),en,TSL-14549-RV; TSL-24623-RV,2010-02-16,issued — request — review — evict — resolved,,2010onltb1000172,NA
onltb,2010canlii13835,https://canlii.ca/t/28tkt,https://www.canlii.org/en/on/onltb/doc/2010/2010canlii13835/2010canlii13835.html,TST-03033 (Re),2010 CanLII 13835 (ON LTB),en,TST-03033,2010-02-12,interfered — application is discontinued — coerced — obstructed — toll,,2010onltb1000383,NA
onltb,2010canlii13830,https://canlii.ca/t/28tkk,https://www.canlii.org/en/on/onltb/doc/2010/2010canlii13830/2010canlii13830.html,TSL-29843 (Re),2010 CanLII 13830 (ON LTB),en,TSL-29843,2010-02-12,occupants — belongings — unit by midnight — eviction — jurisidiction,,2010onltb1000378,NA
onltb,2010canlii13813,https://canlii.ca/t/28tk1,https://www.canlii.org/en/on/onltb/doc/2010/2010canlii13813/2010canlii13813.html,TNT-02203 (Re),2010 CanLII 13813 (ON LTB),en,TNT-02203,2010-02-12,property — superintendent — belongings — rent arrears — office manager,,2010onltb1000361,NA
onltb,2010canlii13742,https://canlii.ca/t/28tgm,https://www.canlii.org/en/on/onltb/doc/2010/2010canlii13742/2010canlii13742.html,SWL-04782-10 (Re),2010 CanLII 13742 (ON LTB),en,SWL-04782-10,2010-02-12,rent — cheques — payment — administrative charges — owe,,2010onltb1000290,NA
onltb,2010canlii13734,https://canlii.ca/t/28tgb,https://www.canlii.org/en/on/onltb/doc/2010/2010canlii13734/2010canlii13734.html,SOT-02586-10 (Re),2010 CanLII 13734 (ON LTB),en,SOT-02586-10,2010-02-12,unit — paralegal — applied for an order determining — toll — maintenance,,2010onltb1000282,NA
onltb,2010canlii13715,https://canlii.ca/t/28tfn,https://www.canlii.org/en/on/onltb/doc/2010/2010canlii13715/2010canlii13715.html,SOL-01967-09-RV (Re),2010 CanLII 13715 (ON LTB),en,SOL-01967-09-RV,2010-02-12,eviction — tenancy — pay — unit — rent,,2010onltb1000263,NA
onltb,2010canlii13675,https://canlii.ca/t/28td8,https://www.canlii.org/en/on/onltb/doc/2010/2010canlii13675/2010canlii13675.html,EAT-04001-10 (Re),2010 CanLII 13675 (ON LTB),en,EAT-04001-10; EAL-03694-10,2010-02-12,tenancy — interfered — issued — pay — consecutive month commencing,,2010onltb1000223,NA
onltb,2010canlii13646,https://canlii.ca/t/28tc9,https://www.canlii.org/en/on/onltb/doc/2010/2010canlii13646/2010canlii13646.html,CEL-01498-09-SA (Re),2010 CanLII 13646 (ON LTB),en,CEL-01498-09-SA,2010-02-12,arrears of rent — issued — motion to set aside — evict — extenuating,,2010onltb1000194,NA
onltb,2010canlii12106,https://canlii.ca/t/28ltb,https://www.canlii.org/en/on/onltb/doc/2010/2010canlii12106/2010canlii12106.html,TSL-26816-SA (Re),2010 CanLII 12106 (ON LTB),en,TSL-26816-SA,2010-02-12,mediated — unfair to set aside — payments — evict — toll,,2010onltb1000169,NA
onltb,2010canlii13780,https://canlii.ca/t/28thv,https://www.canlii.org/en/on/onltb/doc/2010/2010canlii13780/2010canlii13780.html,TEL-28369 (Re),2010 CanLII 13780 (ON LTB),en,TEL-28369,2010-02-11,tenancy — eviction — rent deposit — pay — owing,,2010onltb1000328,NA
onltb,2010canlii13745,https://canlii.ca/t/28tgq,https://www.canlii.org/en/on/onltb/doc/2010/2010canlii13745/2010canlii13745.html,SWL-05224-10 (Re),2010 CanLII 13745 (ON LTB),en,SWL-05224-10,2010-02-11,rental unit — illegal drug — eviction — terminate the tenancy — trafficking,,2010onltb1000293,NA
onltb,2010canlii13732,https://canlii.ca/t/28tg7,https://www.canlii.org/en/on/onltb/doc/2010/2010canlii13732/2010canlii13732.html,SOT-02317-10 (Re),2010 CanLII 13732 (ON LTB),en,SOT-02317-10,2010-02-11,bathroom — habitable unit — pay — last months rent — holes,,2010onltb1000280,NA
onltb,2010canlii13726,https://canlii.ca/t/28tg1,https://www.canlii.org/en/on/onltb/doc/2010/2010canlii13726/2010canlii13726.html,SOL-02430-10 (Re),2010 CanLII 13726 (ON LTB),en,SOL-02430-10,2010-02-11,eviction — tenancy — cheque charges — rent — pay,,2010onltb1000274,NA
onltb,2010canlii13723,https://canlii.ca/t/28tfx,https://www.canlii.org/en/on/onltb/doc/2010/2010canlii13723/2010canlii13723.html,SOL-02376-10 (Re),2010 CanLII 13723 (ON LTB),en,SOL-02376-10,2010-02-11,eviction — occupant of the rental unit — permitted in the residential complex — enjoyment — tenancy,,2010onltb1000271,NA
onltb,2010canlii13705,https://canlii.ca/t/28tf8,https://www.canlii.org/en/on/onltb/doc/2010/2010canlii13705/2010canlii13705.html,NOL-01115-10 (Re),2010 CanLII 13705 (ON LTB),en,NOL-01115-10,2010-02-11,rental unit — tenancy — illegal drug — trafficking — eviction,,2010onltb1000253,NA
onltb,2010canlii13696,https://canlii.ca/t/28tdz,https://www.canlii.org/en/on/onltb/doc/2010/2010canlii13696/2010canlii13696.html,NOL-00733-09 (Re),2010 CanLII 13696 (ON LTB),en,NOL-00733-09,2010-02-11,rental unit for the purpose — tenancy — evict — purpose of residential — possession of the rental unit,,2010onltb1000244,NA
onltb,2010canlii13672,https://canlii.ca/t/28td5,https://www.canlii.org/en/on/onltb/doc/2010/2010canlii13672/2010canlii13672.html,EAL-03377-10 (Re),2010 CanLII 13672 (ON LTB),en,EAL-03377-10,2010-02-11,rent — rental unit — pay — co-signer — toll,,2010onltb1000220,NA
onltb,2010canlii13665,https://canlii.ca/t/28tcx,https://www.canlii.org/en/on/onltb/doc/2010/2010canlii13665/2010canlii13665.html,EAL-02190-09 (Re),2010 CanLII 13665 (ON LTB),en,EAL-02190-09,2010-02-11,pay — tenancy — evicting — rent — held by the representative,,2010onltb1000213,NA
onltb,2010canlii13826,https://canlii.ca/t/28tkh,https://www.canlii.org/en/on/onltb/doc/2010/2010canlii13826/2010canlii13826.html,TSL-29767 (Re),2010 CanLII 13826 (ON LTB),en,TSL-29767,2010-02-10,possessions from the rental unit — tenancy — eviction — last month s rent deposit — arrears,,2010onltb1000374,NA
onltb,2010canlii13825,https://canlii.ca/t/28tkf,https://www.canlii.org/en/on/onltb/doc/2010/2010canlii13825/2010canlii13825.html,TSL-29550 (Re),2010 CanLII 13825 (ON LTB),en,TSL-29550,2010-02-10,tenancy — eviction — rent deposit — pay — owing,,2010onltb1000373,NA
onltb,2010canlii13784,https://canlii.ca/t/28tj0,https://www.canlii.org/en/on/onltb/doc/2010/2010canlii13784/2010canlii13784.html,TEL-27595  (Re),2010 CanLII 13784 (ON LTB),en,TEL-27595; TET-02337,2010-02-10,rent — tenancy — rental unit — smoke detector — ceiling tiles,,2010onltb1000332,NA
onltb,2010canlii13772,https://canlii.ca/t/28thn,https://www.canlii.org/en/on/onltb/doc/2010/2010canlii13772/2010canlii13772.html,TEL-28125 (Re),2010 CanLII 13772 (ON LTB),en,TEL-28125,2010-02-10,eviction — tenancy — rent deposit — pay — owing,,2010onltb1000320,NA
onltb,2010canlii13719,https://canlii.ca/t/28tfs,https://www.canlii.org/en/on/onltb/doc/2010/2010canlii13719/2010canlii13719.html,SOL-02241-09 (Re),2010 CanLII 13719 (ON LTB),en,SOL-02241-09,2010-02-10,terminate the tenancy — rent deposit — eviction — owing — pay,,2010onltb1000267,NA
onltb,2010canlii13698,https://canlii.ca/t/28tf1,https://www.canlii.org/en/on/onltb/doc/2010/2010canlii13698/2010canlii13698.html,NOL-00895-10 (Re),2010 CanLII 13698 (ON LTB),en,NOL-00895-10,2010-02-10,eviction — tenancy — rent deposit — pay — owing,,2010onltb1000246,NA
onltb,2010canlii13680,https://canlii.ca/t/28tdg,https://www.canlii.org/en/on/onltb/doc/2010/2010canlii13680/2010canlii13680.html,EAL-03728-10 (Re),2010 CanLII 13680 (ON LTB),en,EAL-03728-10,2010-02-10,ex-parte — tenancy — evicting — coordinates — arrears,,2010onltb1000228,NA
onltb,2010canlii13678,https://canlii.ca/t/28tdc,https://www.canlii.org/en/on/onltb/doc/2010/2010canlii13678/2010canlii13678.html,EAL-03418-10 (Re),2010 CanLII 13678 (ON LTB),en,EAL-03418-10,2010-02-10,eviction — tenancy — rent deposit — pay — owing,,2010onltb1000226,NA
onltb,2010canlii13676,https://canlii.ca/t/28td9,https://www.canlii.org/en/on/onltb/doc/2010/2010canlii13676/2010canlii13676.html,EAL-03701-10 (Re),2010 CanLII 13676 (ON LTB),en,EAL-03701-10,2010-02-10,tenancy — rent deposit — eviction — owing — pay,,2010onltb1000224,NA
onltb,2010canlii13656,https://canlii.ca/t/28tcm,https://www.canlii.org/en/on/onltb/doc/2010/2010canlii13656/2010canlii13656.html,CEL-22737 (Re),2010 CanLII 13656 (ON LTB),en,CEL-22737,2010-02-10,tenancy — waives — non-voidable — evict — rent,,2010onltb1000204,NA
onltb,2010canlii13650,https://canlii.ca/t/28tcf,https://www.canlii.org/en/on/onltb/doc/2010/2010canlii13650/2010canlii13650.html,CEL-01559-10 (Re),2010 CanLII 13650 (ON LTB),en,CEL-01559-10,2010-02-10,eviction — tenancy — pay — owing — unit,,2010onltb1000198,NA
onltb,2010canlii37690,https://canlii.ca/t/2bh0q,https://www.canlii.org/en/on/onltb/doc/2010/2010canlii37690/2010canlii37690.html,SWL-04546-10 (Re),2010 CanLII 37690 (ON LTB),en,SWL-04546-10,2010-02-09,eviction — tenancy — pay — unit — rent,,2010onltb1000874,NA
onltb,2010canlii18742,https://canlii.ca/t/29bmc,https://www.canlii.org/en/on/onltb/doc/2010/2010canlii18742/2010canlii18742.html,TSL-29630 (Re),2010 CanLII 18742 (ON LTB),en,TSL-29630,2010-02-09,eviction — tenancy — rent deposit — pay — owing,,2010onltb1000574,NA
onltb,2010canlii13833,https://canlii.ca/t/28tkm,https://www.canlii.org/en/on/onltb/doc/2010/2010canlii13833/2010canlii13833.html,TSL-30057 (Re),2010 CanLII 13833 (ON LTB),en,TSL-30057,2010-02-09,rent deposit — owing — unit — pay — evict,,2010onltb1000381,NA
onltb,2010canlii13831,https://canlii.ca/t/28tkq,https://www.canlii.org/en/on/onltb/doc/2010/2010canlii13831/2010canlii13831.html,TST-02967 (Re),2010 CanLII 13831 (ON LTB),en,TST-02967,2010-02-09,toll — application — illegally — withdrawal — collected,,2010onltb1000379,NA
onltb,2010canlii13779,https://canlii.ca/t/28thx,https://www.canlii.org/en/on/onltb/doc/2010/2010canlii13779/2010canlii13779.html,TET-02392 (Re),2010 CanLII 13779 (ON LTB),en,TET-02392,2010-02-09,rental unit — plumber — repairs — abatement — verify,,2010onltb1000327,NA
onltb,2010canlii13778,https://canlii.ca/t/28tht,https://www.canlii.org/en/on/onltb/doc/2010/2010canlii13778/2010canlii13778.html,TET-02094 (Re),2010 CanLII 13778 (ON LTB),en,TET-02094,2010-02-09,locks — unit — subtenant — keys — daughter,,2010onltb1000326,NA
onltb,2010canlii13750,https://canlii.ca/t/28tgx,https://www.canlii.org/en/on/onltb/doc/2010/2010canlii13750/2010canlii13750.html,SWT-04798-10 (Re),2010 CanLII 13750 (ON LTB),en,SWT-04798-10,2010-02-09,neighbouring tenant — enjoyment of the rental unit — undue noise coming — evidence — superintendent,,2010onltb1000298,NA
onltb,2010canlii13736,https://canlii.ca/t/28tgd,https://www.canlii.org/en/on/onltb/doc/2010/2010canlii13736/2010canlii13736.html,SWL-03782-09-RV (Re),2010 CanLII 13736 (ON LTB),en,SWL-03782-09-RV,2010-02-09,tenancy — unit — eviction may be enforced — vacant — mutually,,2010onltb1000284,NA
onltb,2010canlii13663,https://canlii.ca/t/28tcv,https://www.canlii.org/en/on/onltb/doc/2010/2010canlii13663/2010canlii13663.html,CET-01207-09 (Re),2010 CanLII 13663 (ON LTB),en,CET-01207-09,2010-02-09,amendment — documents — interfered — bunch — enjoyment of the rental unit,,2010onltb1000211,NA
onltb,2010canlii12113,https://canlii.ca/t/28ltk,https://www.canlii.org/en/on/onltb/doc/2010/2010canlii12113/2010canlii12113.html,TSL-28833 (Re),2010 CanLII 12113 (ON LTB),en,TSL-28833,2010-02-09,rental unit — rent — tenancy — evict — persistently,,2010onltb1000176,NA
onltb,2010canlii13827,https://canlii.ca/t/28tkg,https://www.canlii.org/en/on/onltb/doc/2010/2010canlii13827/2010canlii13827.html,TSL-29744 (Re),2010 CanLII 13827 (ON LTB),en,TSL-29744,2010-02-08,tenancy — rent deposit — eviction — owing — pay,,2010onltb1000375,NA
onltb,2010canlii13821,https://canlii.ca/t/28tk9,https://www.canlii.org/en/on/onltb/doc/2010/2010canlii13821/2010canlii13821.html,TSL-29379 (Re),2010 CanLII 13821 (ON LTB),en,TSL-29379,2010-02-08,interim — evict — reconvening — toll — copied,,2010onltb1000369,NA
onltb,2010canlii13787,https://canlii.ca/t/28tj5,https://www.canlii.org/en/on/onltb/doc/2010/2010canlii13787/2010canlii13787.html,TNL-29458-RV (Re),2010 CanLII 13787 (ON LTB),en,TNL-29458-RV,2010-02-08,eviction — tenancy — rent deposit — pay — owing,,2010onltb1000335,NA
onltb,2010canlii13774,https://canlii.ca/t/28thp,https://www.canlii.org/en/on/onltb/doc/2010/2010canlii13774/2010canlii13774.html,TEL-28151 (Re),2010 CanLII 13774 (ON LTB),en,TEL-28151,2010-02-08,tenancy — rent deposit — eviction — pay — voids,,2010onltb1000322,NA
onltb,2010canlii13752,https://canlii.ca/t/28tgz,https://www.canlii.org/en/on/onltb/doc/2010/2010canlii13752/2010canlii13752.html,SWT-04756-10 (Re),2010 CanLII 13752 (ON LTB),en,SWT-04756-10,2010-02-08,"Lease and tenancy — Rent deposit interest — Residential Tenancies Act, 2006 — Whether the Landlord failed to pay interest on the rent deposit — Statutory interest calculated for defined periods and rates — Tenant vacated and applied after interest remained unpaid — Order requiring payment of $55.84 for interest owing to end of tenancy — Interest ordered | Lease and tenancy — Successor landlord obligations — Residential Tenancies Act, 2006, s. 18 — Do covenants run with the land, binding a purchaser to the rent deposit and accrued interest — Purchase of the residential complex transferred deposit obligations — With the purchase, the Landlord assumed outstanding interest owed to the Tenant — Liability of purchaser confirmed | Lease and tenancy — Costs — Tribunal costs — Whether the Tenant is entitled to filing costs where interest was owing when the application was filed — Landlord owed interest when application commenced — Order for $45 filing cost in favour of the Tenant — Costs awarded | Lease and tenancy — Satisfaction and payment — Enforcement — Effect of cheque tendered by the Landlord Agent for interest owing — If the cheque clears, it fully satisfies the Tenant’s claim — Amount to be applied against the order — Provision for post-order simple interest if unpaid — Claim satisfied upon clearance of cheque",,2010onltb1000300,2010canlii13752
onltb,2010canlii13706,https://canlii.ca/t/28tf9,https://www.canlii.org/en/on/onltb/doc/2010/2010canlii13706/2010canlii13706.html,NOL-00930-10 (Re),2010 CanLII 13706 (ON LTB),en,NOL-00930-10; NOL-01030-10,2010-02-08,residential complex — rental unit — name removed — trafficking in an illegal drug — smoking,,2010onltb1000254,NA
onltb,2010canlii13703,https://canlii.ca/t/28tf6,https://www.canlii.org/en/on/onltb/doc/2010/2010canlii13703/2010canlii13703.html,NOL-01009-10 (Re),2010 CanLII 13703 (ON LTB),en,NOL-01009-10,2010-02-08,rental unit — flooring — alarm — disconnected — tenancy,,2010onltb1000251,NA
onltb,2010canlii13693,https://canlii.ca/t/28tdw,https://www.canlii.org/en/on/onltb/doc/2010/2010canlii13693/2010canlii13693.html,NOL-00569-09 (Re),2010 CanLII 13693 (ON LTB),en,NOL-00569-09,2010-02-08,owe — tenancy — evict — toll — representative,,2010onltb1000241,NA
onltb,2010canlii13688,https://canlii.ca/t/28tdp,https://www.canlii.org/en/on/onltb/doc/2010/2010canlii13688/2010canlii13688.html,EAT-03330-10 (Re),2010 CanLII 13688 (ON LTB),en,EAT-03330-10; EAT-03331-10,2010-02-08,tenancy — interfered — rental — coerced — obstructed,,2010onltb1000236,NA
onltb,2010canlii13687,https://canlii.ca/t/28tdn,https://www.canlii.org/en/on/onltb/doc/2010/2010canlii13687/2010canlii13687.html,EAT-00198-09 (Re),2010 CanLII 13687 (ON LTB),en,EAT-00198-09,2010-02-08,toll — maintenance — joint — tenancy — housing,,2010onltb1000235,NA
onltb,2010canlii13666,https://canlii.ca/t/28tcz,https://www.canlii.org/en/on/onltb/doc/2010/2010canlii13666/2010canlii13666.html,CET-02527 (Re),2010 CanLII 13666 (ON LTB),en,CET-02527,2010-02-08,rent owing — unit — tenancy — vacated — eviction,,2010onltb1000214,NA
onltb,2010canlii13659,https://canlii.ca/t/28tcq,https://www.canlii.org/en/on/onltb/doc/2010/2010canlii13659/2010canlii13659.html,CEL-22816 (Re),2010 CanLII 13659 (ON LTB),en,CEL-22816,2010-02-08,owe — pay — rent — owing — toll,,2010onltb1000207,NA
onltb,2010canlii12112,https://canlii.ca/t/28ltj,https://www.canlii.org/en/on/onltb/doc/2010/2010canlii12112/2010canlii12112.html,TSL-28823 (Re),2010 CanLII 12112 (ON LTB),en,TSL-28823; TST-03125,2010-02-08,rental unit — eviction — rent — vacant possession of the unit — tenancy,,2010onltb1000175,NA
onltb,2010canlii37779,https://canlii.ca/t/2bh4g,https://www.canlii.org/en/on/onltb/doc/2010/2010canlii37779/2010canlii37779.html,TST-02542 (Re),2010 CanLII 37779 (ON LTB),en,TST-02542; TST-02213,2010-02-05,name removed — tenant — hard-soled shoes — noise — notices,,2010onltb1000963,NA
onltb,2010canlii37732,https://canlii.ca/t/2bh2c,https://www.canlii.org/en/on/onltb/doc/2010/2010canlii37732/2010canlii37732.html,TEL-28288 (Re),2010 CanLII 37732 (ON LTB),en,TEL-28288,2010-02-05,name removed — rental unit — renovation — free rent in exchange — testimony,,2010onltb1000916,NA
onltb,2010canlii13836,https://canlii.ca/t/28tkv,https://www.canlii.org/en/on/onltb/doc/2010/2010canlii13836/2010canlii13836.html,TST-03036 (Re),2010 CanLII 13836 (ON LTB),en,TST-03036,2010-02-05,furnace — unit — rent abatement — heater — stove,,2010onltb1000384,NA
onltb,2010canlii13832,https://canlii.ca/t/28tkn,https://www.canlii.org/en/on/onltb/doc/2010/2010canlii13832/2010canlii13832.html,TST-00855 (Re),2010 CanLII 13832 (ON LTB),en,TST-00855,2010-02-05,application — households — dismissing — toll — maintenance,,2010onltb1000380,NA
onltb,2010canlii13828,https://canlii.ca/t/28tkj,https://www.canlii.org/en/on/onltb/doc/2010/2010canlii13828/2010canlii13828.html,TSL-29753 (Re),2010 CanLII 13828 (ON LTB),en,TSL-29753,2010-02-05,tenancy — filing fee — rent deposit — eviction — pay,,2010onltb1000376,NA
onltb,2010canlii13823,https://canlii.ca/t/28tkd,https://www.canlii.org/en/on/onltb/doc/2010/2010canlii13823/2010canlii13823.html,TSL-29579 (Re),2010 CanLII 13823 (ON LTB),en,TSL-29579,2010-02-05,rent deposit — owing — eviction — pay — unit,,2010onltb1000371,NA
onltb,2010canlii13819,https://canlii.ca/t/28tk7,https://www.canlii.org/en/on/onltb/doc/2010/2010canlii13819/2010canlii13819.html,TSL-29270-SA (Re),2010 CanLII 13819 (ON LTB),en,TSL-29270-SA,2010-02-05,unit — terminate the tenancy — motion to set aside — evict — toll,,2010onltb1000367,NA
onltb,2010canlii13817,https://canlii.ca/t/28tk3,https://www.canlii.org/en/on/onltb/doc/2010/2010canlii13817/2010canlii13817.html,TSL-25369-RV (Re),2010 CanLII 13817 (ON LTB),en,TSL-25369-RV,2010-02-05,request to review — adjournment — paid — cost of filing — pay,,2010onltb1000365,NA
onltb,2010canlii13811,https://canlii.ca/t/28tk0,https://www.canlii.org/en/on/onltb/doc/2010/2010canlii13811/2010canlii13811.html,TNT-02163 (Re),2010 CanLII 13811 (ON LTB),en,TNT-02163,2010-02-05,message — rent deposit — application — collected — approved,,2010onltb1000359,NA
onltb,2010canlii13806,https://canlii.ca/t/28tjt,https://www.canlii.org/en/on/onltb/doc/2010/2010canlii13806/2010canlii13806.html,TNT-02041 (Re),2010 CanLII 13806 (ON LTB),en,TNT-02041,2010-02-05,abatement — damage to the s unit — rent — fire — crib,,2010onltb1000354,NA
onltb,2010canlii13790,https://canlii.ca/t/28tj6,https://www.canlii.org/en/on/onltb/doc/2010/2010canlii13790/2010canlii13790.html,TNL-30755 (Re),2010 CanLII 13790 (ON LTB),en,TNL-30755,2010-02-05,rent arrears — terminating the tenancy — pay rent — owe — evicting,,2010onltb1000338,NA
onltb,2010canlii13777,https://canlii.ca/t/28thw,https://www.canlii.org/en/on/onltb/doc/2010/2010canlii13777/2010canlii13777.html,TET-02388 (Re),2010 CanLII 13777 (ON LTB),en,TET-02388,2010-02-05,unit — excessive noise — complex — tenant — banging,,2010onltb1000325,NA
onltb,2010canlii13769,https://canlii.ca/t/28thm,https://www.canlii.org/en/on/onltb/doc/2010/2010canlii13769/2010canlii13769.html,TEL-28210 (Re),2010 CanLII 13769 (ON LTB),en,TEL-28210,2010-02-05,eviction — rent — tenancy — unit — deposit,,2010onltb1000317,NA
onltb,2010canlii13765,https://canlii.ca/t/28thf,https://www.canlii.org/en/on/onltb/doc/2010/2010canlii13765/2010canlii13765.html,TEL-27581 (Re),2010 CanLII 13765 (ON LTB),en,TEL-27581,2010-02-05,eviction — tenancy — pay — rent — owing,,2010onltb1000313,NA
onltb,2010canlii13743,https://canlii.ca/t/28tgn,https://www.canlii.org/en/on/onltb/doc/2010/2010canlii13743/2010canlii13743.html,SWL-04898-10 (Re),2010 CanLII 13743 (ON LTB),en,SWL-04898-10,2010-02-05,tenancy — rent deposit — eviction — pay — owing,,2010onltb1000291,NA
onltb,2010canlii13738,https://canlii.ca/t/28tgh,https://www.canlii.org/en/on/onltb/doc/2010/2010canlii13738/2010canlii13738.html,SWL-04560-10 (Re),2010 CanLII 13738 (ON LTB),en,SWL-04560-10,2010-02-05,possession of the rental unit — eviction — termination — tenancy — ideal,,2010onltb1000286,NA
onltb,2010canlii13728,https://canlii.ca/t/28tg3,https://www.canlii.org/en/on/onltb/doc/2010/2010canlii13728/2010canlii13728.html,SOT-02225-09 (Re),2010 CanLII 13728 (ON LTB),en,SOT-02225-09; SOT-02401-10,2010-02-05,tenancy — rental unit — vacant — interfered with the reasonable — card,,2010onltb1000276,NA
onltb,2010canlii13716,https://canlii.ca/t/28tfp,https://www.canlii.org/en/on/onltb/doc/2010/2010canlii13716/2010canlii13716.html,SOL-02217-09 (Re),2010 CanLII 13716 (ON LTB),en,SOL-02217-09,2010-02-05,eviction — tenancy — pay — owing — unit,,2010onltb1000264,NA
onltb,2010canlii13709,https://canlii.ca/t/28tff,https://www.canlii.org/en/on/onltb/doc/2010/2010canlii13709/2010canlii13709.html,NOT-00853-10 (Re),2010 CanLII 13709 (ON LTB),en,NOT-00853-10,2010-02-05,backups — residential complex — sewer — rental unit — toll,,2010onltb1000257,NA
onltb,2010canlii13707,https://canlii.ca/t/28tfd,https://www.canlii.org/en/on/onltb/doc/2010/2010canlii13707/2010canlii13707.html,NOT-00812-09 (Re),2010 CanLII 13707 (ON LTB),en,NOT-00812-09,2010-02-05,interfered — coerced — obstructed — rental unit — toll,,2010onltb1000255,NA
onltb,2010canlii13689,https://canlii.ca/t/28tdq,https://www.canlii.org/en/on/onltb/doc/2010/2010canlii13689/2010canlii13689.html,EAT-03432-10 (Re),2010 CanLII 13689 (ON LTB),en,EAT-03432-10,2010-02-05,tenancy — last month s rent deposit — rental unit — vacant — resolves,,2010onltb1000237,NA
onltb,2010canlii13648,https://canlii.ca/t/28tcb,https://www.canlii.org/en/on/onltb/doc/2010/2010canlii13648/2010canlii13648.html,CEL-01547-10 (Re),2010 CanLII 13648 (ON LTB),en,CEL-01547-10,2010-02-05,eviction — possession of the rental unit — good faith — renovations — deposit,,2010onltb1000196,NA
onltb,2010canlii13812,https://canlii.ca/t/28tjz,https://www.canlii.org/en/on/onltb/doc/2010/2010canlii13812/2010canlii13812.html,TNT-02165 (Re),2010 CanLII 13812 (ON LTB),en,TNT-02165,2010-02-04,main floor bathroom — owner — located — living — room,,2010onltb1000360,NA
onltb,2010canlii13800,https://canlii.ca/t/28tjk,https://www.canlii.org/en/on/onltb/doc/2010/2010canlii13800/2010canlii13800.html,TNL-31908 (Re),2010 CanLII 13800 (ON LTB),en,TNL-31908,2010-02-04,rental unit — toilet tank — eviction — rent — tenancy,,2010onltb1000348,NA
onltb,2010canlii13792,https://canlii.ca/t/28tj9,https://www.canlii.org/en/on/onltb/doc/2010/2010canlii13792/2010canlii13792.html,TNL-31344 (Re),2010 CanLII 13792 (ON LTB),en,TNL-31344,2010-02-04,eviction — tenancy — rent deposit — pay — owing,,2010onltb1000340,NA
onltb,2010canlii13781,https://canlii.ca/t/28thz,https://www.canlii.org/en/on/onltb/doc/2010/2010canlii13781/2010canlii13781.html,TET-02375-RV (Re),2010 CanLII 13781 (ON LTB),en,TET-02375-RV,2010-02-04,review — serious error — photos — vetted — send,,2010onltb1000329,NA
onltb,2010canlii13775,https://canlii.ca/t/28thq,https://www.canlii.org/en/on/onltb/doc/2010/2010canlii13775/2010canlii13775.html,TEL-28273 (Re),2010 CanLII 13775 (ON LTB),en,TEL-28273,2010-02-04,eviction — tenancy — rent deposit — pay — owing,,2010onltb1000323,NA
onltb,2010canlii13770,https://canlii.ca/t/28thj,https://www.canlii.org/en/on/onltb/doc/2010/2010canlii13770/2010canlii13770.html,TEL-28114 (Re),2010 CanLII 13770 (ON LTB),en,TEL-28114,2010-02-04,will — evicting — illegal — unit — rental,,2010onltb1000318,NA
onltb,2010canlii13764,https://canlii.ca/t/28thd,https://www.canlii.org/en/on/onltb/doc/2010/2010canlii13764/2010canlii13764.html,TEL-27764-RV (Re),2010 CanLII 13764 (ON LTB),en,TEL-27764-RV,2010-02-04,rent deposit — pay — owing — cashed — original,,2010onltb1000312,NA
onltb,2010canlii13763,https://canlii.ca/t/28thb,https://www.canlii.org/en/on/onltb/doc/2010/2010canlii13763/2010canlii13763.html,TEL-28018 (Re),2010 CanLII 13763 (ON LTB),en,TEL-28018,2010-02-04,rental unit — illegal drug — tenancy — eviction — trafficking,,2010onltb1000311,NA
onltb,2010canlii13730,https://canlii.ca/t/28tg6,https://www.canlii.org/en/on/onltb/doc/2010/2010canlii13730/2010canlii13730.html,SOT-02313-10 (Re),2010 CanLII 13730 (ON LTB),en,SOT-02313-10,2010-02-04,room — house — counter — unit — kitchen,,2010onltb1000278,NA
onltb,2010canlii13718,https://canlii.ca/t/28tfr,https://www.canlii.org/en/on/onltb/doc/2010/2010canlii13718/2010canlii13718.html,SOL-02284-10 (Re),2010 CanLII 13718 (ON LTB),en,SOL-02284-10,2010-02-04,rent — pay — owing — toll — application,,2010onltb1000266,NA
onltb,2010canlii13701,https://canlii.ca/t/28tf3,https://www.canlii.org/en/on/onltb/doc/2010/2010canlii13701/2010canlii13701.html,NOL-00971-10 (Re),2010 CanLII 13701 (ON LTB),en,NOL-00971-10,2010-02-04,eviction — tenancy — pay — owing — unit,,2010onltb1000249,NA
onltb,2010canlii13699,https://canlii.ca/t/28tf2,https://www.canlii.org/en/on/onltb/doc/2010/2010canlii13699/2010canlii13699.html,NOL-00916-10-SA (Re),2010 CanLII 13699 (ON LTB),en,NOL-00916-10-SA,2010-02-04,mediated — motion to set aside — evict — arrears — rent,,2010onltb1000247,NA
onltb,2010canlii13671,https://canlii.ca/t/28td4,https://www.canlii.org/en/on/onltb/doc/2010/2010canlii13671/2010canlii13671.html,EAL-03324-10 (Re),2010 CanLII 13671 (ON LTB),en,EAL-03324-10,2010-02-04,guaranteed funds towards the arrears — pay — rent — owe — tenancy,,2010onltb1000219,NA
onltb,2010canlii13661,https://canlii.ca/t/28tcr,https://www.canlii.org/en/on/onltb/doc/2010/2010canlii13661/2010canlii13661.html,CEL-22728 (Re),2010 CanLII 13661 (ON LTB),en,CEL-22728,2010-02-04,tenancy — eviction — pay — rent deposit — owing,,2010onltb1000209,NA
onltb,2010canlii13649,https://canlii.ca/t/28tcd,https://www.canlii.org/en/on/onltb/doc/2010/2010canlii13649/2010canlii13649.html,CEL-00512-09 (Re),2010 CanLII 13649 (ON LTB),en,CEL-00512-09,2010-02-04,rent — cheque charges — tenancy — pay — terminate,,2010onltb1000197,NA
onltb,2010canlii13789,https://canlii.ca/t/28tj8,https://www.canlii.org/en/on/onltb/doc/2010/2010canlii13789/2010canlii13789.html,TNL-31472-SA (Re),2010 CanLII 13789 (ON LTB),en,TNL-31472-SA,2010-02-03,settlement mediated — application — evict — motion — toll,,2010onltb1000337,NA
onltb,2010canlii13771,https://canlii.ca/t/28thk,https://www.canlii.org/en/on/onltb/doc/2010/2010canlii13771/2010canlii13771.html,TEL-28079 (Re),2010 CanLII 13771 (ON LTB),en,TEL-28079,2010-02-03,tenancy — eviction — rent deposit — owing — pay,,2010onltb1000319,NA
onltb,2010canlii13746,https://canlii.ca/t/28tgr,https://www.canlii.org/en/on/onltb/doc/2010/2010canlii13746/2010canlii13746.html,SWT-04727-10  (Re),2010 CanLII 13746 (ON LTB),en,SWT-04727-10; SWL-05215-10,2010-02-03,rental unit — eviction — terminate the tenancy — interfered — non-voidable,,2010onltb1000294,NA
onltb,2010canlii13740,https://canlii.ca/t/28tgk,https://www.canlii.org/en/on/onltb/doc/2010/2010canlii13740/2010canlii13740.html,SWL-04639-10 (Re),2010 CanLII 13740 (ON LTB),en,SWL-04639-10,2010-02-03,tenancy — rent deposit — eviction — unit — pay,,2010onltb1000288,NA
onltb,2010canlii13722,https://canlii.ca/t/28tfw,https://www.canlii.org/en/on/onltb/doc/2010/2010canlii13722/2010canlii13722.html,SOL-02392-10 (Re),2010 CanLII 13722 (ON LTB),en,SOL-02392-10,2010-02-03,rent — tenancy — arrears — pay — evict,,2010onltb1000270,NA
onltb,2010canlii13667,https://canlii.ca/t/28td0,https://www.canlii.org/en/on/onltb/doc/2010/2010canlii13667/2010canlii13667.html,EAL-02567-09-RV (Re),2010 CanLII 13667 (ON LTB),en,EAL-02567-09-RV,2010-02-03,rent — application — tenancy — discontinued — evict,,2010onltb1000215,NA
onltb,2010canlii12114,https://canlii.ca/t/28ltl,https://www.canlii.org/en/on/onltb/doc/2010/2010canlii12114/2010canlii12114.html,TSL-28809-SA (Re),2010 CanLII 12114 (ON LTB),en,TSL-28809-SA,2010-02-03,rent deposit — owing — mediated settlement — eviction — pay,,2010onltb1000177,NA
onltb,2010canlii37735,https://canlii.ca/t/2bh2j,https://www.canlii.org/en/on/onltb/doc/2010/2010canlii37735/2010canlii37735.html,TET-02033-09 (Re),2010 CanLII 37735 (ON LTB),en,TET-02033-09,2010-02-02,bed bugs — exterminator — name removed — bedbug — unit,,2010onltb1000919,NA
onltb,2010canlii25442,https://canlii.ca/t/29q6q,https://www.canlii.org/en/on/onltb/doc/2010/2010canlii25442/2010canlii25442.html,TSL-29578 (Re),2010 CanLII 25442 (ON LTB),en,TSL-29578,2010-02-02,eviction — tenancy — rent deposit — pay — owing,,2010onltb1000752,NA
onltb,2010canlii13815,https://canlii.ca/t/28tk4,https://www.canlii.org/en/on/onltb/doc/2010/2010canlii13815/2010canlii13815.html,TNT-02173 (Re),2010 CanLII 13815 (ON LTB),en,TNT-02173,2010-02-02,notice of termination — good faith — unit — renovated — application,,2010onltb1000363,NA
onltb,2010canlii13810,https://canlii.ca/t/28tjw,https://www.canlii.org/en/on/onltb/doc/2010/2010canlii13810/2010canlii13810.html,TNT-02117 (Re),2010 CanLII 13810 (ON LTB),en,TNT-02117,2010-02-02,application — tenancy — interfered — jurisdiction to determine — enjoyment,,2010onltb1000358,NA
onltb,2010canlii13807,https://canlii.ca/t/28tjs,https://www.canlii.org/en/on/onltb/doc/2010/2010canlii13807/2010canlii13807.html,TNT-01595 (Re),2010 CanLII 13807 (ON LTB),en,TNT-01595,2010-02-02,adjourned — scheduled — overflow — rental — peremptory,,2010onltb1000355,NA
onltb,2010canlii13785,https://canlii.ca/t/28tj4,https://www.canlii.org/en/on/onltb/doc/2010/2010canlii13785/2010canlii13785.html,TNL-30729-RV (Re),2010 CanLII 13785 (ON LTB),en,TNL-30729-RV,2010-02-02,rent that the owes — application — evict — charges — tenancy,,2010onltb1000333,NA
onltb,2010canlii13766,https://canlii.ca/t/28thh,https://www.canlii.org/en/on/onltb/doc/2010/2010canlii13766/2010canlii13766.html,TEL-28107 (Re),2010 CanLII 13766 (ON LTB),en,TEL-28107,2010-02-02,eviction — possession of the rental unit — tenancy — purpose of residential occupation — acceptance,,2010onltb1000314,NA
onltb,2010canlii13739,https://canlii.ca/t/28tgj,https://www.canlii.org/en/on/onltb/doc/2010/2010canlii13739/2010canlii13739.html,SWL-04565-10 (Re),2010 CanLII 13739 (ON LTB),en,SWL-04565-10,2010-02-02,eviction — unit — terminate the tenancy — non-voidable — rental,,2010onltb1000287,NA
onltb,2010canlii13717,https://canlii.ca/t/28tfq,https://www.canlii.org/en/on/onltb/doc/2010/2010canlii13717/2010canlii13717.html,SOL-02192-09-SA (Re),2010 CanLII 13717 (ON LTB),en,SOL-02192-09-SA,2010-02-02,evict — mediated — motion — toll — owe,,2010onltb1000265,NA
onltb,2010canlii13714,https://canlii.ca/t/28tfm,https://www.canlii.org/en/on/onltb/doc/2010/2010canlii13714/2010canlii13714.html,SOL-02168-09 (Re),2010 CanLII 13714 (ON LTB),en,SOL-02168-09,2010-02-02,utilities — rent arrears — owing — amount — owes,,2010onltb1000262,NA
onltb,2010canlii13686,https://canlii.ca/t/28tdm,https://www.canlii.org/en/on/onltb/doc/2010/2010canlii13686/2010canlii13686.html,EAT-03068-09 (Re),2010 CanLII 13686 (ON LTB),en,EAT-03068-09,2010-02-02,rental unit — tenancy agreement — rent — interfered with the reasonable — exception of an emergency,,2010onltb1000234,NA
onltb,2010canlii13662,https://canlii.ca/t/28tct,https://www.canlii.org/en/on/onltb/doc/2010/2010canlii13662/2010canlii13662.html,CET-01496-09 (Re),2010 CanLII 13662 (ON LTB),en,CET-01496-09,2010-02-02,rental deposit — notice of termination — toll — illegally — vacated,,2010onltb1000210,NA
onltb,2010canlii13794,https://canlii.ca/t/28tjc,https://www.canlii.org/en/on/onltb/doc/2010/2010canlii13794/2010canlii13794.html,TNL-31659 (Re),2010 CanLII 13794 (ON LTB),en,TNL-31659,2010-02-01,rent deposit — owing — pay — administration charges related to cheques — arrears,,2010onltb1000342,NA
onltb,2010canlii13793,https://canlii.ca/t/28tjd,https://www.canlii.org/en/on/onltb/doc/2010/2010canlii13793/2010canlii13793.html,TNL-31760-SA (Re),2010 CanLII 13793 (ON LTB),en,TNL-31760-SA,2010-02-01,terminate the tenancy — set aside — evict — toll — motion,,2010onltb1000341,NA
onltb,2010canlii13791,https://canlii.ca/t/28tjb,https://www.canlii.org/en/on/onltb/doc/2010/2010canlii13791/2010canlii13791.html,TNL-31841 (Re),2010 CanLII 13791 (ON LTB),en,TNL-31841,2010-02-01,fee owed to the end — guaranteed funds — persistently late in paying rent — representing arrears — application filing fee owed,,2010onltb1000339,NA
onltb,2010canlii13788,https://canlii.ca/t/28tj7,https://www.canlii.org/en/on/onltb/doc/2010/2010canlii13788/2010canlii13788.html,TNL-31111 (Re),2010 CanLII 13788 (ON LTB),en,TNL-31111; TNT-02166,2010-02-01,tenancy — rent deposit — owe — eviction — owing,,2010onltb1000336,NA
onltb,2010canlii13647,https://canlii.ca/t/28tcc,https://www.canlii.org/en/on/onltb/doc/2010/2010canlii13647/2010canlii13647.html,CEL-01300-09 (Re),2010 CanLII 13647 (ON LTB),en,CEL-01300-09,2010-02-01,tenancy — must pay — eviction — rent — owing,,2010onltb1000195,NA
onltb,2010canlii13660,https://canlii.ca/t/28tcs,https://www.canlii.org/en/on/onltb/doc/2010/2010canlii13660/2010canlii13660.html,CEL-23080 (Re),2010 CanLII 13660 (ON LTB),en,CEL-23080,2010-01-31,rent deposit — residential complex — rental unit — terminate the tenancy — evict,,2010onltb1000208,NA
onltb,2010canlii12096,https://canlii.ca/t/28lt2,https://www.canlii.org/en/on/onltb/doc/2010/2010canlii12096/2010canlii12096.html,TNL-31987-SA (Re),2010 CanLII 12096 (ON LTB),en,TNL-31987-SA,2010-01-29,issued — motion to set aside — evict — unfair — toll,,2010onltb1000159,NA
onltb,2010canlii12095,https://canlii.ca/t/28lsz,https://www.canlii.org/en/on/onltb/doc/2010/2010canlii12095/2010canlii12095.html,TNL-31469 (Re),2010 CanLII 12095 (ON LTB),en,TNL-31469,2010-01-29,last month s rent deposit — efforts to re-rent the unit — pay — timeframe — owe,,2010onltb1000158,NA
onltb,2010canlii12086,https://canlii.ca/t/28lsn,https://www.canlii.org/en/on/onltb/doc/2010/2010canlii12086/2010canlii12086.html,TNL-30019-SA (Re),2010 CanLII 12086 (ON LTB),en,TNL-30019-SA,2010-01-29,eviction order during the period — void — amount — paid — accrued,,2010onltb1000149,NA
onltb,2010canlii12054,https://canlii.ca/t/28lrj,https://www.canlii.org/en/on/onltb/doc/2010/2010canlii12054/2010canlii12054.html,SWT-04376-09 (Re),2010 CanLII 12054 (ON LTB),en,SWT-04376-09,2010-01-29,repair — hallway — dining room living — surfaces — paint,,2010onltb1000117,NA
onltb,2010canlii11966,https://canlii.ca/t/28lnh,https://www.canlii.org/en/on/onltb/doc/2010/2010canlii11966/2010canlii11966.html,EAL-02570-09-RV (Re),2010 CanLII 11966 (ON LTB),en,EAL-02570-09-RV,2010-01-29,evict — occupant of the rental unit — permitted in the residential complex — terminate the tenancy — issued,,2010onltb1000029,NA
onltb,2010canlii11952,https://canlii.ca/t/28ln2,https://www.canlii.org/en/on/onltb/doc/2010/2010canlii11952/2010canlii11952.html,CEL-22865 (Re),2010 CanLII 11952 (ON LTB),en,CEL-22865,2010-01-29,pay — rent — owing — toll — owe,,2010onltb1000015,NA
onltb,2010canlii11940,https://canlii.ca/t/28lmn,https://www.canlii.org/en/on/onltb/doc/2010/2010canlii11940/2010canlii11940.html,CEL-01531-09 (Re),2010 CanLII 11940 (ON LTB),en,CEL-01531-09,2010-01-29,tenancy — eviction — rent — owe — non-voidable,,2010onltb1000003,NA
onltb,2010canlii96414,https://canlii.ca/t/fp769,https://www.canlii.org/en/on/onltb/doc/2010/2010canlii96414/2010canlii96414.html,TEL-16436-RV (Re),2010 CanLII 96414 (ON LTB),en,TEL-16436-RV,2010-01-28,notice — period of time — occurrences — emails — evict,,2010onltb1002340,NA
onltb,2010canlii12082,https://canlii.ca/t/28lsg,https://www.canlii.org/en/on/onltb/doc/2010/2010canlii12082/2010canlii12082.html,TET-02382 (Re),2010 CanLII 12082 (ON LTB),en,TET-02382,2010-01-28,unit — heat — heating — interfered with the reasonable — heaters,,2010onltb1000145,NA
onltb,2010canlii12055,https://canlii.ca/t/28lrk,https://www.canlii.org/en/on/onltb/doc/2010/2010canlii12055/2010canlii12055.html,SWT-04384-09 (Re),2010 CanLII 12055 (ON LTB),en,SWT-04384-09,2010-01-28,waives — resolves — toll — maintenance — amount,,2010onltb1000118,NA
onltb,2010canlii11984,https://canlii.ca/t/28lp5,https://www.canlii.org/en/on/onltb/doc/2010/2010canlii11984/2010canlii11984.html,EAT-03047-09 (Re),2010 CanLII 11984 (ON LTB),en,EAT-03047-09,2010-01-28,living accommodation — coerced — obstructed — toll — owner,,2010onltb1000047,NA
onltb,2010canlii11959,https://canlii.ca/t/28ln9,https://www.canlii.org/en/on/onltb/doc/2010/2010canlii11959/2010canlii11959.html,CET-02470 (Re),2010 CanLII 11959 (ON LTB),en,CET-02470,2010-01-28,maintain the rental unit — hot water tank heater — bookcase — failed to comply with health — provide sufficient evidence,,2010onltb1000022,NA
onltb,2010canlii83276,https://canlii.ca/t/2fp04,https://www.canlii.org/en/on/onltb/doc/2010/2010canlii83276/2010canlii83276.html,TET-00724-09-RV (Re),2010 CanLII 83276 (ON LTB),en,TET-00724-09-RV,2010-01-27,error — benefit of first-hand evidence — request to review — repaired — proper for me to interfere,,2010onltb1002313,NA
onltb,2010canlii83273,https://canlii.ca/t/2fntt,https://www.canlii.org/en/on/onltb/doc/2010/2010canlii83273/2010canlii83273.html,TET-00860-09 (Re),2010 CanLII 83273 (ON LTB),en,TET-00860-09,2010-01-27,rental unit — tenancy — basement — painted — furnace,,2010onltb1002310,NA
onltb,2010canlii83272,https://canlii.ca/t/2fnsq,https://www.canlii.org/en/on/onltb/doc/2010/2010canlii83272/2010canlii83272.html,TEL-02124-10 (Re),2010 CanLII 83272 (ON LTB),en,TEL-02124-10,2010-01-27,eviction — must pay — continue the tenancy — owing — unit,,2010onltb1002309,NA
onltb,2010canlii12056,https://canlii.ca/t/28lrl,https://www.canlii.org/en/on/onltb/doc/2010/2010canlii12056/2010canlii12056.html,TEL-01607-09-RV (Re),2010 CanLII 12056 (ON LTB),en,TEL-01607-09-RV,2010-01-27,evict — terminate the tenancy — review — application — separate,,2010onltb1000119,NA
onltb,2010canlii11983,https://canlii.ca/t/28lp2,https://www.canlii.org/en/on/onltb/doc/2010/2010canlii11983/2010canlii11983.html,EAT-02430-09 (Re),2010 CanLII 11983 (ON LTB),en,EAT-02430-09,2010-01-27,witness — moved into the rental unit — application — germs — time,,2010onltb1000046,NA
onltb,2010canlii11953,https://canlii.ca/t/28ln3,https://www.canlii.org/en/on/onltb/doc/2010/2010canlii11953/2010canlii11953.html,CEL-22871 (Re),2010 CanLII 11953 (ON LTB),en,CEL-22871,2010-01-27,complex — tenancy — yells — evict — dryer,,2010onltb1000016,NA
onltb,2010canlii11949,https://canlii.ca/t/28lmz,https://www.canlii.org/en/on/onltb/doc/2010/2010canlii11949/2010canlii11949.html,CEL-22786-SA (Re),2010 CanLII 11949 (ON LTB),en,CEL-22786-SA,2010-01-27,mediated — evict — toll — application — resolved,,2010onltb1000012,NA
onltb,2010canlii83274,https://canlii.ca/t/2fnvw,https://www.canlii.org/en/on/onltb/doc/2010/2010canlii83274/2010canlii83274.html,TEL-02110-10 (Re),2010 CanLII 83274 (ON LTB),en,TEL-02110-10,2010-01-26,tenancy — eviction — rent deposit — owing — pay,,2010onltb1002311,NA
onltb,2010canlii12111,https://canlii.ca/t/28ltf,https://www.canlii.org/en/on/onltb/doc/2010/2010canlii12111/2010canlii12111.html,TSL-27954 (Re),2010 CanLII 12111 (ON LTB),en,TSL-27954,2010-01-26,evict — tenancy — days after the termination date — application — date specified in the notice,,2010onltb1000174,NA
onltb,2010canlii12100,https://canlii.ca/t/28lt4,https://www.canlii.org/en/on/onltb/doc/2010/2010canlii12100/2010canlii12100.html,TNT-02121 (Re),2010 CanLII 12100 (ON LTB),en,TNT-02121,2010-01-26,unit — resolves — toll — vacate — tenant-like,,2010onltb1000163,NA
onltb,2010canlii12084,https://canlii.ca/t/28lsk,https://www.canlii.org/en/on/onltb/doc/2010/2010canlii12084/2010canlii12084.html,TNL-25435 (Re),2010 CanLII 12084 (ON LTB),en,TNL-25435,2010-01-26,tenancy — rent deposit — eviction — pay — owing,,2010onltb1000147,NA
onltb,2010canlii11999,https://canlii.ca/t/28lp3,https://www.canlii.org/en/on/onltb/doc/2010/2010canlii11999/2010canlii11999.html,EAT-03039-09 (Re),2010 CanLII 11999 (ON LTB),en,EAT-03039-09,2010-01-26,interfered with the reasonable enjoyment — superintendent — coerced — obstructed — harassed,,2010onltb1000062,NA
onltb,2010canlii11988,https://canlii.ca/t/28lp8,https://www.canlii.org/en/on/onltb/doc/2010/2010canlii11988/2010canlii11988.html,EAT-03128-09 (Re),2010 CanLII 11988 (ON LTB),en,EAT-03128-09,2010-01-26,rental unit — last month rent deposit returned — tenancy — superintendent — interfered,,2010onltb1000051,NA
onltb,2010canlii11954,https://canlii.ca/t/28ln1,https://www.canlii.org/en/on/onltb/doc/2010/2010canlii11954/2010canlii11954.html,CEL-22834 (Re),2010 CanLII 11954 (ON LTB),en,CEL-22834,2010-01-26,pay — rent — owe — owing — toll,,2010onltb1000017,NA
onltb,2010canlii83275,https://canlii.ca/t/2fnx2,https://www.canlii.org/en/on/onltb/doc/2010/2010canlii83275/2010canlii83275.html,TEL-01954-09 (Re),2010 CanLII 83275 (ON LTB),en,TEL-01954-09,2010-01-25,tenancy — rent deposit — eviction — pay — owing,,2010onltb1002312,NA
onltb,2010canlii12127,https://canlii.ca/t/28lv2,https://www.canlii.org/en/on/onltb/doc/2010/2010canlii12127/2010canlii12127.html,TSL-29547 (Re),2010 CanLII 12127 (ON LTB),en,TSL-29547; TST-03041,2010-01-25,rental unit — tenancy — interfered with the reasonable — evict — owe,,2010onltb1000190,NA
onltb,2010canlii12110,https://canlii.ca/t/28lth,https://www.canlii.org/en/on/onltb/doc/2010/2010canlii12110/2010canlii12110.html,TSL-28290 (Re),2010 CanLII 12110 (ON LTB),en,TSL-28290,2010-01-25,rental unit — eviction — rent — tenancy — vacant,,2010onltb1000173,NA
onltb,2010canlii12088,https://canlii.ca/t/28lsr,https://www.canlii.org/en/on/onltb/doc/2010/2010canlii12088/2010canlii12088.html,TNL-30872 (Re),2010 CanLII 12088 (ON LTB),en,TNL-30872,2010-01-25,rental unit — evict — gist — toll — trustworthy,,2010onltb1000151,NA
onltb,2010canlii12028,https://canlii.ca/t/28lql,https://www.canlii.org/en/on/onltb/doc/2010/2010canlii12028/2010canlii12028.html,SOT-01809-09-RV (Re),2010 CanLII 12028 (ON LTB),en,SOT-01809-09-RV,2010-01-25,awarded — application — error — represent — review,,2010onltb1000091,NA
onltb,2010canlii12022,https://canlii.ca/t/28lqd,https://www.canlii.org/en/on/onltb/doc/2010/2010canlii12022/2010canlii12022.html,SOL-26075 (Re),2010 CanLII 12022 (ON LTB),en,SOL-26075,2010-01-25,eviction — rental unit — teenaged — rent — trailer,,2010onltb1000085,NA
onltb,2010canlii12011,https://canlii.ca/t/28lq2,https://www.canlii.org/en/on/onltb/doc/2010/2010canlii12011/2010canlii12011.html,SOL-02190-09-SA (Re),2010 CanLII 12011 (ON LTB),en,SOL-02190-09-SA,2010-01-25,tenancy — motion to set aside — evict — mediated — toll,,2010onltb1000074,NA
onltb,2010canlii11992,https://canlii.ca/t/28lpd,https://www.canlii.org/en/on/onltb/doc/2010/2010canlii11992/2010canlii11992.html,NOL-00899-10 (Re),2010 CanLII 11992 (ON LTB),en,NOL-00899-10,2010-01-25,owes — representative — pay — evict — rent,,2010onltb1000055,NA
onltb,2010canlii83269,https://canlii.ca/t/2fns2,https://www.canlii.org/en/on/onltb/doc/2010/2010canlii83269/2010canlii83269.html,TEL-01989-09 (Re),2010 CanLII 83269 (ON LTB),en,TEL-01989-09,2010-01-22,tenancy — purchaser — evict — withdraws — toll,,2010onltb1002306,NA
onltb,2010canlii12129,https://canlii.ca/t/28lv3,https://www.canlii.org/en/on/onltb/doc/2010/2010canlii12129/2010canlii12129.html,TST-03038 (Re),2010 CanLII 12129 (ON LTB),en,TST-03038,2010-01-22,shower — insufficient hot water — dripping — tap in the bathroom sink — shut off valves,,2010onltb1000192,NA
onltb,2010canlii12047,https://canlii.ca/t/28lrb,https://www.canlii.org/en/on/onltb/doc/2010/2010canlii12047/2010canlii12047.html,SWT-01543-09-RV (Re),2010 CanLII 12047 (ON LTB),en,SWT-01543-09-RV,2010-01-22,serious error — evidence — request — satisfied — review,,2010onltb1000110,NA
onltb,2010canlii11986,https://canlii.ca/t/28lp6,https://www.canlii.org/en/on/onltb/doc/2010/2010canlii11986/2010canlii11986.html,EAT-01967-09 (Re),2010 CanLII 11986 (ON LTB),en,EAT-01967-09,2010-01-22,furnace — rental unit — electric fireplace — source of heat — oil tank,,2010onltb1000049,NA
onltb,2010canlii11946,https://canlii.ca/t/28lmv,https://www.canlii.org/en/on/onltb/doc/2010/2010canlii11946/2010canlii11946.html,CEL-22339 (Re),2010 CanLII 11946 (ON LTB),en,CEL-22339,2010-01-22,tenancy — rent deposit — pay — eviction — owing,,2010onltb1000009,NA
onltb,2010canlii83268,https://canlii.ca/t/2fns1,https://www.canlii.org/en/on/onltb/doc/2010/2010canlii83268/2010canlii83268.html,CEL-09654-10 (Re),2010 CanLII 83268 (ON LTB),en,CEL-09654-10,2010-01-21,rental unit — guests — unauthorized — interference — sublet,,2010onltb1002305,NA
onltb,2010canlii12094,https://canlii.ca/t/28lsx,https://www.canlii.org/en/on/onltb/doc/2010/2010canlii12094/2010canlii12094.html,TNL-31686 (Re),2010 CanLII 12094 (ON LTB),en,TNL-31686,2010-01-21,eviction — possession of the rental unit — tenancy — termination — requires,,2010onltb1000157,NA
onltb,2010canlii12076,https://canlii.ca/t/28ls9,https://www.canlii.org/en/on/onltb/doc/2010/2010canlii12076/2010canlii12076.html,TET-01842-09 (Re),2010 CanLII 12076 (ON LTB),en,TET-01842-09,2010-01-21,lease — unit — applications — tenants — interfered,,2010onltb1000139,NA
onltb,2010canlii12071,https://canlii.ca/t/28ls4,https://www.canlii.org/en/on/onltb/doc/2010/2010canlii12071/2010canlii12071.html,TEL-27791 (Re),2010 CanLII 12071 (ON LTB),en,TEL-27791,2010-01-21,tenancy — rent deposit — eviction — pay — owing,,2010onltb1000134,NA
onltb,2010canlii12067,https://canlii.ca/t/28lrm,https://www.canlii.org/en/on/onltb/doc/2010/2010canlii12067/2010canlii12067.html,TEL-01971-09 (Re),2010 CanLII 12067 (ON LTB),en,TEL-01971-09,2010-01-21,evict — owing — interest — pay — toll,,2010onltb1000130,NA
onltb,2010canlii12060,https://canlii.ca/t/28lrq,https://www.canlii.org/en/on/onltb/doc/2010/2010canlii12060/2010canlii12060.html,TEL-27853 (Re),2010 CanLII 12060 (ON LTB),en,TEL-27853,2010-01-21,rent — owe — pay — availed — owing,,2010onltb1000123,NA
onltb,2010canlii12059,https://canlii.ca/t/28lrr,https://www.canlii.org/en/on/onltb/doc/2010/2010canlii12059/2010canlii12059.html,TEL-02024-09-SA (Re),2010 CanLII 12059 (ON LTB),en,TEL-02024-09-SA,2010-01-21,motion to set aside — evict — mediated — toll — tenancy,,2010onltb1000122,NA
onltb,2010canlii12058,https://canlii.ca/t/28lrp,https://www.canlii.org/en/on/onltb/doc/2010/2010canlii12058/2010canlii12058.html,TEL-01602-09 (Re),2010 CanLII 12058 (ON LTB),en,TEL-01602-09; TET-01342-09,2010-01-21,rent — rental — application — unit — evict,,2010onltb1000121,NA
onltb,2010canlii11960,https://canlii.ca/t/28lnb,https://www.canlii.org/en/on/onltb/doc/2010/2010canlii11960/2010canlii11960.html,CET-02472 (Re),2010 CanLII 11960 (ON LTB),en,CET-02472,2010-01-21,enjoyment of the rental unit — coerced — obstructed — harassed — interfered with the reasonable enjoyment,,2010onltb1000023,NA
onltb,2010canlii101045,https://canlii.ca/t/gl7pl,https://www.canlii.org/en/on/onltb/doc/2010/2010canlii101045/2010canlii101045.html,CEL-22280 (Re),2010 CanLII 101045 (ON LTB),en,CEL-22280,2010-01-20,rent — utilities — name removed — towards — cheque,,2010onltb1002354,NA
onltb,2010canlii83270,https://canlii.ca/t/2fnsb,https://www.canlii.org/en/on/onltb/doc/2010/2010canlii83270/2010canlii83270.html,TEL-01552-09-RV-AM (Re),2010 CanLII 83270 (ON LTB),en,TEL-01552-09-RV-AM,2010-01-20,rent — arrears — filing fee — issued — tenancy,,2010onltb1002307,NA
onltb,2010canlii37604,https://canlii.ca/t/2bgwn,https://www.canlii.org/en/on/onltb/doc/2010/2010canlii37604/2010canlii37604.html,CEL-22280 (Re),2010 CanLII 37604 (ON LTB),en,CEL-22280,2010-01-20,rent — utilities — name removed — towards — cheque,,2010onltb1000788,NA
onltb,2010canlii12124,https://canlii.ca/t/28ltz,https://www.canlii.org/en/on/onltb/doc/2010/2010canlii12124/2010canlii12124.html,TST-02331 (Re),2010 CanLII 12124 (ON LTB),en,TST-02331; TST-01231-09,2010-01-20,"Lease and tenancy — Maintenance — Residential Tenancies Act, 2006, s. 20(1) — Did the Landlord fail to maintain the unit when treatments were ineffective and the unit remained infested with bedbugs? — Public Health Inspector confirmed continuing infestation — Failure to identify source and treat block units — Unit not fit for habitation — Breach of s. 20(1) found | Lease and tenancy — Quiet enjoyment — Substantial interference — Whether bedbug infestation substantially interfered with the Tenant’s reasonable enjoyment of the rental unit — Bites, medical advice to reside elsewhere, repeated treatments without success — Landlord’s response inadequate to prevent ongoing infestation — Substantial interference found | Lease and tenancy — Remedies — Rent abatement and expenses — What remedies are appropriate given mitigation by staying with family and friends and hotel nights? — Abatement awarded from February 3 to March 31 at 100 percent less hotel per diems — Out-of-pocket expenses for hotels, caulking, doctor’s note allowed — Rent abatement and compensation ordered | Lease and tenancy — Defences — Latent defect — Does a latent defect argument based on McQuestion v. Schneider relieve responsibility for the infestation? — Bedbugs visible on careful inspection — Duty to address infestation once notified — Treatments in isolation inadequate — Latent defect defence rejected",,2010onltb1000187,2010canlii12124
onltb,2010canlii12103,https://canlii.ca/t/28lt8,https://www.canlii.org/en/on/onltb/doc/2010/2010canlii12103/2010canlii12103.html,TNT-02134 (Re),2010 CanLII 12103 (ON LTB),en,TNT-02134,2010-01-20,rent — tenancy — parking — van — security deposit,,2010onltb1000166,NA
onltb,2010canlii12098,https://canlii.ca/t/28lt1,https://www.canlii.org/en/on/onltb/doc/2010/2010canlii12098/2010canlii12098.html,TNL-31233 (Re),2010 CanLII 12098 (ON LTB),en,TNL-31233,2010-01-20,tenancy — rent deposit — eviction — pay — owing,,2010onltb1000161,NA
onltb,2010canlii12077,https://canlii.ca/t/28lsb,https://www.canlii.org/en/on/onltb/doc/2010/2010canlii12077/2010canlii12077.html,TET-01894-09 (Re),2010 CanLII 12077 (ON LTB),en,TET-01894-09,2010-01-20,bills — eviction — rental — interfered — rebate,,2010onltb1000140,NA
onltb,2010canlii12075,https://canlii.ca/t/28ls8,https://www.canlii.org/en/on/onltb/doc/2010/2010canlii12075/2010canlii12075.html,TET-01344-09 (Re),2010 CanLII 12075 (ON LTB),en,TET-01344-09,2010-01-20,unit — noise from the upper tenant — problem — complain — vacated,,2010onltb1000138,NA
onltb,2010canlii12057,https://canlii.ca/t/28lrn,https://www.canlii.org/en/on/onltb/doc/2010/2010canlii12057/2010canlii12057.html,TEL-01626-09 (Re),2010 CanLII 12057 (ON LTB),en,TEL-01626-09,2010-01-20,rent — tenancy — administration charges related to cheques — rental — pay,,2010onltb1000120,NA
onltb,2010canlii12049,https://canlii.ca/t/28lrf,https://www.canlii.org/en/on/onltb/doc/2010/2010canlii12049/2010canlii12049.html,SWT-04275-09 (Re),2010 CanLII 12049 (ON LTB),en,SWT-04275-09,2010-01-20,eviction — rental unit — rent — toll — expires,,2010onltb1000112,NA
onltb,2010canlii12030,https://canlii.ca/t/28lqn,https://www.canlii.org/en/on/onltb/doc/2010/2010canlii12030/2010canlii12030.html,SOT-02533 (Re),2010 CanLII 12030 (ON LTB),en,SOT-02533,2010-01-20,space heaters — unit — heat — heating system — tenancy,,2010onltb1000093,NA
onltb,2010canlii12021,https://canlii.ca/t/28lqg,https://www.canlii.org/en/on/onltb/doc/2010/2010canlii12021/2010canlii12021.html,SOL-26082 (Re),2010 CanLII 12021 (ON LTB),en,SOL-26082,2010-01-20,eviction — tenancy — rent deposit — pay — owing,,2010onltb1000084,NA
onltb,2010canlii12020,https://canlii.ca/t/28lqc,https://www.canlii.org/en/on/onltb/doc/2010/2010canlii12020/2010canlii12020.html,SOL-25983 (Re),2010 CanLII 12020 (ON LTB),en,SOL-25983,2010-01-20,guest — unit — music — loud — tenancy,,2010onltb1000083,NA
onltb,2010canlii11991,https://canlii.ca/t/28lpc,https://www.canlii.org/en/on/onltb/doc/2010/2010canlii11991/2010canlii11991.html,NOL-00831-09 (Re),2010 CanLII 11991 (ON LTB),en,NOL-00831-09,2010-01-20,tenancy — eviction — unit — owe — rental,,2010onltb1000054,NA
onltb,2010canlii11989,https://canlii.ca/t/28lpb,https://www.canlii.org/en/on/onltb/doc/2010/2010canlii11989/2010canlii11989.html,NOL-00830-09 (Re),2010 CanLII 11989 (ON LTB),en,NOL-00830-09,2010-01-20,terminate the tenancy — evict — rent — pay — cost of filing the application,,2010onltb1000052,NA
onltb,2010canlii83271,https://canlii.ca/t/2fnsc,https://www.canlii.org/en/on/onltb/doc/2010/2010canlii83271/2010canlii83271.html,TEL-01913-09-SA (Re),2010 CanLII 83271 (ON LTB),en,TEL-01913-09-SA,2010-01-19,terms of the mediated settlement — led to her being suspended — rent — payments — evict,,2010onltb1002308,NA
onltb,2010canlii83265,https://canlii.ca/t/2fnrs,https://www.canlii.org/en/on/onltb/doc/2010/2010canlii83265/2010canlii83265.html,TEL-01935-09 (Re),2010 CanLII 83265 (ON LTB),en,TEL-01935-09,2010-01-19,rental unit — rent — terminate the tenancy — eviction — application,,2010onltb1002302,NA
onltb,2010canlii37608,https://canlii.ca/t/2bgwt,https://www.canlii.org/en/on/onltb/doc/2010/2010canlii37608/2010canlii37608.html,CET-02485 (Re),2010 CanLII 37608 (ON LTB),en,CET-02485,2010-01-19,rental unit — good state of repair — rent abatement — fit for habitation — name removed,,2010onltb1000792,NA
onltb,2010canlii25256,https://canlii.ca/t/29q4p,https://www.canlii.org/en/on/onltb/doc/2010/2010canlii25256/2010canlii25256.html,SWL-04045-09 (Re),2010 CanLII 25256 (ON LTB),en,SWL-04045-09,2010-01-19,rent — arrears — owing — deposit — tenancy,,2010onltb1000646,NA
onltb,2010canlii13664,https://canlii.ca/t/28tcw,https://www.canlii.org/en/on/onltb/doc/2010/2010canlii13664/2010canlii13664.html,CET-01616-10 (Re),2010 CanLII 13664 (ON LTB),en,CET-01616-10,2010-01-19,rental unit — residential complex — rent — motel — keys,,2010onltb1000212,NA
onltb,2010canlii12102,https://canlii.ca/t/28lt6,https://www.canlii.org/en/on/onltb/doc/2010/2010canlii12102/2010canlii12102.html,TNT-02128 (Re),2010 CanLII 12102 (ON LTB),en,TNT-02128,2010-01-19,apartment — rental unit — application — last month rent deposit — trustworthy,,2010onltb1000165,NA
onltb,2010canlii12097,https://canlii.ca/t/28lt0,https://www.canlii.org/en/on/onltb/doc/2010/2010canlii12097/2010canlii12097.html,TNL-31687 (Re),2010 CanLII 12097 (ON LTB),en,TNL-31687,2010-01-19,pay — rent — owe — owing — toll,,2010onltb1000160,NA
onltb,2010canlii12091,https://canlii.ca/t/28lss,https://www.canlii.org/en/on/onltb/doc/2010/2010canlii12091/2010canlii12091.html,TNL-30370 (Re),2010 CanLII 12091 (ON LTB),en,TNL-30370,2010-01-19,tenancy — rent deposit — eviction — pay — owing,,2010onltb1000154,NA
onltb,2010canlii12079,https://canlii.ca/t/28lsd,https://www.canlii.org/en/on/onltb/doc/2010/2010canlii12079/2010canlii12079.html,TNL-22938-RV (Re),2010 CanLII 12079 (ON LTB),en,TNL-22938-RV,2010-01-19,appointment — finding of harassment — fire inspector s report — abatement of rent — alleged incident,,2010onltb1000142,NA
onltb,2010canlii12072,https://canlii.ca/t/28ls6,https://www.canlii.org/en/on/onltb/doc/2010/2010canlii12072/2010canlii12072.html,TEL-27986-SA (Re),2010 CanLII 12072 (ON LTB),en,TEL-27986-SA,2010-01-19,superintendent — motion to set aside — evict — mediated — friends,,2010onltb1000135,NA
onltb,2010canlii12070,https://canlii.ca/t/28lrw,https://www.canlii.org/en/on/onltb/doc/2010/2010canlii12070/2010canlii12070.html,TEL-27399 (Re),2010 CanLII 12070 (ON LTB),en,TEL-27399,2010-01-19,eviction — rental unit — tenancy — resolves — toll,,2010onltb1000133,NA
onltb,2010canlii12068,https://canlii.ca/t/28ls2,https://www.canlii.org/en/on/onltb/doc/2010/2010canlii12068/2010canlii12068.html,TEL-27778 (Re),2010 CanLII 12068 (ON LTB),en,TEL-27778,2010-01-19,rent — pay — owe — owing — toll,,2010onltb1000131,NA
onltb,2010canlii12063,https://canlii.ca/t/28lrv,https://www.canlii.org/en/on/onltb/doc/2010/2010canlii12063/2010canlii12063.html,TEL-25478-RV-2 (Re),2010 CanLII 12063 (ON LTB),en,TEL-25478-RV-2; TEL-25478,2010-01-19,review — witness — representative — cancelled — issued,,2010onltb1000126,NA
onltb,2010canlii12048,https://canlii.ca/t/28lrd,https://www.canlii.org/en/on/onltb/doc/2010/2010canlii12048/2010canlii12048.html,SWT-04142-09 (Re),2010 CanLII 12048 (ON LTB),en,SWT-04142-09,2010-01-19,windows — abatement of rent — eaves-trough — failed — repair,,2010onltb1000111,NA
onltb,2010canlii12026,https://canlii.ca/t/28lqk,https://www.canlii.org/en/on/onltb/doc/2010/2010canlii12026/2010canlii12026.html,SOT-01915-09 (Re),2010 CanLII 12026 (ON LTB),en,SOT-01915-09,2010-01-19,unit — uninhabitable — pipe — maintenance — abatement,,2010onltb1000089,NA
onltb,2010canlii12024,https://canlii.ca/t/28lqj,https://www.canlii.org/en/on/onltb/doc/2010/2010canlii12024/2010canlii12024.html,SOT-01663-09 (Re),2010 CanLII 12024 (ON LTB),en,SOT-01663-09,2010-01-19,interfered with the reasonable enjoyment — notice of termination — abatement — bad faith — rent,,2010onltb1000087,NA
onltb,2010canlii12015,https://canlii.ca/t/28lq5,https://www.canlii.org/en/on/onltb/doc/2010/2010canlii12015/2010canlii12015.html,SOL-02104-09 (Re),2010 CanLII 12015 (ON LTB),en,SOL-02104-09,2010-01-19,tenancy — rent deposit — eviction — pay — owing,,2010onltb1000078,NA
onltb,2010canlii12010,https://canlii.ca/t/28lq1,https://www.canlii.org/en/on/onltb/doc/2010/2010canlii12010/2010canlii12010.html,SOL-01952-09 (Re),2010 CanLII 12010 (ON LTB),en,SOL-01952-09,2010-01-19,unit — evict — vacated — terminate the tenancy — rental,,2010onltb1000073,NA
onltb,2010canlii11976,https://canlii.ca/t/28lnt,https://www.canlii.org/en/on/onltb/doc/2010/2010canlii11976/2010canlii11976.html,EAL-03103-09 (Re),2010 CanLII 11976 (ON LTB),en,EAL-03103-09,2010-01-19,occupants of the rental unit — permitted in the residential complex — evict — seriously impaired the safety — rental unit have seriously,,2010onltb1000039,NA
onltb,2010canlii11972,https://canlii.ca/t/28lnq,https://www.canlii.org/en/on/onltb/doc/2010/2010canlii11972/2010canlii11972.html,EAL-03070-09 (Re),2010 CanLII 11972 (ON LTB),en,EAL-03070-09,2010-01-19,lawful monthly rent — tenancy — possession of the rental unit — last month s rent deposit — evict,,2010onltb1000035,NA
onltb,2010canlii12061,https://canlii.ca/t/28lrs,https://www.canlii.org/en/on/onltb/doc/2010/2010canlii12061/2010canlii12061.html,TEL-01979-09 (Re),2010 CanLII 12061 (ON LTB),en,TEL-01979-09,2010-01-18,rent — rental unit — wilfully caused undue damage — residential complex — pay,,2010onltb1000124,NA
onltb,2010canlii11985,https://canlii.ca/t/28lp4,https://www.canlii.org/en/on/onltb/doc/2010/2010canlii11985/2010canlii11985.html,EAT-03009-09 (Re),2010 CanLII 11985 (ON LTB),en,EAT-03009-09,2010-01-18,"Lease and tenancy — Maintenance — Residential Tenancies Act, 2006 — Did the Landlord fail to meet maintenance obligations under the Act? — Evidence from hearing assessed — No proven breach of health, safety, housing or maintenance standards — Application framed under s. 30 considered — Landlord found not in breach — Tenants’ maintenance application dismissed — Application dismissed | Lease and tenancy — Termination and rent — Abandonment — Does unilateral vacation without proper notice terminate the tenancy and rent obligations? — Tenancy continues until termination under the Act — Exceptions where notice given under s. 37(2) or unit re‑rented — Duty to minimise tenants’ losses referenced under s. 13 — Rent remains payable — Tenancy continued | Lease and tenancy — Rent deposit — Entitlement — Whether any monies are owing to the Tenants, including last month’s rent deposit — Last month’s rent deposit returned by Landlord, despite no obligation to do so — No other monies are owing to the Tenants in any respect of this tenancy — Monetary claims under application rejected — No refund beyond deposit returned",,2010onltb1000048,2010canlii11985
onltb,2010canlii11973,https://canlii.ca/t/28lns,https://www.canlii.org/en/on/onltb/doc/2010/2010canlii11973/2010canlii11973.html,EAL-03074-09-SA (Re),2010 CanLII 11973 (ON LTB),en,EAL-03074-09-SA,2010-01-18,rent — eviction may be enforced — arrears — rental unit — directed to give vacant possession,,2010onltb1000036,NA
onltb,2010canlii11971,https://canlii.ca/t/28lnp,https://www.canlii.org/en/on/onltb/doc/2010/2010canlii11971/2010canlii11971.html,EAL-03045-09 (Re),2010 CanLII 11971 (ON LTB),en,EAL-03045-09,2010-01-18,tenancy — compensation — damages — application — toll,,2010onltb1000034,NA
onltb,2010canlii11964,https://canlii.ca/t/28ln8,https://www.canlii.org/en/on/onltb/doc/2010/2010canlii11964/2010canlii11964.html,CET-02462 (Re),2010 CanLII 11964 (ON LTB),en,CET-02462,2010-01-18,rent abatement — water leaks — cause of the leak — damage — rental unit,,2010onltb1000027,NA
onltb,2010canlii11956,https://canlii.ca/t/28ln6,https://www.canlii.org/en/on/onltb/doc/2010/2010canlii11956/2010canlii11956.html,CET-00911-09 (Re),2010 CanLII 11956 (ON LTB),en,CET-00911-09,2010-01-18,deemed to be the landlord — last month s rent deposit — sheriff s notice — rental unit — last month of the tenancy,,2010onltb1000019,NA
onltb,2010canlii11942,https://canlii.ca/t/28lmq,https://www.canlii.org/en/on/onltb/doc/2010/2010canlii11942/2010canlii11942.html,CEL-22209 (Re),2010 CanLII 11942 (ON LTB),en,CEL-22209,2010-01-18,lawful rent — evict — terminate the tenancy — owing — fee,,2010onltb1000005,NA
onltb,2010canlii12130,https://canlii.ca/t/28lv4,https://www.canlii.org/en/on/onltb/doc/2010/2010canlii12130/2010canlii12130.html,TST-03013 (Re),2010 CanLII 12130 (ON LTB),en,TST-03013,2010-01-15,bathroom — kitchen facility with the owner — interfered with the reasonable — shares — supply,,2010onltb1000193,NA
onltb,2010canlii12087,https://canlii.ca/t/28lsq,https://www.canlii.org/en/on/onltb/doc/2010/2010canlii12087/2010canlii12087.html,TNL-30076-SA (Re),2010 CanLII 12087 (ON LTB),en,TNL-30076-SA,2010-01-15,motion to set aside — evict — ex parte — issued — toll,,2010onltb1000150,NA
onltb,2010canlii12081,https://canlii.ca/t/28lsj,https://www.canlii.org/en/on/onltb/doc/2010/2010canlii12081/2010canlii12081.html,TNL-28246-RV (Re),2010 CanLII 12081 (ON LTB),en,TNL-28246-RV,2010-01-15,serious error — rent — request — costs — review,,2010onltb1000144,NA
onltb,2010canlii11944,https://canlii.ca/t/28lmm,https://www.canlii.org/en/on/onltb/doc/2010/2010canlii11944/2010canlii11944.html,CEL-01357-09 (Re),2010 CanLII 11944 (ON LTB),en,CEL-01357-09,2010-01-15,eviction — tenancy — rent deposit — pay — owing,,2010onltb1000007,NA
onltb,2010canlii83267,https://canlii.ca/t/2fnrw,https://www.canlii.org/en/on/onltb/doc/2010/2010canlii83267/2010canlii83267.html,TNT-12998-10 (Re),2010 CanLII 83267 (ON LTB),en,TNT-12998-10,2010-01-14,rental unit — without giving him replacement keys — locking system on a door — rent — tenancy,,2010onltb1002304,NA
onltb,2010canlii12074,https://canlii.ca/t/28ls5,https://www.canlii.org/en/on/onltb/doc/2010/2010canlii12074/2010canlii12074.html,TEL-27714 (Re),2010 CanLII 12074 (ON LTB),en,TEL-27714,2010-01-14,tenancy — eviction — rent deposit — charges — pay,,2010onltb1000137,NA
onltb,2010canlii12016,https://canlii.ca/t/28lq7,https://www.canlii.org/en/on/onltb/doc/2010/2010canlii12016/2010canlii12016.html,SOL-25411 (Re),2010 CanLII 12016 (ON LTB),en,SOL-25411,2010-01-14,maintenance — deposit — lawful rent — owe — block in the kitchen sink,,2010onltb1000079,NA
onltb,2010canlii12083,https://canlii.ca/t/28lsl,https://www.canlii.org/en/on/onltb/doc/2010/2010canlii12083/2010canlii12083.html,TNL-29176-SA (Re),2010 CanLII 12083 (ON LTB),en,TNL-29176-SA,2010-01-13,garage — tenancy — building — congregate — specified in the settlement,,2010onltb1000146,NA
onltb,2010canlii12080,https://canlii.ca/t/28lsf,https://www.canlii.org/en/on/onltb/doc/2010/2010canlii12080/2010canlii12080.html,TNL-24339 (Re),2010 CanLII 12080 (ON LTB),en,TNL-24339; TNT-01655; TNT-01704; TNL-31351,2010-01-13,rent — tenancy — applied for an order determining — unit — deposit,,2010onltb1000143,NA
onltb,2010canlii12052,https://canlii.ca/t/28lrc,https://www.canlii.org/en/on/onltb/doc/2010/2010canlii12052/2010canlii12052.html,SWT-00273-09 (Re),2010 CanLII 12052 (ON LTB),en,SWT-00273-09; SWL-00607-09,2010-01-13,"Lease and tenancy — Maintenance — Residential standards and fit for habitation — Whether the Landlord breached s. 20(1) of the Residential Tenancies Act, 2006 — Sewage back-ups, water leakage, mould and odours assessed — Eaves troughs, chimney, and basement door disrepair found — Tenant evidence and public health inspection considered — Maintenance breaches established — Abatement and compensation considered — Breach found | Lease and tenancy — Termination and remedies — Cumulative breaches — Were the Landlord’s breaches serious enough to justify terminating the tenancy and granting relief — Odour permeating unit made residence intolerable — Failure to address likely cause of problems — Eaves trough and chimney disrepair contributed to mould and water — Enjoyment substantially deprived — Tenancy terminated — Rent abatement and compensation awarded | Lease and tenancy — Arrears and set-off — L1 application — How arrears, daily compensation, and rent deposit with interest should be set off — No contested issues on arrears — Rent deposit and interest applied against arrears and daily compensation — Accounting produced overpayment by Tenants — Net result in Tenants’ favour — Landlord ordered to pay balance — Overpayment confirmed | Lease and tenancy — Other relief — Moving-related expenses — Are moving-related expenses recoverable under subparagraph 30(1)9 of the Residential Tenancies Act, 2006 — Termination justified by Landlord’s breaches — Evidence of new tenancy considered — Difference in rent treated analogously to s. 31 — Undocumented expenses denied — Limited compensation for moving-related expenses granted — Partial compensation awarded",,2010onltb1000115,2010canlii12052
onltb,2010canlii12033,https://canlii.ca/t/28lqt,https://www.canlii.org/en/on/onltb/doc/2010/2010canlii12033/2010canlii12033.html,SWL-03062-09-RV (Re),2010 CanLII 12033 (ON LTB),en,SWL-03062-09-RV,2010-01-13,evict — request — review — toll — unchanged,,2010onltb1000096,NA
onltb,2010canlii12027,https://canlii.ca/t/28lqm,https://www.canlii.org/en/on/onltb/doc/2010/2010canlii12027/2010canlii12027.html,SOT-01920-09 (Re),2010 CanLII 12027 (ON LTB),en,SOT-01920-09,2010-01-13,rental unit — tenancy — served — notice — terminate,,2010onltb1000090,NA
onltb,2010canlii12025,https://canlii.ca/t/28lqh,https://www.canlii.org/en/on/onltb/doc/2010/2010canlii12025/2010canlii12025.html,SOT-01456-09 (Re),2010 CanLII 12025 (ON LTB),en,SOT-01456-09,2010-01-13,rental unit — burst — repair — rent — moved out of the rental,,2010onltb1000088,NA
onltb,2010canlii12019,https://canlii.ca/t/28lq9,https://www.canlii.org/en/on/onltb/doc/2010/2010canlii12019/2010canlii12019.html,SOL-25808 (Re),2010 CanLII 12019 (ON LTB),en,SOL-25808,2010-01-13,evict — pay the rent — terminate the tenancy — application — fails to meet,,2010onltb1000082,NA
onltb,2010canlii12008,https://canlii.ca/t/28lpz,https://www.canlii.org/en/on/onltb/doc/2010/2010canlii12008/2010canlii12008.html,SOL-01917-09 (Re),2010 CanLII 12008 (ON LTB),en,SOL-01917-09,2010-01-13,eviction — possession of the rental unit — tenancy — purpose of residential occupation — rental unit for the purpose,,2010onltb1000071,NA
onltb,2010canlii12007,https://canlii.ca/t/28lpw,https://www.canlii.org/en/on/onltb/doc/2010/2010canlii12007/2010canlii12007.html,SOL-01901-09 (Re),2010 CanLII 12007 (ON LTB),en,SOL-01901-09,2010-01-13,rental unit — eviction — outstanding arrears of rent — terminate the tenancy — vacates,,2010onltb1000070,NA
onltb,2010canlii11958,https://canlii.ca/t/28ln7,https://www.canlii.org/en/on/onltb/doc/2010/2010canlii11958/2010canlii11958.html,CET-02348-RV (Re),2010 CanLII 11958 (ON LTB),en,CET-02348-RV,2010-01-13,backyard — tenant — maintenance — email — cogent,,2010onltb1000021,NA
onltb,2010canlii11955,https://canlii.ca/t/28ln4,https://www.canlii.org/en/on/onltb/doc/2010/2010canlii11955/2010canlii11955.html,CEL-21091-AM (Re),2010 CanLII 11955 (ON LTB),en,CEL-21091-AM,2010-01-13,rent — weighted useful life for capital — total percentage increase set — useful life for capital expenditures — guideline,,2010onltb1000018,NA
onltb,2010canlii11947,https://canlii.ca/t/28lmw,https://www.canlii.org/en/on/onltb/doc/2010/2010canlii11947/2010canlii11947.html,CEL-22537 (Re),2010 CanLII 11947 (ON LTB),en,CEL-22537,2010-01-13,rental unit — damage — rent — tiles — pay,,2010onltb1000010,NA
onltb,2010canlii11945,https://canlii.ca/t/28lms,https://www.canlii.org/en/on/onltb/doc/2010/2010canlii11945/2010canlii11945.html,CEL-22433 (Re),2010 CanLII 11945 (ON LTB),en,CEL-22433,2010-01-13,terminate the tenancy — evict — notice — persistently — toll,,2010onltb1000008,NA
onltb,2010canlii12126,https://canlii.ca/t/28lv1,https://www.canlii.org/en/on/onltb/doc/2010/2010canlii12126/2010canlii12126.html,TST-02974 (Re),2010 CanLII 12126 (ON LTB),en,TST-02974,2010-01-12,toll — application — illegally — representative — withdrawal,,2010onltb1000189,NA
onltb,2010canlii12042,https://canlii.ca/t/28lr4,https://www.canlii.org/en/on/onltb/doc/2010/2010canlii12042/2010canlii12042.html,SWL-04380-09 (Re),2010 CanLII 12042 (ON LTB),en,SWL-04380-09,2010-01-12,rental unit — tenancy — oven — eviction — fires,,2010onltb1000105,NA
onltb,2010canlii12037,https://canlii.ca/t/28lr1,https://www.canlii.org/en/on/onltb/doc/2010/2010canlii12037/2010canlii12037.html,SWL-03994-09 (Re),2010 CanLII 12037 (ON LTB),en,SWL-03994-09,2010-01-12,eviction — tenancy — rent deposit — pay — owing,,2010onltb1000100,NA
onltb,2010canlii12035,https://canlii.ca/t/28lqw,https://www.canlii.org/en/on/onltb/doc/2010/2010canlii12035/2010canlii12035.html,SWL-03859-09 (Re),2010 CanLII 12035 (ON LTB),en,SWL-03859-09,2010-01-12,rent-geared-to-income — submitted disclosure of their income — unit — rental — evict,,2010onltb1000098,NA
onltb,2010canlii12121,https://canlii.ca/t/28ltt,https://www.canlii.org/en/on/onltb/doc/2010/2010canlii12121/2010canlii12121.html,TSL-29161 (Re),2010 CanLII 12121 (ON LTB),en,TSL-29161,2010-01-11,defective — unit — rental — evict — terminate a tenancy,,2010onltb1000184,NA
onltb,2010canlii12101,https://canlii.ca/t/28lt5,https://www.canlii.org/en/on/onltb/doc/2010/2010canlii12101/2010canlii12101.html,TNL-00210-09 (Re),2010 CanLII 12101 (ON LTB),en,TNL-00210-09; TNT-02007,2010-01-11,rental unit — rent deposit — mould — tenancy — flood,,2010onltb1000164,NA
onltb,2010canlii12092,https://canlii.ca/t/28lst,https://www.canlii.org/en/on/onltb/doc/2010/2010canlii12092/2010canlii12092.html,TNL-30451 (Re),2010 CanLII 12092 (ON LTB),en,TNL-30451,2010-01-11,eviction — tenancy — pay — rent deposit — owing,,2010onltb1000155,NA
onltb,2010canlii12085,https://canlii.ca/t/28lsm,https://www.canlii.org/en/on/onltb/doc/2010/2010canlii12085/2010canlii12085.html,TNL-29615 SA (Re),2010 CanLII 12085 (ON LTB),en,TNL-2 9615 SA,2010-01-11,eviction — tenancy — pay — rent deposit — owing,,2010onltb1000148,NA
onltb,2010canlii12043,https://canlii.ca/t/28lr6,https://www.canlii.org/en/on/onltb/doc/2010/2010canlii12043/2010canlii12043.html,SWL-04121-09 (Re),2010 CanLII 12043 (ON LTB),en,SWL-04121-09,2010-01-11,tenancy — eviction — pay — owing — unit,,2010onltb1000106,NA
onltb,2010canlii12038,https://canlii.ca/t/28lqx,https://www.canlii.org/en/on/onltb/doc/2010/2010canlii12038/2010canlii12038.html,SWL-03894-09 (Re),2010 CanLII 12038 (ON LTB),en,SWL-03894-09,2010-01-11,rent — arrears — tenancy — owing — evicting,,2010onltb1000101,NA
onltb,2010canlii12036,https://canlii.ca/t/28lr0,https://www.canlii.org/en/on/onltb/doc/2010/2010canlii12036/2010canlii12036.html,SWL-04022-09 (Re),2010 CanLII 12036 (ON LTB),en,SWL-04022-09,2010-01-11,rental unit — rent deposit — tenancy — eviction — owing,,2010onltb1000099,NA
onltb,2010canlii12032,https://canlii.ca/t/28lqs,https://www.canlii.org/en/on/onltb/doc/2010/2010canlii12032/2010canlii12032.html,SWL-03743-09 (Re),2010 CanLII 12032 (ON LTB),en,SWL-03743-09,2010-01-11,pay — rent — toll — outstanding balance — owe,,2010onltb1000095,NA
onltb,2010canlii12017,https://canlii.ca/t/28lq8,https://www.canlii.org/en/on/onltb/doc/2010/2010canlii12017/2010canlii12017.html,SOL-25843 (Re),2010 CanLII 12017 (ON LTB),en,SOL-25843,2010-01-11,rent — arrears — tenancy — evicting — application,,2010onltb1000080,NA
onltb,2010canlii12014,https://canlii.ca/t/28lq6,https://www.canlii.org/en/on/onltb/doc/2010/2010canlii12014/2010canlii12014.html,SOL-25787 (Re),2010 CanLII 12014 (ON LTB),en,SOL-25787,2010-01-11,debt — evict — rent — ordered — toll,,2010onltb1000077,NA
onltb,2010canlii11982,https://canlii.ca/t/28lp1,https://www.canlii.org/en/on/onltb/doc/2010/2010canlii11982/2010canlii11982.html,EAT-01944-09 (Re),2010 CanLII 11982 (ON LTB),en,EAT-01944-09,2010-01-11,rental — application — meet the s maintenance obligations — failed to comply with health — housing,,2010onltb1000045,NA
onltb,2010canlii11967,https://canlii.ca/t/28lng,https://www.canlii.org/en/on/onltb/doc/2010/2010canlii11967/2010canlii11967.html,CET-02481 (Re),2010 CanLII 11967 (ON LTB),en,CET-02481,2010-01-11,water — notice of termination in bad — applied for an order determining — unit — supply,,2010onltb1000030,NA
onltb,2010canlii11957,https://canlii.ca/t/28ln5,https://www.canlii.org/en/on/onltb/doc/2010/2010canlii11957/2010canlii11957.html,CET-01343-09 (Re),2010 CanLII 11957 (ON LTB),en,CET-01343-09,2010-01-11,last month s rent deposit — owe — pay — full amount owing — retained,,2010onltb1000020,NA
onltb,2010canlii11941,https://canlii.ca/t/28lmp,https://www.canlii.org/en/on/onltb/doc/2010/2010canlii11941/2010canlii11941.html,CEL-01470-09 (Re),2010 CanLII 11941 (ON LTB),en,CEL-01470-09,2010-01-11,eviction — tenancy — rent deposit — pay — owing,,2010onltb1000004,NA
onltb,2010canlii11939,https://canlii.ca/t/28lml,https://www.canlii.org/en/on/onltb/doc/2010/2010canlii11939/2010canlii11939.html,CEL-01031-09 (Re),2010 CanLII 11939 (ON LTB),en,CEL-01031-09,2010-01-11,arrears — rent — tenancy — evict — voided,,2010onltb1000002,NA
onltb,2010canlii11950,https://canlii.ca/t/28lmt,https://www.canlii.org/en/on/onltb/doc/2010/2010canlii11950/2010canlii11950.html,CEL-22424 (Re),2010 CanLII 11950 (ON LTB),en,CEL-22424,2010-01-09,rent — owing — tenancy — pay — unit,,2010onltb1000013,NA
onltb,2010canlii12125,https://canlii.ca/t/28lv0,https://www.canlii.org/en/on/onltb/doc/2010/2010canlii12125/2010canlii12125.html,TST-02972 (Re),2010 CanLII 12125 (ON LTB),en,TST-02972,2010-01-08,eviction — rental unit — tenancy — interfered — settles,,2010onltb1000188,NA
onltb,2010canlii12119,https://canlii.ca/t/28ltq,https://www.canlii.org/en/on/onltb/doc/2010/2010canlii12119/2010canlii12119.html,TSL-28906 (Re),2010 CanLII 12119 (ON LTB),en,TSL-28906,2010-01-08,rent — tenancy — application — evict — inaccurately,,2010onltb1000182,NA
onltb,2010canlii12064,https://canlii.ca/t/28lrx,https://www.canlii.org/en/on/onltb/doc/2010/2010canlii12064/2010canlii12064.html,TEL-26112-RV (Re),2010 CanLII 12064 (ON LTB),en,TEL-26112-RV,2010-01-08,evict — issued — toll — request — review,,2010onltb1000127,NA
onltb,2010canlii12041,https://canlii.ca/t/28lr2,https://www.canlii.org/en/on/onltb/doc/2010/2010canlii12041/2010canlii12041.html,SWL-04108-09 (Re),2010 CanLII 12041 (ON LTB),en,SWL-04108-09,2010-01-08,rental unit — evict — residential complex — interfered with the reasonable enjoyment — furniture,,2010onltb1000104,NA
onltb,2010canlii12031,https://canlii.ca/t/28lqr,https://www.canlii.org/en/on/onltb/doc/2010/2010canlii12031/2010canlii12031.html,SWT-01802-09 (Re),2010 CanLII 12031 (ON LTB),en,SWT-01802-09; SWL-02548-09; SWL-02088-09,2010-01-08,tenancy — unit — interfered with the reasonable — evict — residential,,2010onltb1000094,NA
onltb,2010canlii12009,https://canlii.ca/t/28lq0,https://www.canlii.org/en/on/onltb/doc/2010/2010canlii12009/2010canlii12009.html,SOL-01886-09 (Re),2010 CanLII 12009 (ON LTB),en,SOL-01886-09,2010-01-08,eviction — tenancy — rent deposit — pay — owing,,2010onltb1000072,NA
onltb,2010canlii12003,https://canlii.ca/t/28lpt,https://www.canlii.org/en/on/onltb/doc/2010/2010canlii12003/2010canlii12003.html,SOL-01848-09-SA (Re),2010 CanLII 12003 (ON LTB),en,SOL-01848-09-SA,2010-01-08,terminate the tenancy — cockroach — notice to terminate — unit — evict,,2010onltb1000066,NA
onltb,2010canlii11979,https://canlii.ca/t/28lnz,https://www.canlii.org/en/on/onltb/doc/2010/2010canlii11979/2010canlii11979.html,EAL-18501 (Re),2010 CanLII 11979 (ON LTB),en,EAL-18501,2010-01-08,occupancy of the rental unit — eviction — tenancy — acknowledges — subsidy,,2010onltb1000042,NA
onltb,2010canlii11977,https://canlii.ca/t/28lnw,https://www.canlii.org/en/on/onltb/doc/2010/2010canlii11977/2010canlii11977.html,EAL-18536 (Re),2010 CanLII 11977 (ON LTB),en,EAL-18536,2010-01-08,guaranteed funds — rent — tenancy — arrears — pay,,2010onltb1000040,NA
onltb,2010canlii11975,https://canlii.ca/t/28lnv,https://www.canlii.org/en/on/onltb/doc/2010/2010canlii11975/2010canlii11975.html,EAL-18396 (Re),2010 CanLII 11975 (ON LTB),en,EAL-18396,2010-01-08,current lawful monthly rent — amount of the outstanding arrears — amount represents the current lawful — evict — toward,,2010onltb1000038,NA
onltb,2010canlii11969,https://canlii.ca/t/28lnm,https://www.canlii.org/en/on/onltb/doc/2010/2010canlii11969/2010canlii11969.html,EAL-02981-09 (Re),2010 CanLII 11969 (ON LTB),en,EAL-02981-09,2010-01-08,tenancy — evicting — rent — persistently — twelve-month,,2010onltb1000032,NA
onltb,2010canlii11965,https://canlii.ca/t/28lnj,https://www.canlii.org/en/on/onltb/doc/2010/2010canlii11965/2010canlii11965.html,EAL-02939-09 (Re),2010 CanLII 11965 (ON LTB),en,EAL-02939-09,2010-01-08,lawful monthly rent — amount of the outstanding arrears — tenancy — payable — rent as it falls due,,2010onltb1000028,NA
onltb,2010canlii11951,https://canlii.ca/t/28ln0,https://www.canlii.org/en/on/onltb/doc/2010/2010canlii11951/2010canlii11951.html,CEL-22495 (Re),2010 CanLII 11951 (ON LTB),en,CEL-22495,2010-01-08,tenancy — rent deposit — eviction — pay — owing,,2010onltb1000014,NA
onltb,2010canlii11948,https://canlii.ca/t/28lmx,https://www.canlii.org/en/on/onltb/doc/2010/2010canlii11948/2010canlii11948.html,CEL-22606 (Re),2010 CanLII 11948 (ON LTB),en,CEL-22606,2010-01-08,rental unit — illegal drug — eviction — tenancy — trafficking,,2010onltb1000011,NA
onltb,2010canlii11943,https://canlii.ca/t/28lmr,https://www.canlii.org/en/on/onltb/doc/2010/2010canlii11943/2010canlii11943.html,CEL-01410-09 (Re),2010 CanLII 11943 (ON LTB),en,CEL-01410-09,2010-01-08,tenancy — cheque charges — rent deposit — eviction — pay,,2010onltb1000006,NA
onltb,2010canlii12123,https://canlii.ca/t/28ltw,https://www.canlii.org/en/on/onltb/doc/2010/2010canlii12123/2010canlii12123.html,TSL-29016 (Re),2010 CanLII 12123 (ON LTB),en,TSL-29016,2010-01-07,tenancy — rent — owing — must pay — arrears,,2010onltb1000186,NA
onltb,2010canlii12122,https://canlii.ca/t/28ltv,https://www.canlii.org/en/on/onltb/doc/2010/2010canlii12122/2010canlii12122.html,TSL-28997 (Re),2010 CanLII 12122 (ON LTB),en,TSL-28997,2010-01-07,tenancy — owing — pay — rent deposit — arrears,,2010onltb1000185,NA
onltb,2010canlii12120,https://canlii.ca/t/28lts,https://www.canlii.org/en/on/onltb/doc/2010/2010canlii12120/2010canlii12120.html,TSL-28887 (Re),2010 CanLII 12120 (ON LTB),en,TSL-28887,2010-01-07,must pay — eviction — continue the tenancy — owing — amount,,2010onltb1000183,NA
onltb,2010canlii12118,https://canlii.ca/t/28ltr,https://www.canlii.org/en/on/onltb/doc/2010/2010canlii12118/2010canlii12118.html,TSL-28900 (Re),2010 CanLII 12118 (ON LTB),en,TSL-28900,2010-01-07,tenancy — owing — must pay — arrears — rent,,2010onltb1000181,NA
onltb,2010canlii12117,https://canlii.ca/t/28ltp,https://www.canlii.org/en/on/onltb/doc/2010/2010canlii12117/2010canlii12117.html,TSL-28881 (Re),2010 CanLII 12117 (ON LTB),en,TSL-28881,2010-01-07,tenancy — rent deposit — pay — eviction — owing,,2010onltb1000180,NA
onltb,2010canlii12105,https://canlii.ca/t/28lt9,https://www.canlii.org/en/on/onltb/doc/2010/2010canlii12105/2010canlii12105.html,TSL-17602 (Re),2010 CanLII 12105 (ON LTB),en,TSL-17602,2010-01-07,rent — evict — toll — tenancy — owes,,2010onltb1000168,NA
onltb,2010canlii12104,https://canlii.ca/t/28lt7,https://www.canlii.org/en/on/onltb/doc/2010/2010canlii12104/2010canlii12104.html,TNT-02115 (Re),2010 CanLII 12104 (ON LTB),en,TNT-02115,2010-01-07,window coverings — repair — abatement — locker — curtains,,2010onltb1000167,NA
onltb,2010canlii12099,https://canlii.ca/t/28lt3,https://www.canlii.org/en/on/onltb/doc/2010/2010canlii12099/2010canlii12099.html,TNT-02112 (Re),2010 CanLII 12099 (ON LTB),en,TNT-02112,2010-01-07,cameras — harassed — video — interfered — rental unit,,2010onltb1000162,NA
onltb,2010canlii12090,https://canlii.ca/t/28ls3,https://www.canlii.org/en/on/onltb/doc/2010/2010canlii12090/2010canlii12090.html,TEL-27700 (Re),2010 CanLII 12090 (ON LTB),en,TEL-27700,2010-01-07,eviction — tenancy — rent deposit — owing — pay,,2010onltb1000153,NA
onltb,2010canlii12089,https://canlii.ca/t/28lsp,https://www.canlii.org/en/on/onltb/doc/2010/2010canlii12089/2010canlii12089.html,TNL-29768 (Re),2010 CanLII 12089 (ON LTB),en,TNL-29768,2010-01-07,occupant of the rental unit — illegal drug — tenancy — permitted in the residential complex — trafficking,,2010onltb1000152,NA
onltb,2010canlii12078,https://canlii.ca/t/28lsc,https://www.canlii.org/en/on/onltb/doc/2010/2010canlii12078/2010canlii12078.html,TET-02361 (Re),2010 CanLII 12078 (ON LTB),en,TET-02361,2010-01-07,details — applied for an order determining — combined — coerced — obstructed,,2010onltb1000141,NA
onltb,2010canlii12073,https://canlii.ca/t/28ls7,https://www.canlii.org/en/on/onltb/doc/2010/2010canlii12073/2010canlii12073.html,TET-02132-RV (Re),2010 CanLII 12073 (ON LTB),en,TET-02132-RV; TET-02099-RV,2010-01-07,mediated — interfered — applied for an order determining — coerced — obstructed,,2010onltb1000136,NA
onltb,2010canlii12066,https://canlii.ca/t/28ls0,https://www.canlii.org/en/on/onltb/doc/2010/2010canlii12066/2010canlii12066.html,TEL-27567 (Re),2010 CanLII 12066 (ON LTB),en,TEL-27567,2010-01-07,rent — deposit — arrears — application — evicting,,2010onltb1000129,NA
onltb,2010canlii12065,https://canlii.ca/t/28lrz,https://www.canlii.org/en/on/onltb/doc/2010/2010canlii12065/2010canlii12065.html,TEL-27622 (Re),2010 CanLII 12065 (ON LTB),en,TEL-27622,2010-01-07,lease in place — terminate the tenancy — evict — end of the term — toll,,2010onltb1000128,NA
onltb,2010canlii12050,https://canlii.ca/t/28lrh,https://www.canlii.org/en/on/onltb/doc/2010/2010canlii12050/2010canlii12050.html,SWT-03056-09  (Re),2010 CanLII 12050 (ON LTB),en,SWT-03056-09; SWT-02593,2010-01-07,reasonable to abate the rent — tenancy in the amount — failed to maintain the rental — abate the rent paid — maintain the rental unit,,2010onltb1000113,NA
onltb,2010canlii12046,https://canlii.ca/t/28lr9,https://www.canlii.org/en/on/onltb/doc/2010/2010canlii12046/2010canlii12046.html,SWL-29660 (Re),2010 CanLII 12046 (ON LTB),en,SWL-29660,2010-01-07,eviction — rent deposit — tenancy — pay — owing,,2010onltb1000109,NA
onltb,2010canlii12045,https://canlii.ca/t/28lr8,https://www.canlii.org/en/on/onltb/doc/2010/2010canlii12045/2010canlii12045.html,SWL-29614 (Re),2010 CanLII 12045 (ON LTB),en,SWL-29614,2010-01-07,tenancy — rent deposit — eviction — charges — pay,,2010onltb1000108,NA
onltb,2010canlii12044,https://canlii.ca/t/28lr7,https://www.canlii.org/en/on/onltb/doc/2010/2010canlii12044/2010canlii12044.html,SWL-29572 (Re),2010 CanLII 12044 (ON LTB),en,SWL-29572,2010-01-07,tenancy — rent deposit — eviction — pay — unit,,2010onltb1000107,NA
onltb,2010canlii12039,https://canlii.ca/t/28lpq,https://www.canlii.org/en/on/onltb/doc/2010/2010canlii12039/2010canlii12039.html,NOT-00790-09 (Re),2010 CanLII 12039 (ON LTB),en,NOT-00790-09,2010-01-07,notice of termination — moved into the rental unit — occupancy — extensive repair work — substandard,,2010onltb1000102,NA
onltb,2010canlii12034,https://canlii.ca/t/28lqv,https://www.canlii.org/en/on/onltb/doc/2010/2010canlii12034/2010canlii12034.html,SWL-03519-09 (Re),2010 CanLII 12034 (ON LTB),en,SWL-03519-09,2010-01-07,pay — charges — rent — cheque — tendered,,2010onltb1000097,NA
onltb,2010canlii12023,https://canlii.ca/t/28lqf,https://www.canlii.org/en/on/onltb/doc/2010/2010canlii12023/2010canlii12023.html,SOT-01451-09 (Re),2010 CanLII 12023 (ON LTB),en,SOT-01451-09,2010-01-07,unit — tenancy — repair — undisputed — rent,,2010onltb1000086,NA
onltb,2010canlii12012,https://canlii.ca/t/28lq3,https://www.canlii.org/en/on/onltb/doc/2010/2010canlii12012/2010canlii12012.html,SOL-02019-09 (Re),2010 CanLII 12012 (ON LTB),en,SOL-02019-09,2010-01-07,eviction — tenancy — rent deposit — pay — owing,,2010onltb1000075,NA
onltb,2010canlii12005,https://canlii.ca/t/28lps,https://www.canlii.org/en/on/onltb/doc/2010/2010canlii12005/2010canlii12005.html,NOT-01272-RV (Re),2010 CanLII 12005 (ON LTB),en,NOT-01272-RV,2010-01-07,rental unit — mailbox — request — illegally — purposes of serving documents,,2010onltb1000068,NA
onltb,2010canlii12000,https://canlii.ca/t/28lpm,https://www.canlii.org/en/on/onltb/doc/2010/2010canlii12000/2010canlii12000.html,NOL-08424 (Re),2010 CanLII 12000 (ON LTB),en,NOL-08424,2010-01-07,damage — pay — tenancy — owes — evicting,,2010onltb1000063,NA
onltb,2010canlii11998,https://canlii.ca/t/28lpl,https://www.canlii.org/en/on/onltb/doc/2010/2010canlii11998/2010canlii11998.html,NOL-08411 (Re),2010 CanLII 11998 (ON LTB),en,NOL-08411,2010-01-07,tenancy — trafficking in an illegal drug — marijuana — residential complex — rental unit,,2010onltb1000061,NA
onltb,2010canlii11997,https://canlii.ca/t/28lpk,https://www.canlii.org/en/on/onltb/doc/2010/2010canlii11997/2010canlii11997.html,NOL-08409 (Re),2010 CanLII 11997 (ON LTB),en,NOL-08409,2010-01-07,eviction — rental unit — tenancy — toll — expires,,2010onltb1000060,NA
onltb,2010canlii11996,https://canlii.ca/t/28lpj,https://www.canlii.org/en/on/onltb/doc/2010/2010canlii11996/2010canlii11996.html,NOL-08362 (Re),2010 CanLII 11996 (ON LTB),en,NOL-08362,2010-01-07,tenancy — eviction — rent deposit — pay — owing,,2010onltb1000059,NA
onltb,2010canlii11994,https://canlii.ca/t/28lpg,https://www.canlii.org/en/on/onltb/doc/2010/2010canlii11994/2010canlii11994.html,NOL-08404 (Re),2010 CanLII 11994 (ON LTB),en,NOL-08404,2010-01-07,towards the rent arrears — payment represents — pay — tenancy — owes,,2010onltb1000057,NA
onltb,2010canlii11990,https://canlii.ca/t/28lp9,https://www.canlii.org/en/on/onltb/doc/2010/2010canlii11990/2010canlii11990.html,NOL-00793-09 (Re),2010 CanLII 11990 (ON LTB),en,NOL-00793-09,2010-01-07,daughter — tenancy — possession of the rental unit — eviction — purpose of residential occupation,,2010onltb1000053,NA
onltb,2010canlii11987,https://canlii.ca/t/28lp7,https://www.canlii.org/en/on/onltb/doc/2010/2010canlii11987/2010canlii11987.html,NOL-00768-09 (Re),2010 CanLII 11987 (ON LTB),en,NOL-00768-09,2010-01-07,arrears — towards the rent — tenancy — evicting — pay,,2010onltb1000050,NA
onltb,2010canlii11981,https://canlii.ca/t/28lp0,https://www.canlii.org/en/on/onltb/doc/2010/2010canlii11981/2010canlii11981.html,EAL-18906 (Re),2010 CanLII 11981 (ON LTB),en,EAL-18906,2010-01-07,tenancy — eviction — pay — owing — unit,,2010onltb1000044,NA
onltb,2010canlii11980,https://canlii.ca/t/28lnk,https://www.canlii.org/en/on/onltb/doc/2010/2010canlii11980/2010canlii11980.html,EAL-02444-09 (Re),2010 CanLII 11980 (ON LTB),en,EAL-02444-09,2010-01-07,rent deposit — eviction — tenancy — stereo — will be vacating the rental,,2010onltb1000043,NA
onltb,2010canlii11970,https://canlii.ca/t/28lnn,https://www.canlii.org/en/on/onltb/doc/2010/2010canlii11970/2010canlii11970.html,EAL-02989-09 (Re),2010 CanLII 11970 (ON LTB),en,EAL-02989-09,2010-01-07,last month rent deposit — tenancy — eviction — unit — pay,,2010onltb1000033,NA
onltb,2010canlii11968,https://canlii.ca/t/28lnl,https://www.canlii.org/en/on/onltb/doc/2010/2010canlii11968/2010canlii11968.html,EAL-02946-09 (Re),2010 CanLII 11968 (ON LTB),en,EAL-02946-09; EAT-02292-09,2010-01-07,tenancy — eviction — rent — illegally — enjoyment of the rental unit,,2010onltb1000031,NA
onltb,2010canlii11963,https://canlii.ca/t/28lnf,https://www.canlii.org/en/on/onltb/doc/2010/2010canlii11963/2010canlii11963.html,EAL-02415-09 (Re),2010 CanLII 11963 (ON LTB),en,EAL-02415-09,2010-01-07,tenancy — evicting — rent deposit — outstanding — time,,2010onltb1000026,NA
onltb,2010canlii11962,https://canlii.ca/t/28lnd,https://www.canlii.org/en/on/onltb/doc/2010/2010canlii11962/2010canlii11962.html,EAL-02434-09 (Re),2010 CanLII 11962 (ON LTB),en,EAL-02434-09,2010-01-07,rent — evict — toll — tenancy — owes,,2010onltb1000025,NA
onltb,2010canlii11937,https://canlii.ca/t/28lmk,https://www.canlii.org/en/on/onltb/doc/2010/2010canlii11937/2010canlii11937.html,CEL-01291-09-SA (Re),2010 CanLII 11937 (ON LTB),en,CEL-01291-09-SA,2010-01-07,motion to set aside — evict — renegotiate — issued — terms,,2010onltb1000001,NA
onltb,2010canlii12116,https://canlii.ca/t/28ltn,https://www.canlii.org/en/on/onltb/doc/2010/2010canlii12116/2010canlii12116.html,TSL-28849 (Re),2010 CanLII 12116 (ON LTB),en,TSL-28849,2010-01-06,tenancy — rent deposit — eviction — pay — owing,,2010onltb1000179,NA
onltb,2010canlii12115,https://canlii.ca/t/28ltm,https://www.canlii.org/en/on/onltb/doc/2010/2010canlii12115/2010canlii12115.html,TSL-28843 (Re),2010 CanLII 12115 (ON LTB),en,TSL-28843,2010-01-06,rent deposit — vacate the rental unit — owing — pay — eviction,,2010onltb1000178,NA
onltb,2010canlii12108,https://canlii.ca/t/28lsw,https://www.canlii.org/en/on/onltb/doc/2010/2010canlii12108/2010canlii12108.html,TNL-30984 (Re),2010 CanLII 12108 (ON LTB),en,TNL-30984,2010-01-06,pay — rent arrears — terminating the tenancy — owe — repayment,,2010onltb1000171,NA
onltb,2010canlii12069,https://canlii.ca/t/28ls1,https://www.canlii.org/en/on/onltb/doc/2010/2010canlii12069/2010canlii12069.html,TEL-27471 (Re),2010 CanLII 12069 (ON LTB),en,TEL-27471,2010-01-06,eviction — tenancy — rent deposit — owing — pay,,2010onltb1000132,NA
onltb,2010canlii12053,https://canlii.ca/t/28lr5,https://www.canlii.org/en/on/onltb/doc/2010/2010canlii12053/2010canlii12053.html,SWL-04178-09 (Re),2010 CanLII 12053 (ON LTB),en,SWL-04178-09,2010-01-06,rent — eviction — arrears — owing — deposit,,2010onltb1000116,NA
onltb,2010canlii12051,https://canlii.ca/t/28lrg,https://www.canlii.org/en/on/onltb/doc/2010/2010canlii12051/2010canlii12051.html,SWT-02498 (Re),2010 CanLII 12051 (ON LTB),en,SWT-02498; SWL-26617; SWL-27589,2010-01-06,rental unit — mould — rent abatement in the amount — toilet — hot water,,2010onltb1000114,NA
onltb,2010canlii12040,https://canlii.ca/t/28lr3,https://www.canlii.org/en/on/onltb/doc/2010/2010canlii12040/2010canlii12040.html,SWL-04152-09 (Re),2010 CanLII 12040 (ON LTB),en,SWL-04152-09,2010-01-06,tenancy — evict — termination — pay — toll,,2010onltb1000103,NA
onltb,2010canlii12018,https://canlii.ca/t/28lqb,https://www.canlii.org/en/on/onltb/doc/2010/2010canlii12018/2010canlii12018.html,SOL-25849 (Re),2010 CanLII 12018 (ON LTB),en,SOL-25849,2010-01-06,eviction — rental unit — tenancy — toll — expires,,2010onltb1000081,NA
onltb,2010canlii12002,https://canlii.ca/t/28lpp,https://www.canlii.org/en/on/onltb/doc/2010/2010canlii12002/2010canlii12002.html,NOL-08440 (Re),2010 CanLII 12002 (ON LTB),en,NOL-08440,2010-01-06,interfered with the reasonable enjoyment — problematic former girlfriend — tenancy — substantially interfered with the reasonable — rental unit,,2010onltb1000065,NA
onltb,2010canlii12001,https://canlii.ca/t/28lpn,https://www.canlii.org/en/on/onltb/doc/2010/2010canlii12001/2010canlii12001.html,NOT-00786-09 (Re),2010 CanLII 12001 (ON LTB),en,NOT-00786-09,2010-01-06,carbon monoxide detector — leaking plumbing connection associated — harassed — associated with the outside tap — missing,,2010onltb1000064,NA
onltb,2010canlii11978,https://canlii.ca/t/28lnx,https://www.canlii.org/en/on/onltb/doc/2010/2010canlii11978/2010canlii11978.html,EAL-18598 (Re),2010 CanLII 11978 (ON LTB),en,EAL-18598,2010-01-06,arrears — rent — filing fee — tenancy — repayment,,2010onltb1000041,NA
onltb,2010canlii11974,https://canlii.ca/t/28lnr,https://www.canlii.org/en/on/onltb/doc/2010/2010canlii11974/2010canlii11974.html,EAL-03018-09-RV (Re),2010 CanLII 11974 (ON LTB),en,EAL-03018-09-RV,2010-01-06,evict — rent that the owe — terminate the tenancy — issued — coerced,,2010onltb1000037,NA
onltb,2010canlii11961,https://canlii.ca/t/28lnc,https://www.canlii.org/en/on/onltb/doc/2010/2010canlii11961/2010canlii11961.html,CEL-22207 (Re),2010 CanLII 11961 (ON LTB),en,CEL-22207; CET-02430; CET-02452,2010-01-06,tenancy — rent — abatement — rental unit — owing,,2010onltb1000024,NA
onltb,2010canlii12128,https://canlii.ca/t/28ltg,https://www.canlii.org/en/on/onltb/doc/2010/2010canlii12128/2010canlii12128.html,TSL-28107-RV (Re),2010 CanLII 12128 (ON LTB),en,TSL-28107-RV,2010-01-05,rent — participate — representative — charges — inadvertence,,2010onltb1000191,NA
onltb,2010canlii12093,https://canlii.ca/t/28lsv,https://www.canlii.org/en/on/onltb/doc/2010/2010canlii12093/2010canlii12093.html,TNL-30915 (Re),2010 CanLII 12093 (ON LTB),en,TNL-30915,2010-01-05,tenancy — unit — must pay — eviction may be enforced — starting,,2010onltb1000156,NA
onltb,2010canlii12006,https://canlii.ca/t/28lpv,https://www.canlii.org/en/on/onltb/doc/2010/2010canlii12006/2010canlii12006.html,NOL-08279 (Re),2010 CanLII 12006 (ON LTB),en,NOL-08279; T-01260; T-01273,2010-01-05,snow removal — rent abatement — rental unit — repair — driveway,,2010onltb1000069,NA
onltb,2010canlii12004,https://canlii.ca/t/28lpr,https://www.canlii.org/en/on/onltb/doc/2010/2010canlii12004/2010canlii12004.html,NOT-01247 (Re),2010 CanLII 12004 (ON LTB),en,NOT-01247,2010-01-05,dogs — fence — chickens — backyard — barking,,2010onltb1000067,NA
onltb,2010canlii8688,https://canlii.ca/t/289q0,https://www.canlii.org/en/on/onltb/doc/2010/2010canlii8688/2010canlii8688.html,TNL-31113 (Re),2010 CanLII 8688 (ON LTB),en,TNL-31113,2010-01-05,satellite dishes — mortar — request for eviction based — hole — shed,,2010onltb1000000,NA
onltb,2010canlii12062,https://canlii.ca/t/28lrt,https://www.canlii.org/en/on/onltb/doc/2010/2010canlii12062/2010canlii12062.html,TEL-24886 (Re),2010 CanLII 12062 (ON LTB),en,TEL-24886,2010-01-04,rent deposit — adjournment — peremptory — rescheduled — attended,,2010onltb1000125,NA
onltb,2010canlii12029,https://canlii.ca/t/28lqp,https://www.canlii.org/en/on/onltb/doc/2010/2010canlii12029/2010canlii12029.html,SOT-02535 (Re),2010 CanLII 12029 (ON LTB),en,SOT-02535,2010-01-04,changed the locks — house — goods — rent — tenancy,,2010onltb1000092,NA
onltb,2010canlii12013,https://canlii.ca/t/28lq4,https://www.canlii.org/en/on/onltb/doc/2010/2010canlii12013/2010canlii12013.html,SOL-11756-RV (Re),2010 CanLII 12013 (ON LTB),en,SOL-11756-RV,2010-01-04,evict — rent — owes — cancelled cheques from her bank — pay,,2010onltb1000076,NA
onltb,2010canlii11995,https://canlii.ca/t/28lph,https://www.canlii.org/en/on/onltb/doc/2010/2010canlii11995/2010canlii11995.html,NOL-08205 (Re),2010 CanLII 11995 (ON LTB),en,NOL-08205,2010-01-04,rental unit — residential — land lease — illegal — cottage,,2010onltb1000058,NA
onltb,2009canlii79857,https://canlii.ca/t/28gs4,https://www.canlii.org/en/on/onltb/doc/2009/2009canlii79857/2009canlii79857.html,SOT-01330-09 (Re),2009 CanLII 79857 (ON LTB),en,SOT-01330-09,2009-12-31,tenancy agreement — rental unit — terminate the tenancy — last month s rent deposit — line,,2009onltb1000715,NA
onltb,2009canlii79829,https://canlii.ca/t/28gr6,https://www.canlii.org/en/on/onltb/doc/2009/2009canlii79829/2009canlii79829.html,NOL-08319 (Re),2009 CanLII 79829 (ON LTB),en,NOL-08319,2009-12-31,tenancy — eviction — pay — unit — owing,,2009onltb1000687,NA
onltb,2009canlii79782,https://canlii.ca/t/28gpl,https://www.canlii.org/en/on/onltb/doc/2009/2009canlii79782/2009canlii79782.html,CEL-22075 (Re),2009 CanLII 79782 (ON LTB),en,CEL-22075,2009-12-31,unit — rent — eviction — deposit — enjoyment,,2009onltb1000640,NA
onltb,2009canlii80128,https://canlii.ca/t/28lpx,https://www.canlii.org/en/on/onltb/doc/2009/2009canlii80128/2009canlii80128.html,SOL-01916-09 (Re),2009 CanLII 80128 (ON LTB),en,SOL-01916-09,2009-12-30,rent — tenancy — towards the arrears — vacant possession of the unit — debt,,2009onltb1000821,NA
onltb,2009canlii79962,https://canlii.ca/t/28gw1,https://www.canlii.org/en/on/onltb/doc/2009/2009canlii79962/2009canlii79962.html,TEL-17152 (Re),2009 CanLII 79962 (ON LTB),en,TEL-17152,2009-12-30,witness — noise disturbances — complex — tenants — superintendent,,2009onltb1000820,NA
onltb,2009canlii79942,https://canlii.ca/t/28gw0,https://www.canlii.org/en/on/onltb/doc/2009/2009canlii79942/2009canlii79942.html,TSL-22117 (Re),2009 CanLII 79942 (ON LTB),en,TSL-22117; TSL-25261,2009-12-30,rent deposit — tenancy — owing — pay — evict,,2009onltb1000800,NA
onltb,2009canlii79932,https://canlii.ca/t/28gvp,https://www.canlii.org/en/on/onltb/doc/2009/2009canlii79932/2009canlii79932.html,TNT-02000 (Re),2009 CanLII 79932 (ON LTB),en,TNT-02000,2009-12-30,basement unit — ceiling — lease — upstairs — last month s rent deposit,,2009onltb1000790,NA
onltb,2009canlii79940,https://canlii.ca/t/28gvz,https://www.canlii.org/en/on/onltb/doc/2009/2009canlii79940/2009canlii79940.html,TSL-27889 (Re),2009 CanLII 79940 (ON LTB),en,TSL-27889,2009-12-29,rent — arrears — deposit — tenancy — owing,,2009onltb1000798,NA
onltb,2009canlii92621,https://canlii.ca/t/gl7qf,https://www.canlii.org/en/on/onltb/doc/2009/2009canlii92621/2009canlii92621.html,TSL-18156-RV (Re),2009 CanLII 92621 (ON LTB),en,TSL-18156-RV,2009-12-24,sister s name removed — rental unit — rent — tenancy — estate agents involved in renting,,2009onltb1000866,NA
onltb,2009canlii88457,https://canlii.ca/t/2fnr8,https://www.canlii.org/en/on/onltb/doc/2009/2009canlii88457/2009canlii88457.html,TET-00724-09 (Re),2009 CanLII 88457 (ON LTB),en,TET-00724-09,2009-12-24,balcony — rental unit — fire — damage — recycling,,2009onltb1000856,NA
onltb,2009canlii84388,https://canlii.ca/t/2bh3x,https://www.canlii.org/en/on/onltb/doc/2009/2009canlii84388/2009canlii84388.html,TSL-18156-RV (Re),2009 CanLII 84388 (ON LTB),en,TSL-18156-RV,2009-12-24,sister s name removed — rental unit — rent — tenancy — estate agents involved in renting,,2009onltb1000851,NA
onltb,2009canlii79856,https://canlii.ca/t/28gs3,https://www.canlii.org/en/on/onltb/doc/2009/2009canlii79856/2009canlii79856.html,SOL-25771 (Re),2009 CanLII 79856 (ON LTB),en,SOL-25771,2009-12-24,tenancy — eviction — pay — stove — rent,,2009onltb1000714,NA
onltb,2009canlii92618,https://canlii.ca/t/gl7ql,https://www.canlii.org/en/on/onltb/doc/2009/2009canlii92618/2009canlii92618.html,TST-02870-RV (Re),2009 CanLII 92618 (ON LTB),en,TST-02870-RV,2009-12-23,interest — rent increases — landlord — tenants — consideration,,2009onltb1000863,NA
onltb,2009canlii84392,https://canlii.ca/t/2bh4h,https://www.canlii.org/en/on/onltb/doc/2009/2009canlii84392/2009canlii84392.html,TST-02870-RV (Re),2009 CanLII 84392 (ON LTB),en,TST-02870-RV,2009-12-23,interest — rent increases — landlord — tenants — consideration,,2009onltb1000855,NA
onltb,2009canlii79937,https://canlii.ca/t/28gvr,https://www.canlii.org/en/on/onltb/doc/2009/2009canlii79937/2009canlii79937.html,TNT-02058 (Re),2009 CanLII 79937 (ON LTB),en,TNT-02058,2009-12-23,rental unit — mould — furnace — windows — soffit,,2009onltb1000795,NA
onltb,2009canlii79934,https://canlii.ca/t/28gvq,https://www.canlii.org/en/on/onltb/doc/2009/2009canlii79934/2009canlii79934.html,TNL-31259 (Re),2009 CanLII 79934 (ON LTB),en,TNL-31259,2009-12-23,rent deposit — must pay — eviction — continue the tenancy — owing,,2009onltb1000792,NA
onltb,2009canlii79903,https://canlii.ca/t/28gtn,https://www.canlii.org/en/on/onltb/doc/2009/2009canlii79903/2009canlii79903.html,TEL-22219-RV-BDINIT (Re),2009 CanLII 79903 (ON LTB),en,TEL-22219-RV-BDINIT,2009-12-23,issued — evict — mediated — requested — toll,,2009onltb1000761,NA
onltb,2009canlii79901,https://canlii.ca/t/28gt0,https://www.canlii.org/en/on/onltb/doc/2009/2009canlii79901/2009canlii79901.html,SWL-29489 (Re),2009 CanLII 79901 (ON LTB),en,SWL-29489,2009-12-23,rent deposit — tenancy — owing — eviction — unit,,2009onltb1000759,NA
onltb,2009canlii79890,https://canlii.ca/t/28gt7,https://www.canlii.org/en/on/onltb/doc/2009/2009canlii79890/2009canlii79890.html,SWT-03349-09 (Re),2009 CanLII 79890 (ON LTB),en,SWT-03349-09,2009-12-23,rental unit — eviction — tenancy — vacant — representative,,2009onltb1000748,NA
onltb,2009canlii79888,https://canlii.ca/t/28gt5,https://www.canlii.org/en/on/onltb/doc/2009/2009canlii79888/2009canlii79888.html,SWT-03137-09 (Re),2009 CanLII 79888 (ON LTB),en,SWT-03137-09,2009-12-23,rent deposit — pro-rated — collected — full amount owing — retained,,2009onltb1000746,NA
onltb,2009canlii79884,https://canlii.ca/t/28gt1,https://www.canlii.org/en/on/onltb/doc/2009/2009canlii79884/2009canlii79884.html,SWT-00168-09 (Re),2009 CanLII 79884 (ON LTB),en,SWT-00168-09,2009-12-23,rental unit — vacant — eviction — resolves — pay,,2009onltb1000742,NA
onltb,2009canlii79881,https://canlii.ca/t/28gsx,https://www.canlii.org/en/on/onltb/doc/2009/2009canlii79881/2009canlii79881.html,SWL-29417 (Re),2009 CanLII 79881 (ON LTB),en,SWL-29417,2009-12-23,must pay — eviction — continue the tenancy — rent deposit — owing,,2009onltb1000739,NA
onltb,2009canlii79876,https://canlii.ca/t/28gsq,https://www.canlii.org/en/on/onltb/doc/2009/2009canlii79876/2009canlii79876.html,SWL-03658-09-SA (Re),2009 CanLII 79876 (ON LTB),en,SWL-03658-09-SA,2009-12-23,motion to set aside — issued — evict — toll — stay,,2009onltb1000734,NA
onltb,2009canlii79870,https://canlii.ca/t/28gsk,https://www.canlii.org/en/on/onltb/doc/2009/2009canlii79870/2009canlii79870.html,SWL-03258-09 (Re),2009 CanLII 79870 (ON LTB),en,SWL-03258-09,2009-12-23,full amount owing — together with any accrued interest — owes — arrears of rent — landlord-and-tenant,,2009onltb1000728,NA
onltb,2009canlii79869,https://canlii.ca/t/28gsj,https://www.canlii.org/en/on/onltb/doc/2009/2009canlii79869/2009canlii79869.html,SWL-03095-09-SA (Re),2009 CanLII 79869 (ON LTB),en,SWL-03095-09-SA,2009-12-23,terminate the tenancy — teleconference — aside — signing the agreement to terminate — motion to set,,2009onltb1000727,NA
onltb,2009canlii79850,https://canlii.ca/t/28grx,https://www.canlii.org/en/on/onltb/doc/2009/2009canlii79850/2009canlii79850.html,SOL-25608 (Re),2009 CanLII 79850 (ON LTB),en,SOL-25608,2009-12-23,rent — evict — terminate the tenancy — owing — application,,2009onltb1000708,NA
onltb,2009canlii79845,https://canlii.ca/t/28grq,https://www.canlii.org/en/on/onltb/doc/2009/2009canlii79845/2009canlii79845.html,SOL-01906-09 (Re),2009 CanLII 79845 (ON LTB),en,SOL-01906-09,2009-12-23,eviction — unit — vacated — tenancy — terminated,,2009onltb1000703,NA
onltb,2009canlii79831,https://canlii.ca/t/28gr9,https://www.canlii.org/en/on/onltb/doc/2009/2009canlii79831/2009canlii79831.html,NOT-00254-09-RV (Re),2009 CanLII 79831 (ON LTB),en,NOT-00254-09-RV,2009-12-23,rent — evicted — tenancy — property left in the rental — disposed of the s property,,2009onltb1000689,NA
onltb,2009canlii79830,https://canlii.ca/t/28gr2,https://www.canlii.org/en/on/onltb/doc/2009/2009canlii79830/2009canlii79830.html,NOL-00769-09-IN (Re),2009 CanLII 79830 (ON LTB),en,NOL-00769-09-IN,2009-12-23,owes — evict — pay — toll — re-opened,,2009onltb1000688,NA
onltb,2009canlii79826,https://canlii.ca/t/28gr1,https://www.canlii.org/en/on/onltb/doc/2009/2009canlii79826/2009canlii79826.html,NOL-00728-09 (Re),2009 CanLII 79826 (ON LTB),en,NOL-00728-09,2009-12-23,evict — tenancy — termination — detail — exacting,,2009onltb1000684,NA
onltb,2009canlii79819,https://canlii.ca/t/28gqs,https://www.canlii.org/en/on/onltb/doc/2009/2009canlii79819/2009canlii79819.html,NOL-00613-09-SA (Re),2009 CanLII 79819 (ON LTB),en,NOL-00613-09-SA,2009-12-23,issued — motion to set aside — evict — toll — tenancy,,2009onltb1000677,NA
onltb,2009canlii79816,https://canlii.ca/t/28gqq,https://www.canlii.org/en/on/onltb/doc/2009/2009canlii79816/2009canlii79816.html,EAT-02889-09 (Re),2009 CanLII 79816 (ON LTB),en,EAT-02889-09,2009-12-23,rent — toll — credit towards — maintenance — housing,,2009onltb1000674,NA
onltb,2009canlii79809,https://canlii.ca/t/28gqh,https://www.canlii.org/en/on/onltb/doc/2009/2009canlii79809/2009canlii79809.html,EAL-18661 (Re),2009 CanLII 79809 (ON LTB),en,EAL-18661,2009-12-23,tenancy — occupant of the rental unit — dog feces — estimated — stains,,2009onltb1000667,NA
onltb,2009canlii79783,https://canlii.ca/t/28gpm,https://www.canlii.org/en/on/onltb/doc/2009/2009canlii79783/2009canlii79783.html,CEL-22265 (Re),2009 CanLII 79783 (ON LTB),en,CEL-22265,2009-12-23,tenancy — eviction — rental unit — pay — rent,,2009onltb1000641,NA
onltb,2009canlii79773,https://canlii.ca/t/28gp8,https://www.canlii.org/en/on/onltb/doc/2009/2009canlii79773/2009canlii79773.html,CEL-01294-09 (Re),2009 CanLII 79773 (ON LTB),en,CEL-01294-09,2009-12-23,eviction — rental unit — tenancy — toll — expires,,2009onltb1000631,NA
onltb,2009canlii89708,https://canlii.ca/t/fm9m7,https://www.canlii.org/en/on/onltb/doc/2009/2009canlii89708/2009canlii89708.html,TNL-01945-09 (Re),2009 CanLII 89708 (ON LTB),en,TNL-01945-09,2009-12-22,mushrooms — tenancy — negligently damaged the rental unit — photographs — find,,2009onltb1000858,NA
onltb,2009canlii80648,https://canlii.ca/t/28tg4,https://www.canlii.org/en/on/onltb/doc/2009/2009canlii80648/2009canlii80648.html,SOT-01716-09 (Re),2009 CanLII 80648 (ON LTB),en,SOT-01716-09,2009-12-22,bedbugs — unit — pest control — bugs — bed,,2009onltb1000828,NA
onltb,2009canlii80130,https://canlii.ca/t/28lqz,https://www.canlii.org/en/on/onltb/doc/2009/2009canlii80130/2009canlii80130.html,SWL-03972-09 (Re),2009 CanLII 80130 (ON LTB),en,SWL-03972-09,2009-12-22,evict — illegal drug — trafficking — complex — proved,,2009onltb1000823,NA
onltb,2009canlii79952,https://canlii.ca/t/28gwc,https://www.canlii.org/en/on/onltb/doc/2009/2009canlii79952/2009canlii79952.html,TSL-28826 (Re),2009 CanLII 79952 (ON LTB),en,TSL-28826,2009-12-22,evict — toll — application — defective — tenancy,,2009onltb1000810,NA
onltb,2009canlii79950,https://canlii.ca/t/28gw9,https://www.canlii.org/en/on/onltb/doc/2009/2009canlii79950/2009canlii79950.html,TSL-28699 (Re),2009 CanLII 79950 (ON LTB),en,TSL-28699,2009-12-22,becomes due — pay — tenancy — payment toward arrears — evicting,,2009onltb1000808,NA
onltb,2009canlii79930,https://canlii.ca/t/28gvm,https://www.canlii.org/en/on/onltb/doc/2009/2009canlii79930/2009canlii79930.html,TNL-30852 (Re),2009 CanLII 79930 (ON LTB),en,TNL-30852,2009-12-22,tenancy — rent deposit — owing — must pay — eviction,,2009onltb1000788,NA
onltb,2009canlii79889,https://canlii.ca/t/28gt6,https://www.canlii.org/en/on/onltb/doc/2009/2009canlii79889/2009canlii79889.html,SWT-03239-09 (Re),2009 CanLII 79889 (ON LTB),en,SWT-03239-09,2009-12-22,pay the the full amount — resolves — toll — attended — owe,,2009onltb1000747,NA
onltb,2009canlii79887,https://canlii.ca/t/28gt2,https://www.canlii.org/en/on/onltb/doc/2009/2009canlii79887/2009canlii79887.html,SWT-01779-09 (Re),2009 CanLII 79887 (ON LTB),en,SWT-01779-09,2009-12-22,enjoyment of the rental unit — reasonable enjoyment of the rental — landlord — entry — behaviour,,2009onltb1000745,NA
onltb,2009canlii79883,https://canlii.ca/t/28gsz,https://www.canlii.org/en/on/onltb/doc/2009/2009canlii79883/2009canlii79883.html,SWL-29481 (Re),2009 CanLII 79883 (ON LTB),en,SWL-29481,2009-12-22,rent deposit — eviction — tenancy — pay — owing,,2009onltb1000741,NA
onltb,2009canlii79855,https://canlii.ca/t/28gs2,https://www.canlii.org/en/on/onltb/doc/2009/2009canlii79855/2009canlii79855.html,SOL-25769 (Re),2009 CanLII 79855 (ON LTB),en,SOL-25769,2009-12-22,rent deposit — eviction — continue the tenancy — must pay in guaranteed funds — owing,,2009onltb1000713,NA
onltb,2009canlii79795,https://canlii.ca/t/28gpt,https://www.canlii.org/en/on/onltb/doc/2009/2009canlii79795/2009canlii79795.html,CET-02424 (Re),2009 CanLII 79795 (ON LTB),en,CET-02424,2009-12-22,microwave oven — repair the broiling element — pay the the full amount — kitchen — complaints,,2009onltb1000653,NA
onltb,2009canlii79793,https://canlii.ca/t/28gpz,https://www.canlii.org/en/on/onltb/doc/2009/2009canlii79793/2009canlii79793.html,CET-02447 (Re),2009 CanLII 79793 (ON LTB),en,CET-02447,2009-12-22,toilet — rent abatement — owes — water — rental unit,,2009onltb1000651,NA
onltb,2009canlii79791,https://canlii.ca/t/28gpw,https://www.canlii.org/en/on/onltb/doc/2009/2009canlii79791/2009canlii79791.html,CET-02441 (Re),2009 CanLII 79791 (ON LTB),en,CET-02441,2009-12-22,rent — post-dated cheques — collected — unit — keys,,2009onltb1000649,NA
onltb,2009canlii79789,https://canlii.ca/t/28gps,https://www.canlii.org/en/on/onltb/doc/2009/2009canlii79789/2009canlii79789.html,CET-02419 (Re),2009 CanLII 79789 (ON LTB),en,CET-02419,2009-12-22,enjoyment of the rental unit — residential complex — interfered with the reasonable — vital service — reasonable enjoyment of the rental,,2009onltb1000647,NA
onltb,2009canlii79067,https://canlii.ca/t/289q1,https://www.canlii.org/en/on/onltb/doc/2009/2009canlii79067/2009canlii79067.html,TNL-31147 (Re),2009 CanLII 79067 (ON LTB),en,TNL-31147,2009-12-22,guaranteed funds the monthly rent — arrears — tenancy — pay to the in guaranteed — uproot,,2009onltb1000598,NA
onltb,2009canlii92627,https://canlii.ca/t/gl7q0,https://www.canlii.org/en/on/onltb/doc/2009/2009canlii92627/2009canlii92627.html,SWT-03467-09 (Re),2009 CanLII 92627 (ON LTB),en,SWT-03467-09,2009-12-21,rental unit — agent — social rooms — locks — name removed,,2009onltb1000872,NA
onltb,2009canlii84381,https://canlii.ca/t/2bh20,https://www.canlii.org/en/on/onltb/doc/2009/2009canlii84381/2009canlii84381.html,TEL-01821-09 (Re),2009 CanLII 84381 (ON LTB),en,TEL-01821-09,2009-12-21,tenancy — rental unit — eviction — bathroom — kitchen,,2009onltb1000844,NA
onltb,2009canlii84379,https://canlii.ca/t/2bh1m,https://www.canlii.org/en/on/onltb/doc/2009/2009canlii84379/2009canlii84379.html,SWT-03467-09 (Re),2009 CanLII 84379 (ON LTB),en,SWT-03467-09,2009-12-21,rental unit — agent — social rooms — locks — name removed,,2009onltb1000842,NA
onltb,2009canlii81896,https://canlii.ca/t/29bj1,https://www.canlii.org/en/on/onltb/doc/2009/2009canlii81896/2009canlii81896.html,SWL-03844-09 (Re),2009 CanLII 81896 (ON LTB),en,SWL-03844-09,2009-12-21,tenancy — possession of the rental unit — relief from eviction — termination date — purpose of residential occupation,,2009onltb1000833,NA
onltb,2009canlii81895,https://canlii.ca/t/29bhz,https://www.canlii.org/en/on/onltb/doc/2009/2009canlii81895/2009canlii81895.html,SWL-03702-09 (Re),2009 CanLII 81895 (ON LTB),en,SWL-03702-09,2009-12-21,tenancy — rent deposit — eviction — pay — owing,,2009onltb1000832,NA
onltb,2009canlii79955,https://canlii.ca/t/28gwh,https://www.canlii.org/en/on/onltb/doc/2009/2009canlii79955/2009canlii79955.html,TST-02118 (Re),2009 CanLII 79955 (ON LTB),en,TST-02118,2009-12-21,harassment — residential complex — occupant of the rental unit — rent abatement — amendment,,2009onltb1000813,NA
onltb,2009canlii79945,https://canlii.ca/t/28gw4,https://www.canlii.org/en/on/onltb/doc/2009/2009canlii79945/2009canlii79945.html,TSL-28498 (Re),2009 CanLII 79945 (ON LTB),en,TSL-28498,2009-12-21,pay — eviction — represents the arrears of rent — deposit — tenancy,,2009onltb1000803,NA
onltb,2009canlii79941,https://canlii.ca/t/28gvx,https://www.canlii.org/en/on/onltb/doc/2009/2009canlii79941/2009canlii79941.html,TST-01845 (Re),2009 CanLII 79941 (ON LTB),en,TST-01845,2009-12-21,mice — rental unit was infested — rent — infested with bed bugs — maintenance obligations,,2009onltb1000799,NA
onltb,2009canlii79933,https://canlii.ca/t/28gv7,https://www.canlii.org/en/on/onltb/doc/2009/2009canlii79933/2009canlii79933.html,TNL-29092 (Re),2009 CanLII 79933 (ON LTB),en,TNL-29092; TNT-02046,2009-12-21,regards — rental unit — trustworthy evidence — rent — persuasive,,2009onltb1000791,NA
onltb,2009canlii79877,https://canlii.ca/t/28gss,https://www.canlii.org/en/on/onltb/doc/2009/2009canlii79877/2009canlii79877.html,SWL-03868-09 (Re),2009 CanLII 79877 (ON LTB),en,SWL-03868-09,2009-12-21,rental unit — eviction — tenancy — rent deposit — vacated,,2009onltb1000735,NA
onltb,2009canlii79865,https://canlii.ca/t/28grb,https://www.canlii.org/en/on/onltb/doc/2009/2009canlii79865/2009canlii79865.html,NOT-01243 (Re),2009 CanLII 79865 (ON LTB),en,NOT-01243,2009-12-21,rental unit — notice of termination — health of the s spouse — declined to the point — faith,,2009onltb1000723,NA
onltb,2009canlii79823,https://canlii.ca/t/28gqz,https://www.canlii.org/en/on/onltb/doc/2009/2009canlii79823/2009canlii79823.html,NOL-00697-09 (Re),2009 CanLII 79823 (ON LTB),en,NOL-00697-09,2009-12-21,rent — pay — evict — application — outstanding,,2009onltb1000681,NA
onltb,2009canlii79817,https://canlii.ca/t/28gqr,https://www.canlii.org/en/on/onltb/doc/2009/2009canlii79817/2009canlii79817.html,EAT-02841-09 (Re),2009 CanLII 79817 (ON LTB),en,EAT-02841-09,2009-12-21,mould in the rental unit — wall — maintenance — failed to comply with health — provided no evidence,,2009onltb1000675,NA
onltb,2009canlii79814,https://canlii.ca/t/28gqn,https://www.canlii.org/en/on/onltb/doc/2009/2009canlii79814/2009canlii79814.html,EAT-00776-09-RV (Re),2009 CanLII 79814 (ON LTB),en,EAT-00776-09-RV,2009-12-21,landlord — evidence — rental unit — application — reasonably able to participate,,2009onltb1000672,NA
onltb,2009canlii79807,https://canlii.ca/t/28gq8,https://www.canlii.org/en/on/onltb/doc/2009/2009canlii79807/2009canlii79807.html,EAL-18329 (Re),2009 CanLII 79807 (ON LTB),en,EAL-18329,2009-12-21,tenancy — evict — toll — owe — accrue,,2009onltb1000665,NA
onltb,2009canlii84374,https://canlii.ca/t/2bgwm,https://www.canlii.org/en/on/onltb/doc/2009/2009canlii84374/2009canlii84374.html,CEL-22210 (Re),2009 CanLII 84374 (ON LTB),en,CEL-22210,2009-12-18,name removed — application — evict — abandoned — rent that the owe,,2009onltb1000837,NA
onltb,2009canlii79943,https://canlii.ca/t/28gw2,https://www.canlii.org/en/on/onltb/doc/2009/2009canlii79943/2009canlii79943.html,TSL-27910 (Re),2009 CanLII 79943 (ON LTB),en,TSL-27910,2009-12-18,pay — rent — tenancy — evicting — fails,,2009onltb1000801,NA
onltb,2009canlii79935,https://canlii.ca/t/28gvv,https://www.canlii.org/en/on/onltb/doc/2009/2009canlii79935/2009canlii79935.html,TNT-02098 (Re),2009 CanLII 79935 (ON LTB),en,TNT-02098,2009-12-18,notice — gave — bad faith — toll — vacate,,2009onltb1000793,NA
onltb,2009canlii79915,https://canlii.ca/t/28gv3,https://www.canlii.org/en/on/onltb/doc/2009/2009canlii79915/2009canlii79915.html,TET-02254-RV (Re),2009 CanLII 79915 (ON LTB),en,TET-02254-RV,2009-12-18,ceiling — repairs — rental unit — damaged — living room,,2009onltb1000773,NA
onltb,2009canlii79910,https://canlii.ca/t/28gtw,https://www.canlii.org/en/on/onltb/doc/2009/2009canlii79910/2009canlii79910.html,TET-00855-09-RV (Re),2009 CanLII 79910 (ON LTB),en,TET-00855-09-RV,2009-12-18,interfered — responsible — coerced — obstructed — toll,,2009onltb1000768,NA
onltb,2009canlii79904,https://canlii.ca/t/28gtk,https://www.canlii.org/en/on/onltb/doc/2009/2009canlii79904/2009canlii79904.html,SOT-02351 (Re),2009 CanLII 79904 (ON LTB),en,SOT-02351; SOT-02356,2009-12-18,residential complex — rental unit — closet — washing machines — abatement,,2009onltb1000762,NA
onltb,2009canlii79871,https://canlii.ca/t/28gsl,https://www.canlii.org/en/on/onltb/doc/2009/2009canlii79871/2009canlii79871.html,SWL-03282-09-SA (Re),2009 CanLII 79871 (ON LTB),en,SWL-03282-09-SA,2009-12-18,owe — issued — set aside — ending — evict,,2009onltb1000729,NA
onltb,2009canlii79859,https://canlii.ca/t/28gs7,https://www.canlii.org/en/on/onltb/doc/2009/2009canlii79859/2009canlii79859.html,SOT-01688-09 (Re),2009 CanLII 79859 (ON LTB),en,SOT-01688-09,2009-12-18,rent — collected — full amount owing — interest — pay,,2009onltb1000717,NA
onltb,2009canlii79854,https://canlii.ca/t/28gs1,https://www.canlii.org/en/on/onltb/doc/2009/2009canlii79854/2009canlii79854.html,SOL-25756 (Re),2009 CanLII 79854 (ON LTB),en,SOL-25756,2009-12-18,eviction — tenancy — rent deposit — pay — owing,,2009onltb1000712,NA
onltb,2009canlii79853,https://canlii.ca/t/28gs0,https://www.canlii.org/en/on/onltb/doc/2009/2009canlii79853/2009canlii79853.html,SOL-25684-SA (Re),2009 CanLII 79853 (ON LTB),en,SOL-25684-SA,2009-12-18,evict — aside — mediated — withdraws — issued,,2009onltb1000711,NA
onltb,2009canlii79846,https://canlii.ca/t/28grr,https://www.canlii.org/en/on/onltb/doc/2009/2009canlii79846/2009canlii79846.html,SOL-24504-RV (Re),2009 CanLII 79846 (ON LTB),en,SOL-24504-RV,2009-12-18,rent — pay — tenancy — termination — unit,,2009onltb1000704,NA
onltb,2009canlii79837,https://canlii.ca/t/28grg,https://www.canlii.org/en/on/onltb/doc/2009/2009canlii79837/2009canlii79837.html,NOT-01271 (Re),2009 CanLII 79837 (ON LTB),en,NOT-01271,2009-12-18,mould — property manager — maintenance — illegally — unit,,2009onltb1000695,NA
onltb,2009canlii79821,https://canlii.ca/t/28gqw,https://www.canlii.org/en/on/onltb/doc/2009/2009canlii79821/2009canlii79821.html,NOL-00682-09 (Re),2009 CanLII 79821 (ON LTB),en,NOL-00682-09,2009-12-18,eviction — tenancy — rent deposit — pay — owing,,2009onltb1000679,NA
onltb,2009canlii79812,https://canlii.ca/t/28gqg,https://www.canlii.org/en/on/onltb/doc/2009/2009canlii79812/2009canlii79812.html,EAL-18474 (Re),2009 CanLII 79812 (ON LTB),en,EAL-18474,2009-12-18,evict — toll — tenancy — owes — application,,2009onltb1000670,NA
onltb,2009canlii79806,https://canlii.ca/t/28gqd,https://www.canlii.org/en/on/onltb/doc/2009/2009canlii79806/2009canlii79806.html,EAL-18473 (Re),2009 CanLII 79806 (ON LTB),en,EAL-18473,2009-12-18,tenancy — evict — rental unit — toll — vacant,,2009onltb1000664,NA
onltb,2009canlii79804,https://canlii.ca/t/28gqb,https://www.canlii.org/en/on/onltb/doc/2009/2009canlii79804/2009canlii79804.html,EAL-02988-09-SA (Re),2009 CanLII 79804 (ON LTB),en,EAL-02988-09-SA,2009-12-18,issued — evictions — motion to set aside — heart surgery — representative,,2009onltb1000662,NA
onltb,2009canlii79800,https://canlii.ca/t/28gq6,https://www.canlii.org/en/on/onltb/doc/2009/2009canlii79800/2009canlii79800.html,EAL-02936-09-SA (Re),2009 CanLII 79800 (ON LTB),en,EAL-02936-09-SA,2009-12-18,rent — evict — persistently — ordered to pay — delaying,,2009onltb1000658,NA
onltb,2009canlii79799,https://canlii.ca/t/28gq5,https://www.canlii.org/en/on/onltb/doc/2009/2009canlii79799/2009canlii79799.html,EAL-02935-09 (Re),2009 CanLII 79799 (ON LTB),en,EAL-02935-09,2009-12-18,rent — pay — application — owing — toll,,2009onltb1000657,NA
onltb,2009canlii79792,https://canlii.ca/t/28gpx,https://www.canlii.org/en/on/onltb/doc/2009/2009canlii79792/2009canlii79792.html,EAL-00995-09-RV (Re),2009 CanLII 79792 (ON LTB),en,EAL-00995-09-RV,2009-12-18,retrieve — minimize — losses — issued — steps,,2009onltb1000650,NA
onltb,2009canlii92625,https://canlii.ca/t/gl7q8,https://www.canlii.org/en/on/onltb/doc/2009/2009canlii92625/2009canlii92625.html,TET-01719-09 (Re),2009 CanLII 92625 (ON LTB),en,TET-01719-09,2009-12-17,name removed — costs — application — abandoned — time calculated at the rate,,2009onltb1000870,NA
onltb,2009canlii84383,https://canlii.ca/t/2bh2g,https://www.canlii.org/en/on/onltb/doc/2009/2009canlii84383/2009canlii84383.html,TET-01719-09 (Re),2009 CanLII 84383 (ON LTB),en,TET-01719-09,2009-12-17,name removed — costs — application — abandoned — time calculated at the rate,,2009onltb1000846,NA
onltb,2009canlii79954,https://canlii.ca/t/28gwf,https://www.canlii.org/en/on/onltb/doc/2009/2009canlii79954/2009canlii79954.html,TSL-28902 (Re),2009 CanLII 79954 (ON LTB),en,TSL-28902,2009-12-17,notice — tenancy — termination — rental — evict,,2009onltb1000812,NA
onltb,2009canlii79948,https://canlii.ca/t/28gw6,https://www.canlii.org/en/on/onltb/doc/2009/2009canlii79948/2009canlii79948.html,TSL-28556 (Re),2009 CanLII 79948 (ON LTB),en,TSL-28556,2009-12-17,tenancy — rent deposit — eviction — pay — owing,,2009onltb1000806,NA
onltb,2009canlii79916,https://canlii.ca/t/28gtp,https://www.canlii.org/en/on/onltb/doc/2009/2009canlii79916/2009canlii79916.html,TEL-27137-RV (Re),2009 CanLII 79916 (ON LTB),en,TEL-27137-RV,2009-12-17,evict — terminate the tenancy — rent — mediated — persistently,,2009onltb1000774,NA
onltb,2009canlii79880,https://canlii.ca/t/28gsh,https://www.canlii.org/en/on/onltb/doc/2009/2009canlii79880/2009canlii79880.html,SWL-02343-09 (Re),2009 CanLII 79880 (ON LTB),en,SWL-02343-09,2009-12-17,tenancy — rent — eviction — rental unit — arrears,,2009onltb1000738,NA
onltb,2009canlii79878,https://canlii.ca/t/28gst,https://www.canlii.org/en/on/onltb/doc/2009/2009canlii79878/2009canlii79878.html,SWL-04038-09 (Re),2009 CanLII 79878 (ON LTB),en,SWL-04038-09,2009-12-17,electricity to the rental unit — tenancy — eviction — restore — units,,2009onltb1000736,NA
onltb,2009canlii79872,https://canlii.ca/t/28gsm,https://www.canlii.org/en/on/onltb/doc/2009/2009canlii79872/2009canlii79872.html,SWL-03338-09-RV (Re),2009 CanLII 79872 (ON LTB),en,SWL-03338-09-RV,2009-12-17,eviction — tenancy — rent deposit — pay — owing,,2009onltb1000730,NA
onltb,2009canlii79840,https://canlii.ca/t/28grk,https://www.canlii.org/en/on/onltb/doc/2009/2009canlii79840/2009canlii79840.html,NOL-00695-09 (Re),2009 CanLII 79840 (ON LTB),en,NOL-00695-09,2009-12-17,rent — persistently — tenancy — evicting — twelve-month,,2009onltb1000698,NA
onltb,2009canlii79828,https://canlii.ca/t/28gr5,https://www.canlii.org/en/on/onltb/doc/2009/2009canlii79828/2009canlii79828.html,NOL-08325 (Re),2009 CanLII 79828 (ON LTB),en,NOL-08325,2009-12-17,occupant of the rental unit — permitted in the residential complex — eviction — caused undue damage — water,,2009onltb1000686,NA
onltb,2009canlii79822,https://canlii.ca/t/28gqx,https://www.canlii.org/en/on/onltb/doc/2009/2009canlii79822/2009canlii79822.html,NOL-00671-09 (Re),2009 CanLII 79822 (ON LTB),en,NOL-00671-09,2009-12-17,tenancy — eviction — owing — unit — pay,,2009onltb1000680,NA
onltb,2009canlii79815,https://canlii.ca/t/28gqp,https://www.canlii.org/en/on/onltb/doc/2009/2009canlii79815/2009canlii79815.html,EAT-02814-09 (Re),2009 CanLII 79815 (ON LTB),en,EAT-02814-09,2009-12-17,last month s rent deposit — full amount owing — retained — pay — outstanding,,2009onltb1000673,NA
onltb,2009canlii79797,https://canlii.ca/t/28gq3,https://www.canlii.org/en/on/onltb/doc/2009/2009canlii79797/2009canlii79797.html,EAL-02780-09 (Re),2009 CanLII 79797 (ON LTB),en,EAL-02780-09,2009-12-17,application for non-payment of rent — water bill — eviction — substantially interfered with the lawful — persistently,,2009onltb1000655,NA
onltb,2009canlii79790,https://canlii.ca/t/28gpv,https://www.canlii.org/en/on/onltb/doc/2009/2009canlii79790/2009canlii79790.html,CET-02425 (Re),2009 CanLII 79790 (ON LTB),en,CET-02425,2009-12-17,bathroom — upstairs — tenants — grandchildren — rent deposit,,2009onltb1000648,NA
onltb,2009canlii79787,https://canlii.ca/t/28gpr,https://www.canlii.org/en/on/onltb/doc/2009/2009canlii79787/2009canlii79787.html,CEL-01212-09 (Re),2009 CanLII 79787 (ON LTB),en,CEL-01212-09,2009-12-17,residents — staff — emails — threats — details,,2009onltb1000645,NA
onltb,2009canlii79775,https://canlii.ca/t/28gpb,https://www.canlii.org/en/on/onltb/doc/2009/2009canlii79775/2009canlii79775.html,CEL-01252-09 (Re),2009 CanLII 79775 (ON LTB),en,CEL-01252-09,2009-12-17,rent — tenancy — owing — eviction — pay,,2009onltb1000633,NA
onltb,2009canlii79772,https://canlii.ca/t/28gp7,https://www.canlii.org/en/on/onltb/doc/2009/2009canlii79772/2009canlii79772.html,CEL-01242-09 (Re),2009 CanLII 79772 (ON LTB),en,CEL-01242-09,2009-12-17,tenancy — pay — eviction may be enforced — rent deposit — charges related to cheques,,2009onltb1000630,NA
onltb,2009canlii79771,https://canlii.ca/t/28gp6,https://www.canlii.org/en/on/onltb/doc/2009/2009canlii79771/2009canlii79771.html,CEL-01241-09 (Re),2009 CanLII 79771 (ON LTB),en,CEL-01241-09,2009-12-17,tenancy — arrears of rent — pay — eviction — owing,,2009onltb1000629,NA
onltb,2009canlii79960,https://canlii.ca/t/28gwm,https://www.canlii.org/en/on/onltb/doc/2009/2009canlii79960/2009canlii79960.html,TST-02920 (Re),2009 CanLII 79960 (ON LTB),en,TST-02920,2009-12-16,boiler — space heater — abatement of rent — heat — percent,,2009onltb1000818,NA
onltb,2009canlii79944,https://canlii.ca/t/28gw3,https://www.canlii.org/en/on/onltb/doc/2009/2009canlii79944/2009canlii79944.html,TSL-28060-RV (Re),2009 CanLII 79944 (ON LTB),en,TSL-28060-RV,2009-12-16,request for review — financial hardship — relief — tenancy — serious error,,2009onltb1000802,NA
onltb,2009canlii79899,https://canlii.ca/t/28gtj,https://www.canlii.org/en/on/onltb/doc/2009/2009canlii79899/2009canlii79899.html,TEL-01717-09 (Re),2009 CanLII 79899 (ON LTB),en,TEL-01717-09; TET-02352  ,2009-12-16,tenancy — waive — interfered with the reasonable — rent — supply,,2009onltb1000757,NA
onltb,2009canlii79898,https://canlii.ca/t/28gth,https://www.canlii.org/en/on/onltb/doc/2009/2009canlii79898/2009canlii79898.html,TEL-01651-09 (Re),2009 CanLII 79898 (ON LTB),en,TEL-01651-09,2009-12-16,pay — rent — receipts — owing — toll,,2009onltb1000756,NA
onltb,2009canlii79894,https://canlii.ca/t/28gtc,https://www.canlii.org/en/on/onltb/doc/2009/2009canlii79894/2009canlii79894.html,TEL-01299-09 (Re),2009 CanLII 79894 (ON LTB),en,TEL-01299-09,2009-12-16,rent — pay — payments — cash — tenancy,,2009onltb1000752,NA
onltb,2009canlii79886,https://canlii.ca/t/28gt4,https://www.canlii.org/en/on/onltb/doc/2009/2009canlii79886/2009canlii79886.html,SWL-02853-09 (Re),2009 CanLII 79886 (ON LTB),en,SWL-02853-09; SWT-02847-09,2009-12-16,terminate the tenancy — batteries — detectors — enjoyment of the rental unit — applied for an order determining,,2009onltb1000744,NA
onltb,2009canlii79818,https://canlii.ca/t/28gqm,https://www.canlii.org/en/on/onltb/doc/2009/2009canlii79818/2009canlii79818.html,EAT-02697-09 (Re),2009 CanLII 79818 (ON LTB),en,EAT-02697-09,2009-12-16,enjoyment of the rental unit — towed — reasonable enjoyment of the rental — towing — interfered with his reasonable enjoyment,,2009onltb1000676,NA
onltb,2009canlii79801,https://canlii.ca/t/28gq2,https://www.canlii.org/en/on/onltb/doc/2009/2009canlii79801/2009canlii79801.html,EAL-02784-09 (Re),2009 CanLII 79801 (ON LTB),en,EAL-02784-09,2009-12-16,pay — towards the arrears — owe — tenancy — towards the lawful rent,,2009onltb1000659,NA
onltb,2009canlii79798,https://canlii.ca/t/28gq4,https://www.canlii.org/en/on/onltb/doc/2009/2009canlii79798/2009canlii79798.html,EAL-02853-09 (Re),2009 CanLII 79798 (ON LTB),en,EAL-02853-09,2009-12-16,eviction — tenancy — rent deposit — pay — owing,,2009onltb1000656,NA
onltb,2009canlii79784,https://canlii.ca/t/28gpn,https://www.canlii.org/en/on/onltb/doc/2009/2009canlii79784/2009canlii79784.html,CEL-22290 (Re),2009 CanLII 79784 (ON LTB),en,CEL-22290,2009-12-16,rental unit — unauthorized occupant — sublet — toll — application,,2009onltb1000642,NA
onltb,2009canlii79900,https://canlii.ca/t/28gtl,https://www.canlii.org/en/on/onltb/doc/2009/2009canlii79900/2009canlii79900.html,TEL-01786-09 (Re),2009 CanLII 79900 (ON LTB),en,TEL-01786-09,2009-12-15,eviction — persistently — unit — tenancy — rental,,2009onltb1000758,NA
onltb,2009canlii79839,https://canlii.ca/t/28grj,https://www.canlii.org/en/on/onltb/doc/2009/2009canlii79839/2009canlii79839.html,SOL-00424-09-RV (Re),2009 CanLII 79839 (ON LTB),en,SOL-00424-09-RV,2009-12-15,eviction — rent — unit — tenancy — owes,,2009onltb1000697,NA
onltb,2009canlii79811,https://canlii.ca/t/28gqk,https://www.canlii.org/en/on/onltb/doc/2009/2009canlii79811/2009canlii79811.html,EAL-18268 (Re),2009 CanLII 79811 (ON LTB),en,EAL-18268; EAT-02094-09,2009-12-15,screens — windows — rental unit — interfered — residential complex,,2009onltb1000669,NA
onltb,2009canlii79778,https://canlii.ca/t/28gpf,https://www.canlii.org/en/on/onltb/doc/2009/2009canlii79778/2009canlii79778.html,CEL-22014 (Re),2009 CanLII 79778 (ON LTB),en,CEL-22014,2009-12-15,cockroach infestation — filing fee — last month s rent — manner to eradicate the cockroaches — unit,,2009onltb1000636,NA
onltb,2009canlii79936,https://canlii.ca/t/28gvs,https://www.canlii.org/en/on/onltb/doc/2009/2009canlii79936/2009canlii79936.html,TNT-02087 (Re),2009 CanLII 79936 (ON LTB),en,TNT-02087,2009-12-14,furnace — rebate — rental — trustworthy — rent,,2009onltb1000794,NA
onltb,2009canlii79908,https://canlii.ca/t/28gtt,https://www.canlii.org/en/on/onltb/doc/2009/2009canlii79908/2009canlii79908.html,TET-00909-09 (Re),2009 CanLII 79908 (ON LTB),en,TET-00909-09,2009-12-14,possessions — residential complex — entered the rental unit illegally — locking system on a door — interfered,,2009onltb1000766,NA
onltb,2009canlii79864,https://canlii.ca/t/28gsf,https://www.canlii.org/en/on/onltb/doc/2009/2009canlii79864/2009canlii79864.html,SWL-01236-09 (Re),2009 CanLII 79864 (ON LTB),en,SWL-01236-09,2009-12-14,evict — rent — application — toll — attended,,2009onltb1000722,NA
onltb,2009canlii79780,https://canlii.ca/t/28gpg,https://www.canlii.org/en/on/onltb/doc/2009/2009canlii79780/2009canlii79780.html,CEL-22058 (Re),2009 CanLII 79780 (ON LTB),en,CEL-22058,2009-12-14,eviction — tenancy — pay — charges related to cheques — owing,,2009onltb1000638,NA
onltb,2009canlii79770,https://canlii.ca/t/28gp5,https://www.canlii.org/en/on/onltb/doc/2009/2009canlii79770/2009canlii79770.html,CEL-01214-09 (Re),2009 CanLII 79770 (ON LTB),en,CEL-01214-09,2009-12-14,pay — rent — owe — owing — resolves,,2009onltb1000628,NA
onltb,2009canlii79959,https://canlii.ca/t/28gwl,https://www.canlii.org/en/on/onltb/doc/2009/2009canlii79959/2009canlii79959.html,TST-02950 (Re),2009 CanLII 79959 (ON LTB),en,TST-02950,2009-12-11,application — toll — illegally — money — collected,,2009onltb1000817,NA
onltb,2009canlii79938,https://canlii.ca/t/28gvw,https://www.canlii.org/en/on/onltb/doc/2009/2009canlii79938/2009canlii79938.html,TNT-02113 (Re),2009 CanLII 79938 (ON LTB),en,TNT-02113,2009-12-11,collected — owe — full amount owing — security deposit — pay,,2009onltb1000796,NA
onltb,2009canlii79931,https://canlii.ca/t/28gvn,https://www.canlii.org/en/on/onltb/doc/2009/2009canlii79931/2009canlii79931.html,TNL-30909 (Re),2009 CanLII 79931 (ON LTB),en,TNL-30909,2009-12-11,rent deposit — charges — terminate the tenancy — owing — pay,,2009onltb1000789,NA
onltb,2009canlii79914,https://canlii.ca/t/28gv2,https://www.canlii.org/en/on/onltb/doc/2009/2009canlii79914/2009canlii79914.html,TET-02147 (Re),2009 CanLII 79914 (ON LTB),en,TET-02147,2009-12-11,countertop — sink — toilet — repair — fix,,2009onltb1000772,NA
onltb,2009canlii79873,https://canlii.ca/t/28gsn,https://www.canlii.org/en/on/onltb/doc/2009/2009canlii79873/2009canlii79873.html,SWL-03380-09 (Re),2009 CanLII 79873 (ON LTB),en,SWL-03380-09,2009-12-11,rental unit — eviction — tenancy — pay — compensation,,2009onltb1000731,NA
onltb,2009canlii79820,https://canlii.ca/t/28gqv,https://www.canlii.org/en/on/onltb/doc/2009/2009canlii79820/2009canlii79820.html,NOL-00663-09 (Re),2009 CanLII 79820 (ON LTB),en,NOL-00663-09,2009-12-11,tenancy — rent deposit — unit — eviction may be enforced — pay,,2009onltb1000678,NA
onltb,2009canlii79796,https://canlii.ca/t/28gq1,https://www.canlii.org/en/on/onltb/doc/2009/2009canlii79796/2009canlii79796.html,EAL-02602-09 (Re),2009 CanLII 79796 (ON LTB),en,EAL-02602-09,2009-12-11,rent — deposit — arrears — tenancy — owes,,2009onltb1000654,NA
onltb,2009canlii79794,https://canlii.ca/t/28gq0,https://www.canlii.org/en/on/onltb/doc/2009/2009canlii79794/2009canlii79794.html,EAL-02431-09 (Re),2009 CanLII 79794 (ON LTB),en,EAL-02431-09,2009-12-11,amount of the outstanding arrears — pay — terminate the tenancy — collect — evict,,2009onltb1000652,NA
onltb,2009canlii79958,https://canlii.ca/t/28gwk,https://www.canlii.org/en/on/onltb/doc/2009/2009canlii79958/2009canlii79958.html,TST-02899 (Re),2009 CanLII 79958 (ON LTB),en,TST-02899,2009-12-10,toll — maintenance — application — superintendent — housing,,2009onltb1000816,NA
onltb,2009canlii79953,https://canlii.ca/t/28gwd,https://www.canlii.org/en/on/onltb/doc/2009/2009canlii79953/2009canlii79953.html,TSL-28771 (Re),2009 CanLII 79953 (ON LTB),en,TSL-28771,2009-12-10,rental unit — eviction — tenancy — unopposed — vacating,,2009onltb1000811,NA
onltb,2009canlii79919,https://canlii.ca/t/28gv6,https://www.canlii.org/en/on/onltb/doc/2009/2009canlii79919/2009canlii79919.html,TNL-27148-RV3 (Re),2009 CanLII 79919 (ON LTB),en,TNL-27148-RV3,2009-12-10,representative — request to review — issued — initiated — interpreter,,2009onltb1000777,NA
onltb,2009canlii79913,https://canlii.ca/t/28gv0,https://www.canlii.org/en/on/onltb/doc/2009/2009canlii79913/2009canlii79913.html,TET-01654 (Re),2009 CanLII 79913 (ON LTB),en,TET-01654,2009-12-10,rental unit — backup — plumbing — flooring — hardwood,,2009onltb1000771,NA
onltb,2009canlii79897,https://canlii.ca/t/28gtg,https://www.canlii.org/en/on/onltb/doc/2009/2009canlii79897/2009canlii79897.html,TEL-01534-09 (Re),2009 CanLII 79897 (ON LTB),en,TEL-01534-09,2009-12-10,evict — toll — application — owe — tenancy,,2009onltb1000755,NA
onltb,2009canlii79875,https://canlii.ca/t/28gsr,https://www.canlii.org/en/on/onltb/doc/2009/2009canlii79875/2009canlii79875.html,SWL-03533-09 (Re),2009 CanLII 79875 (ON LTB),en,SWL-03533-09,2009-12-10,rent — pay — charges — represents — owe,,2009onltb1000733,NA
onltb,2009canlii79863,https://canlii.ca/t/28gsb,https://www.canlii.org/en/on/onltb/doc/2009/2009canlii79863/2009canlii79863.html,SOT-02451 (Re),2009 CanLII 79863 (ON LTB),en,SOT-02451,2009-12-10,air-conditioner — noise levels — rental unit — problems with the kitchen sink — abatement,,2009onltb1000721,NA
onltb,2009canlii79836,https://canlii.ca/t/28grf,https://www.canlii.org/en/on/onltb/doc/2009/2009canlii79836/2009canlii79836.html,NOT-01270 (Re),2009 CanLII 79836 (ON LTB),en,NOT-01270,2009-12-10,electricity — interfered with the reasonable — landlord — rental unit — supply,,2009onltb1000694,NA
onltb,2009canlii79824,https://canlii.ca/t/28gr0,https://www.canlii.org/en/on/onltb/doc/2009/2009canlii79824/2009canlii79824.html,NOL-00726-09 (Re),2009 CanLII 79824 (ON LTB),en,NOL-00726-09,2009-12-10,residential complex — eviction — rental unit — tenancy — stabbing,,2009onltb1000682,NA
onltb,2009canlii79813,https://canlii.ca/t/28gql,https://www.canlii.org/en/on/onltb/doc/2009/2009canlii79813/2009canlii79813.html,EAT-02539-09 (Re),2009 CanLII 79813 (ON LTB),en,EAT-02539-09,2009-12-10,abatement — rent — belongings — entered the rental unit illegally — full amount owing,,2009onltb1000671,NA
onltb,2009canlii79802,https://canlii.ca/t/28gq7,https://www.canlii.org/en/on/onltb/doc/2009/2009canlii79802/2009canlii79802.html,EAL-03064-09 (Re),2009 CanLII 79802 (ON LTB),en,EAL-03064-09; EAT-02559-09,2009-12-10,rental — interfered — withdrawn — application — coerced,,2009onltb1000660,NA
onltb,2009canlii79949,https://canlii.ca/t/28gw8,https://www.canlii.org/en/on/onltb/doc/2009/2009canlii79949/2009canlii79949.html,TSL-28577-SA (Re),2009 CanLII 79949 (ON LTB),en,TSL-28577-SA,2009-12-09,mediated agreement — rent — ex-parte — cheque — payment,,2009onltb1000807,NA
onltb,2009canlii79929,https://canlii.ca/t/28gvl,https://www.canlii.org/en/on/onltb/doc/2009/2009canlii79929/2009canlii79929.html,TNL-31183 (Re),2009 CanLII 79929 (ON LTB),en,TNL-31183; TNT-01952-09,2009-12-09,rental unit — interfered — enjoyment — tenancy — evict,,2009onltb1000787,NA
onltb,2009canlii79928,https://canlii.ca/t/28gvk,https://www.canlii.org/en/on/onltb/doc/2009/2009canlii79928/2009canlii79928.html,TNL-30738-SA (Re),2009 CanLII 79928 (ON LTB),en,TNL-30738-SA,2009-12-09,motion to set aside — evict — mediated — toll — tenancy,,2009onltb1000786,NA
onltb,2009canlii79895,https://canlii.ca/t/28gtd,https://www.canlii.org/en/on/onltb/doc/2009/2009canlii79895/2009canlii79895.html,TEL-01226-09 (Re),2009 CanLII 79895 (ON LTB),en,TEL-01226-09,2009-12-09,tenancy — rent deposit — eviction — owing — pay,,2009onltb1000753,NA
onltb,2009canlii79874,https://canlii.ca/t/28gsp,https://www.canlii.org/en/on/onltb/doc/2009/2009canlii79874/2009canlii79874.html,SWL-03518-09 (Re),2009 CanLII 79874 (ON LTB),en,SWL-03518-09,2009-12-09,pay — rent — cheques tendered — related administration charges — represents,,2009onltb1000732,NA
onltb,2009canlii79852,https://canlii.ca/t/28grz,https://www.canlii.org/en/on/onltb/doc/2009/2009canlii79852/2009canlii79852.html,SOL-25590-SA (Re),2009 CanLII 79852 (ON LTB),en,SOL-25590-SA,2009-12-09,rent — tenancy — deposit — owing — unit,,2009onltb1000710,NA
onltb,2009canlii79833,https://canlii.ca/t/28gr7,https://www.canlii.org/en/on/onltb/doc/2009/2009canlii79833/2009canlii79833.html,NOL-08330 (Re),2009 CanLII 79833 (ON LTB),en,NOL-08330,2009-12-09,tenancy — owes — evicting — arrears — rent,,2009onltb1000691,NA
onltb,2009canlii79786,https://canlii.ca/t/28gpq,https://www.canlii.org/en/on/onltb/doc/2009/2009canlii79786/2009canlii79786.html,CEL-22177 (Re),2009 CanLII 79786 (ON LTB),en,CEL-22177,2009-12-09,occupant of the rental unit — eviction — permitted in the residential complex — tenancy — owing,,2009onltb1000644,NA
onltb,2009canlii79779,https://canlii.ca/t/28gp4,https://www.canlii.org/en/on/onltb/doc/2009/2009canlii79779/2009canlii79779.html,CEL-01189-09 (Re),2009 CanLII 79779 (ON LTB),en,CEL-01189-09,2009-12-09,rental unit — tenancy — eviction — rent deposit — pay,,2009onltb1000637,NA
onltb,2009canlii79774,https://canlii.ca/t/28gp9,https://www.canlii.org/en/on/onltb/doc/2009/2009canlii79774/2009canlii79774.html,CEL-21643-RV (Re),2009 CanLII 79774 (ON LTB),en,CEL-21643-RV,2009-12-09,tenancy — post-hearing — issued — adjudicator — serious error,,2009onltb1000632,NA
onltb,2009canlii79769,https://canlii.ca/t/28gp3,https://www.canlii.org/en/on/onltb/doc/2009/2009canlii79769/2009canlii79769.html,CEL-01004-09 (Re),2009 CanLII 79769 (ON LTB),en,CEL-01004-09,2009-12-09,rental unit — name removed — terminate the tenancy — basement — business,,2009onltb1000627,NA
onltb,2009canlii79939,https://canlii.ca/t/28gvt,https://www.canlii.org/en/on/onltb/doc/2009/2009canlii79939/2009canlii79939.html,TNT-02096 (Re),2009 CanLII 79939 (ON LTB),en,TNT-02096,2009-12-08,rental unit — interfered with the reasonable — supply — residential complex — coerced,,2009onltb1000797,NA
onltb,2009canlii79923,https://canlii.ca/t/28gvb,https://www.canlii.org/en/on/onltb/doc/2009/2009canlii79923/2009canlii79923.html,TNL-30190 (Re),2009 CanLII 79923 (ON LTB),en,TNL-30190,2009-12-08,eviction — tenancy — rent deposit — owing — pay,,2009onltb1000781,NA
onltb,2009canlii79912,https://canlii.ca/t/28gtx,https://www.canlii.org/en/on/onltb/doc/2009/2009canlii79912/2009canlii79912.html,TET-01601-09 (Re),2009 CanLII 79912 (ON LTB),en,TET-01601-09,2009-12-08,name — occupant — named — applied for an order determining — unit,,2009onltb1000770,NA
onltb,2009canlii79909,https://canlii.ca/t/28gtv,https://www.canlii.org/en/on/onltb/doc/2009/2009canlii79909/2009canlii79909.html,TET-01548-09 (Re),2009 CanLII 79909 (ON LTB),en,TET-01548-09,2009-12-08,unit — cockroaches — keys — inspection — rent,,2009onltb1000767,NA
onltb,2009canlii79902,https://canlii.ca/t/28gtm,https://www.canlii.org/en/on/onltb/doc/2009/2009canlii79902/2009canlii79902.html,TEL-01738-09 (Re),2009 CanLII 79902 (ON LTB),en,TEL-01738-09,2009-12-08,tenancy — eviction — rent deposit — residential complex — pay,,2009onltb1000760,NA
onltb,2009canlii79896,https://canlii.ca/t/28gtf,https://www.canlii.org/en/on/onltb/doc/2009/2009canlii79896/2009canlii79896.html,TEL-01421-09-SA (Re),2009 CanLII 79896 (ON LTB),en,TEL-01421-09-SA,2009-12-08,lifted — mediated agreement — stay — motion to set aside — evict,,2009onltb1000754,NA
onltb,2009canlii79893,https://canlii.ca/t/28gtb,https://www.canlii.org/en/on/onltb/doc/2009/2009canlii79893/2009canlii79893.html,TEL-01173-09 (Re),2009 CanLII 79893 (ON LTB),en,TEL-01173-09,2009-12-08,rent — arrears — pay — deposit — tenancy,,2009onltb1000751,NA
onltb,2009canlii79885,https://canlii.ca/t/28gt3,https://www.canlii.org/en/on/onltb/doc/2009/2009canlii79885/2009canlii79885.html,SWT-02654-09 (Re),2009 CanLII 79885 (ON LTB),en,SWT-02654-09,2009-12-08,last month s rent deposit — interest — pay — full amount owing — retained,,2009onltb1000743,NA
onltb,2009canlii79867,https://canlii.ca/t/28gsg,https://www.canlii.org/en/on/onltb/doc/2009/2009canlii79867/2009canlii79867.html,SWL-02057-09-SA (Re),2009 CanLII 79867 (ON LTB),en,SWL-02057-09-SA,2009-12-08,eviction — void — amount — non-refundable — tenancy,,2009onltb1000725,NA
onltb,2009canlii79838,https://canlii.ca/t/28grh,https://www.canlii.org/en/on/onltb/doc/2009/2009canlii79838/2009canlii79838.html,NOT-01244 (Re),2009 CanLII 79838 (ON LTB),en,NOT-01244,2009-12-08,possession of the rental unit — notice of termination in bad — gave — termination in bad faith — toll,,2009onltb1000696,NA
onltb,2009canlii79768,https://canlii.ca/t/28gp2,https://www.canlii.org/en/on/onltb/doc/2009/2009canlii79768/2009canlii79768.html,CEL-00952-09 (Re),2009 CanLII 79768 (ON LTB),en,CEL-00952-09,2009-12-08,tenancy — eviction may be enforced — pay — rental unit — owe,,2009onltb1000626,NA
onltb,2009canlii79926,https://canlii.ca/t/28gvg,https://www.canlii.org/en/on/onltb/doc/2009/2009canlii79926/2009canlii79926.html,TNL-30433 (Re),2009 CanLII 79926 (ON LTB),en,TNL-30433,2009-12-07,tenancy — rent deposit — eviction — pay — owing,,2009onltb1000784,NA
onltb,2009canlii79862,https://canlii.ca/t/28gsc,https://www.canlii.org/en/on/onltb/doc/2009/2009canlii79862/2009canlii79862.html,SWL-01031-09 (Re),2009 CanLII 79862 (ON LTB),en,SWL-01031-09; SWL-01316-09-VO,2009-12-07,eviction order became enforceable — sheriff — tenancy — amount required to void — non-refundable,,2009onltb1000720,NA
onltb,2009canlii79858,https://canlii.ca/t/28gs6,https://www.canlii.org/en/on/onltb/doc/2009/2009canlii79858/2009canlii79858.html,SOL-01509-09 (Re),2009 CanLII 79858 (ON LTB),en,SOL-01509-09,2009-12-07,rent — arrears — tenancy — evicting — application,,2009onltb1000716,NA
onltb,2009canlii79848,https://canlii.ca/t/28grv,https://www.canlii.org/en/on/onltb/doc/2009/2009canlii79848/2009canlii79848.html,SOL-25565 (Re),2009 CanLII 79848 (ON LTB),en,SOL-25565,2009-12-07,landlord tenant relationship — basement — mortgage — property — rent,,2009onltb1000706,NA
onltb,2009canlii79842,https://canlii.ca/t/28grm,https://www.canlii.org/en/on/onltb/doc/2009/2009canlii79842/2009canlii79842.html,SOL-01497-09 (Re),2009 CanLII 79842 (ON LTB),en,SOL-01497-09,2009-12-07,eviction — tenancy — rent deposit — pay — owing,,2009onltb1000700,NA
onltb,2009canlii79785,https://canlii.ca/t/28gpp,https://www.canlii.org/en/on/onltb/doc/2009/2009canlii79785/2009canlii79785.html,CET-01209-09 (Re),2009 CanLII 79785 (ON LTB),en,CET-01209-09,2009-12-07,applies to the residential portion — tenancy agreement applies — rent — toll — property,,2009onltb1000643,NA
onltb,2009canlii79027,https://canlii.ca/t/289np,https://www.canlii.org/en/on/onltb/doc/2009/2009canlii79027/2009canlii79027.html,TEL-00364-09-RV (Re),2009 CanLII 79027 (ON LTB),en,TEL-00364-09-RV,2009-12-07,rental unit — rent deposit — keys — tenancy — owing,,2009onltb1000558,NA
onltb,2009canlii80129,https://canlii.ca/t/28lqq,https://www.canlii.org/en/on/onltb/doc/2009/2009canlii80129/2009canlii80129.html,SWL-02492-09 (Re),2009 CanLII 80129 (ON LTB),en,SWL-02492-09,2009-12-04,rent — deductible — rental — garage door — video,,2009onltb1000822,NA
onltb,2009canlii79957,https://canlii.ca/t/28gwg,https://www.canlii.org/en/on/onltb/doc/2009/2009canlii79957/2009canlii79957.html,TST-02043-RV (Re),2009 CanLII 79957 (ON LTB),en,TST-02043-RV,2009-12-04,belongings — retrieved at a location close — hours after the were evicted — property available to be retrieved — evidence,,2009onltb1000815,NA
onltb,2009canlii79951,https://canlii.ca/t/28gwb,https://www.canlii.org/en/on/onltb/doc/2009/2009canlii79951/2009canlii79951.html,TSL-28716 (Re),2009 CanLII 79951 (ON LTB),en,TSL-28716,2009-12-04,eviction — rent — unit — tenancy — rental,,2009onltb1000809,NA
onltb,2009canlii79947,https://canlii.ca/t/28gw7,https://www.canlii.org/en/on/onltb/doc/2009/2009canlii79947/2009canlii79947.html,TSL-28572 (Re),2009 CanLII 79947 (ON LTB),en,TSL-28572,2009-12-04,evict — terminate the tenancy — rent — pay — toll,,2009onltb1000805,NA
onltb,2009canlii79911,https://canlii.ca/t/28gv1,https://www.canlii.org/en/on/onltb/doc/2009/2009canlii79911/2009canlii79911.html,TET-02154 (Re),2009 CanLII 79911 (ON LTB),en,TET-02154,2009-12-04,interim — comply — rent — toll — attended,,2009onltb1000769,NA
onltb,2009canlii79907,https://canlii.ca/t/28gts,https://www.canlii.org/en/on/onltb/doc/2009/2009canlii79907/2009canlii79907.html,TEL-27323 (Re),2009 CanLII 79907 (ON LTB),en,TEL-27323,2009-12-04,tenancy — rent deposit — eviction — pay — owing,,2009onltb1000765,NA
onltb,2009canlii79906,https://canlii.ca/t/28gtr,https://www.canlii.org/en/on/onltb/doc/2009/2009canlii79906/2009canlii79906.html,TEL-27328 (Re),2009 CanLII 79906 (ON LTB),en,TEL-27328,2009-12-04,tenancy — eviction — pay — owing — unit,,2009onltb1000764,NA
onltb,2009canlii79905,https://canlii.ca/t/28gtq,https://www.canlii.org/en/on/onltb/doc/2009/2009canlii79905/2009canlii79905.html,TEL-27319 (Re),2009 CanLII 79905 (ON LTB),en,TEL-27319,2009-12-04,tenancy — rent deposit — eviction — pay — owing,,2009onltb1000763,NA
onltb,2009canlii79891,https://canlii.ca/t/28gt9,https://www.canlii.org/en/on/onltb/doc/2009/2009canlii79891/2009canlii79891.html,TEL-00471-09-SA (Re),2009 CanLII 79891 (ON LTB),en,TEL-00471-09-SA,2009-12-04,void — non-refundable — eviction order during the period — amount — motion,,2009onltb1000749,NA
onltb,2009canlii79866,https://canlii.ca/t/28gs9,https://www.canlii.org/en/on/onltb/doc/2009/2009canlii79866/2009canlii79866.html,SOL-20290 (Re),2009 CanLII 79866 (ON LTB),en,SOL-20290,2009-12-04,septic system — rent — increase — capital expenditures — sewage,,2009onltb1000724,NA
onltb,2009canlii79849,https://canlii.ca/t/28grt,https://www.canlii.org/en/on/onltb/doc/2009/2009canlii79849/2009canlii79849.html,SOL-25412 (Re),2009 CanLII 79849 (ON LTB),en,SOL-25412,2009-12-04,tenancy — unit — evict — interest — toll,,2009onltb1000707,NA
onltb,2009canlii79843,https://canlii.ca/t/28grn,https://www.canlii.org/en/on/onltb/doc/2009/2009canlii79843/2009canlii79843.html,SOL-01485-09 (Re),2009 CanLII 79843 (ON LTB),en,SOL-01485-09,2009-12-04,tenancy — eviction — pay — owing — unit,,2009onltb1000701,NA
onltb,2009canlii79841,https://canlii.ca/t/28grl,https://www.canlii.org/en/on/onltb/doc/2009/2009canlii79841/2009canlii79841.html,SOL-01479-09 (Re),2009 CanLII 79841 (ON LTB),en,SOL-01479-09,2009-12-04,tenancy — rent deposit — owing — must pay — arrears,,2009onltb1000699,NA
onltb,2009canlii79835,https://canlii.ca/t/28grd,https://www.canlii.org/en/on/onltb/doc/2009/2009canlii79835/2009canlii79835.html,NOT-01248 (Re),2009 CanLII 79835 (ON LTB),en,NOT-01248,2009-12-04,coerced — obstructed — toll — harassed — superintendent,,2009onltb1000693,NA
onltb,2009canlii79832,https://canlii.ca/t/28gr8,https://www.canlii.org/en/on/onltb/doc/2009/2009canlii79832/2009canlii79832.html,NOT-00595-09 (Re),2009 CanLII 79832 (ON LTB),en,NOT-00595-09,2009-12-04,bedroom ceiling water leak — pipes — roof — source of the bedroom ceiling — notification,,2009onltb1000690,NA
onltb,2009canlii79827,https://canlii.ca/t/28gr3,https://www.canlii.org/en/on/onltb/doc/2009/2009canlii79827/2009canlii79827.html,NOL-08250 (Re),2009 CanLII 79827 (ON LTB),en,NOL-08250,2009-12-04,rent deposit — terminate the tenancy — owing — evict — pay,,2009onltb1000685,NA
onltb,2009canlii79810,https://canlii.ca/t/28gqj,https://www.canlii.org/en/on/onltb/doc/2009/2009canlii79810/2009canlii79810.html,EAT-00977-09 (Re),2009 CanLII 79810 (ON LTB),en,EAT-00977-09,2009-12-04,toll — illegally — witness — representative — delivering,,2009onltb1000668,NA
onltb,2009canlii79961,https://canlii.ca/t/28gwn,https://www.canlii.org/en/on/onltb/doc/2009/2009canlii79961/2009canlii79961.html,TSL-28295 (Re),2009 CanLII 79961 (ON LTB),en,TSL-28295,2009-12-03,rent — persistently — relief from eviction — pay — tenancy,,2009onltb1000819,NA
onltb,2009canlii79946,https://canlii.ca/t/28gw5,https://www.canlii.org/en/on/onltb/doc/2009/2009canlii79946/2009canlii79946.html,TSL-28564 (Re),2009 CanLII 79946 (ON LTB),en,TSL-28564,2009-12-03,void the notice — occupant of the rental unit — permitted in the residential complex — defective — tenant,,2009onltb1000804,NA
onltb,2009canlii79922,https://canlii.ca/t/28gvc,https://www.canlii.org/en/on/onltb/doc/2009/2009canlii79922/2009canlii79922.html,TNL-30227 (Re),2009 CanLII 79922 (ON LTB),en,TNL-30227,2009-12-03,unit — tenancy — rent deposit — abandoned — eviction,,2009onltb1000780,NA
onltb,2009canlii79921,https://canlii.ca/t/28gv9,https://www.canlii.org/en/on/onltb/doc/2009/2009canlii79921/2009canlii79921.html,TNL-30160 (Re),2009 CanLII 79921 (ON LTB),en,TNL-30160,2009-12-03,tenancy — rent — eviction — pay — owing,,2009onltb1000779,NA
onltb,2009canlii79920,https://canlii.ca/t/28gv8,https://www.canlii.org/en/on/onltb/doc/2009/2009canlii79920/2009canlii79920.html,TNL-29769 (Re),2009 CanLII 79920 (ON LTB),en,TNL-29769,2009-12-03,eviction — tenancy — rent deposit — pay — owing,,2009onltb1000778,NA
onltb,2009canlii79860,https://canlii.ca/t/28gs8,https://www.canlii.org/en/on/onltb/doc/2009/2009canlii79860/2009canlii79860.html,SOT-01367-09 (Re),2009 CanLII 79860 (ON LTB),en,SOT-01367-09,2009-12-03,tenants — balcony — enjoyment — unit — protocols,,2009onltb1000718,NA
onltb,2009canlii79834,https://canlii.ca/t/28grc,https://www.canlii.org/en/on/onltb/doc/2009/2009canlii79834/2009canlii79834.html,NOT-01133-RV (Re),2009 CanLII 79834 (ON LTB),en,NOT-01133-RV; L-07546-RV,2009-12-03,request to review — tenancy — interfered — applied for an order determining — rental,,2009onltb1000692,NA
onltb,2009canlii79788,https://canlii.ca/t/28gph,https://www.canlii.org/en/on/onltb/doc/2009/2009canlii79788/2009canlii79788.html,CEL-22066 (Re),2009 CanLII 79788 (ON LTB),en,CEL-22066,2009-12-03,tenancy — eviction — rent deposit — pay — unit,,2009onltb1000646,NA
onltb,2009canlii79927,https://canlii.ca/t/28gvj,https://www.canlii.org/en/on/onltb/doc/2009/2009canlii79927/2009canlii79927.html,TNL-30607 (Re),2009 CanLII 79927 (ON LTB),en,TNL-30607,2009-12-02,occupancy of the rental unit — roommate — subletting — transferred the occupancy — decades,,2009onltb1000785,NA
onltb,2009canlii79925,https://canlii.ca/t/28gvf,https://www.canlii.org/en/on/onltb/doc/2009/2009canlii79925/2009canlii79925.html,TNL-30437 (Re),2009 CanLII 79925 (ON LTB),en,TNL-30437,2009-12-02,rent — application filing fee — deposit — arrears — tenancy,,2009onltb1000783,NA
onltb,2009canlii79917,https://canlii.ca/t/28gv4,https://www.canlii.org/en/on/onltb/doc/2009/2009canlii79917/2009canlii79917.html,TNL-13796-RV (Re),2009 CanLII 79917 (ON LTB),en,TNL-13796-RV,2009-12-02,evict — arrears — review — agreed net amount — owing,,2009onltb1000775,NA
onltb,2009canlii79868,https://canlii.ca/t/28gsd,https://www.canlii.org/en/on/onltb/doc/2009/2009canlii79868/2009canlii79868.html,SOT-02352 (Re),2009 CanLII 79868 (ON LTB),en,SOT-02352,2009-12-02,tenancy — reasonable enjoyment — mail — maintenance — compensate,,2009onltb1000726,NA
onltb,2009canlii79861,https://canlii.ca/t/28gs5,https://www.canlii.org/en/on/onltb/doc/2009/2009canlii79861/2009canlii79861.html,SOT-01316-09 (Re),2009 CanLII 79861 (ON LTB),en,SOT-01316-09,2009-12-02,temperature — heat — tenancy — rental unit — vital service,,2009onltb1000719,NA
onltb,2009canlii79851,https://canlii.ca/t/28grw,https://www.canlii.org/en/on/onltb/doc/2009/2009canlii79851/2009canlii79851.html,SOL-25582 (Re),2009 CanLII 79851 (ON LTB),en,SOL-25582,2009-12-02,altered the locking system — key — rental unit — annually on the balance outstanding — door,,2009onltb1000709,NA
onltb,2009canlii79825,https://canlii.ca/t/28gqt,https://www.canlii.org/en/on/onltb/doc/2009/2009canlii79825/2009canlii79825.html,CET-02427 (Re),2009 CanLII 79825 (ON LTB),en,CET-02427,2009-12-02,retrieved at a location close — hours after the was evicted — belongings — property available to be retrieved — location close to the rental,,2009onltb1000683,NA
onltb,2009canlii79808,https://canlii.ca/t/28gqf,https://www.canlii.org/en/on/onltb/doc/2009/2009canlii79808/2009canlii79808.html,EAL-18412 (Re),2009 CanLII 79808 (ON LTB),en,EAL-18412,2009-12-02,eviction — tenancy — rent deposit — pay — owing,,2009onltb1000666,NA
onltb,2009canlii79805,https://canlii.ca/t/28gqc,https://www.canlii.org/en/on/onltb/doc/2009/2009canlii79805/2009canlii79805.html,EAL-18355 (Re),2009 CanLII 79805 (ON LTB),en,EAL-18355,2009-12-02,tenancy — evicting — pay — toll — instalments,,2009onltb1000663,NA
onltb,2009canlii79781,https://canlii.ca/t/28gpk,https://www.canlii.org/en/on/onltb/doc/2009/2009canlii79781/2009canlii79781.html,CEL-22076 (Re),2009 CanLII 79781 (ON LTB),en,CEL-22076,2009-12-02,rent — tenancy — owe — pay — evict,,2009onltb1000639,NA
onltb,2009canlii78902,https://canlii.ca/t/289jk,https://www.canlii.org/en/on/onltb/doc/2009/2009canlii78902/2009canlii78902.html,CEL-01128-09 (Re),2009 CanLII 78902 (ON LTB),en,CEL-01128-09,2009-12-02,eviction — rental unit — agreed to terminate the tenancy — toll — postpone,,2009onltb1000433,NA
onltb,2009canlii92616,https://canlii.ca/t/gl7pt,https://www.canlii.org/en/on/onltb/doc/2009/2009canlii92616/2009canlii92616.html,SWL-03462-09 (Re),2009 CanLII 92616 (ON LTB),en,SWL-03462-09,2009-12-01,rental unit — arrears of rent — non-payment of rent — gas service to the unit — tenancy,,2009onltb1000861,NA
onltb,2009canlii89707,https://canlii.ca/t/fm9lk,https://www.canlii.org/en/on/onltb/doc/2009/2009canlii89707/2009canlii89707.html,TNL-01587-09 (Re),2009 CanLII 89707 (ON LTB),en,TNL-01587-09,2009-12-01,rent deposit — rental unit — tenancy — bathroom — owing,,2009onltb1000857,NA
onltb,2009canlii84377,https://canlii.ca/t/2bh0n,https://www.canlii.org/en/on/onltb/doc/2009/2009canlii84377/2009canlii84377.html,SWL-03462-09 (Re),2009 CanLII 84377 (ON LTB),en,SWL-03462-09,2009-12-01,rental unit — arrears of rent — non-payment of rent — gas service to the unit — tenancy,,2009onltb1000840,NA
onltb,2009canlii79956,https://canlii.ca/t/28gwj,https://www.canlii.org/en/on/onltb/doc/2009/2009canlii79956/2009canlii79956.html,TST-02822 (Re),2009 CanLII 79956 (ON LTB),en,TST-02822,2009-12-01,last month s rent deposit — roommate — rental unit — tenancy — flood,,2009onltb1000814,NA
onltb,2009canlii79924,https://canlii.ca/t/28gvd,https://www.canlii.org/en/on/onltb/doc/2009/2009canlii79924/2009canlii79924.html,TNL-30254 (Re),2009 CanLII 79924 (ON LTB),en,TNL-30254,2009-12-01,tenancy — rent deposit — eviction — pay — owing,,2009onltb1000782,NA
onltb,2009canlii79892,https://canlii.ca/t/28gt8,https://www.canlii.org/en/on/onltb/doc/2009/2009canlii79892/2009canlii79892.html,SWL-02635-09 (Re),2009 CanLII 79892 (ON LTB),en,SWL-02635-09; SWL-03180-09; SWT-03247-09,2009-12-01,total rent she was required — applications — owing — toll — maintenance,,2009onltb1000750,NA
onltb,2009canlii79847,https://canlii.ca/t/28grs,https://www.canlii.org/en/on/onltb/doc/2009/2009canlii79847/2009canlii79847.html,SOL-25166  (Re),2009 CanLII 79847 (ON LTB),en,SOL-25166; SOT-02387,2009-12-01,rent — stormed — rental unit — application — pay,,2009onltb1000705,NA
onltb,2009canlii79844,https://canlii.ca/t/28grp,https://www.canlii.org/en/on/onltb/doc/2009/2009canlii79844/2009canlii79844.html,SOL-01549-09 (Re),2009 CanLII 79844 (ON LTB),en,SOL-01549-09,2009-12-01,rent — owing — tenants — discontinued — evict,,2009onltb1000702,NA
onltb,2009canlii79803,https://canlii.ca/t/28gq9,https://www.canlii.org/en/on/onltb/doc/2009/2009canlii79803/2009canlii79803.html,EAL-10891-RV (Re),2009 CanLII 79803 (ON LTB),en,EAL-10891-RV,2009-12-01,tenancy — vacated the rental unit — pay — request to review — owes,,2009onltb1000661,NA
onltb,2009canlii79776,https://canlii.ca/t/28gpc,https://www.canlii.org/en/on/onltb/doc/2009/2009canlii79776/2009canlii79776.html,CEL-21653-RV (Re),2009 CanLII 79776 (ON LTB),en,CEL-21653-RV,2009-12-01,unit — tenancy — evict — arrears — rent,,2009onltb1000634,NA
onltb,2009canlii79022,https://canlii.ca/t/289nj,https://www.canlii.org/en/on/onltb/doc/2009/2009canlii79022/2009canlii79022.html,SWT-01693-09 (Re),2009 CanLII 79022 (ON LTB),en,SWT-01693-09,2009-12-01,carpet stains — rental unit — present for any inspections — living room stains — maintenance,,2009onltb1000553,NA
onltb,2009canlii79014,https://canlii.ca/t/289n9,https://www.canlii.org/en/on/onltb/doc/2009/2009canlii79014/2009canlii79014.html,SWL-03018-09 (Re),2009 CanLII 79014 (ON LTB),en,SWL-03018-09,2009-12-01,tenancy — rental — rent — unit — house,,2009onltb1000545,NA
onltb,2009canlii79025,https://canlii.ca/t/289nn,https://www.canlii.org/en/on/onltb/doc/2009/2009canlii79025/2009canlii79025.html,SWT-02578-09 (Re),2009 CanLII 79025 (ON LTB),en,SWT-02578-09,2009-11-30,last month s rent deposit — last month of the tenancy — illegally — attended — provide the with rent receipts,,2009onltb1000556,NA
onltb,2009canlii78990,https://canlii.ca/t/289md,https://www.canlii.org/en/on/onltb/doc/2009/2009canlii78990/2009canlii78990.html,SOL-25086-RV (Re),2009 CanLII 78990 (ON LTB),en,SOL-25086-RV,2009-11-30,rent — eviction — must pay — continue the tenancy — receipt,,2009onltb1000521,NA
onltb,2009canlii78985,https://canlii.ca/t/289m9,https://www.canlii.org/en/on/onltb/doc/2009/2009canlii78985/2009canlii78985.html,SOL-25387 (Re),2009 CanLII 78985 (ON LTB),en,SOL-25387,2009-11-30,rent — deposit — arrears — tenancy — authorization,,2009onltb1000516,NA
onltb,2009canlii78981,https://canlii.ca/t/289m5,https://www.canlii.org/en/on/onltb/doc/2009/2009canlii78981/2009canlii78981.html,SOL-01319-09 (Re),2009 CanLII 78981 (ON LTB),en,SOL-01319-09,2009-11-30,rent deposit — unit — eviction — tenants — heckled,,2009onltb1000512,NA
onltb,2009canlii78979,https://canlii.ca/t/289m4,https://www.canlii.org/en/on/onltb/doc/2009/2009canlii78979/2009canlii78979.html,SOL-01217-09 (Re),2009 CanLII 78979 (ON LTB),en,SOL-01217-09,2009-11-30,rent — tenancy — notice — owing — owe,,2009onltb1000510,NA
onltb,2009canlii78966,https://canlii.ca/t/289ln,https://www.canlii.org/en/on/onltb/doc/2009/2009canlii78966/2009canlii78966.html,NOT-00522-09 (Re),2009 CanLII 78966 (ON LTB),en,NOT-00522-09,2009-11-30,guideline rent increase — residential complex — rental units — landlord — tenants,,2009onltb1000497,NA
onltb,2009canlii78921,https://canlii.ca/t/289k5,https://www.canlii.org/en/on/onltb/doc/2009/2009canlii78921/2009canlii78921.html,CET-02354-RV (Re),2009 CanLII 78921 (ON LTB),en,CET-02354-RV,2009-11-30,unit — abandoned — residential — evicted — locking,,2009onltb1000452,NA
onltb,2009canlii78912,https://canlii.ca/t/289js,https://www.canlii.org/en/on/onltb/doc/2009/2009canlii78912/2009canlii78912.html,CEL-21748 (Re),2009 CanLII 78912 (ON LTB),en,CEL-21748,2009-11-30,name removed — tenancy — rent — evict — arrears,,2009onltb1000443,NA
onltb,2009canlii78909,https://canlii.ca/t/289jr,https://www.canlii.org/en/on/onltb/doc/2009/2009canlii78909/2009canlii78909.html,CEL-19944 (Re),2009 CanLII 78909 (ON LTB),en,CEL-19944,2009-11-30,useful life for capital expenditures — total percentage increase set — one-year period — maximum rent increase — guideline,,2009onltb1000440,NA
onltb,2009canlii79089,https://canlii.ca/t/289qv,https://www.canlii.org/en/on/onltb/doc/2009/2009canlii79089/2009canlii79089.html,TNL-27616-RV (Re),2009 CanLII 79089 (ON LTB),en,TNL-27616-RV; TNL-28118-RV; TNL-01369-09; TNL-29549; TNT-02002,2009-11-27,rental unit — rent — terminate the tenancy — evict — abatement,,2009onltb1000620,NA
onltb,2009canlii79087,https://canlii.ca/t/289qr,https://www.canlii.org/en/on/onltb/doc/2009/2009canlii79087/2009canlii79087.html,TST-02291 (Re),2009 CanLII 79087 (ON LTB),en,TST-02291,2009-11-27,windows — rental unit — disrepair — abatement — rent,,2009onltb1000618,NA
onltb,2009canlii79060,https://canlii.ca/t/289pt,https://www.canlii.org/en/on/onltb/doc/2009/2009canlii79060/2009canlii79060.html,TNL-30070-SA (Re),2009 CanLII 79060 (ON LTB),en,TNL-30070-SA,2009-11-27,motion to set aside — evict — mediated — toll — tenancy,,2009onltb1000591,NA
onltb,2009canlii79052,https://canlii.ca/t/289pl,https://www.canlii.org/en/on/onltb/doc/2009/2009canlii79052/2009canlii79052.html,TNL-01056-09 (Re),2009 CanLII 79052 (ON LTB),en,TNL-01056-09,2009-11-27,occupant of the rental unit — negligently caused undue damage — mould — permitted in the residential complex — wilfully,,2009onltb1000583,NA
onltb,2009canlii78991,https://canlii.ca/t/289mj,https://www.canlii.org/en/on/onltb/doc/2009/2009canlii78991/2009canlii78991.html,SOT-01208-09 (Re),2009 CanLII 78991 (ON LTB),en,SOT-01208-09,2009-11-27,belongings — residential complex — tenancy — horses — remove,,2009onltb1000522,NA
onltb,2009canlii78930,https://canlii.ca/t/289kh,https://www.canlii.org/en/on/onltb/doc/2009/2009canlii78930/2009canlii78930.html,EAL-02571-09 (Re),2009 CanLII 78930 (ON LTB),en,EAL-02571-09,2009-11-27,lawful — tenants in the rental complex — reasonable enjoyment of other tenants — privileges — substantially,,2009onltb1000461,NA
onltb,2009canlii78928,https://canlii.ca/t/289kf,https://www.canlii.org/en/on/onltb/doc/2009/2009canlii78928/2009canlii78928.html,EAL-02356-09 (Re),2009 CanLII 78928 (ON LTB),en,EAL-02356-09,2009-11-27,arrears — rent — tenancy — owes — evicting,,2009onltb1000459,NA
onltb,2009canlii78920,https://canlii.ca/t/289k4,https://www.canlii.org/en/on/onltb/doc/2009/2009canlii78920/2009canlii78920.html,CET-00967-09 (Re),2009 CanLII 78920 (ON LTB),en,CET-00967-09,2009-11-27,rental unit — steam cleaner — stove — locks — carpets,,2009onltb1000451,NA
onltb,2009canlii79094,https://canlii.ca/t/289qm,https://www.canlii.org/en/on/onltb/doc/2009/2009canlii79094/2009canlii79094.html,TSL-28550 (Re),2009 CanLII 79094 (ON LTB),en,TSL-28550,2009-11-26,occupant of the rental unit — permitted in the residential complex — tenancy — eviction — toll,,2009onltb1000625,NA
onltb,2009canlii79086,https://canlii.ca/t/289qp,https://www.canlii.org/en/on/onltb/doc/2009/2009canlii79086/2009canlii79086.html,TSL-28679 (Re),2009 CanLII 79086 (ON LTB),en,TSL-28679,2009-11-26,residential complex — eviction — rental unit — crying — noise,,2009onltb1000617,NA
onltb,2009canlii79078,https://canlii.ca/t/289qg,https://www.canlii.org/en/on/onltb/doc/2009/2009canlii79078/2009canlii79078.html,TSL-27992 (Re),2009 CanLII 79078 (ON LTB),en,TSL-27992,2009-11-26,rent — unit — eviction — pay — tenancy,,2009onltb1000609,NA
onltb,2009canlii79074,https://canlii.ca/t/289q9,https://www.canlii.org/en/on/onltb/doc/2009/2009canlii79074/2009canlii79074.html,TSL-27008-RV (Re),2009 CanLII 79074 (ON LTB),en,TSL-27008-RV,2009-11-26,request to review — serious error — applied improper principles in arriving — maintenance — hotline,,2009onltb1000605,NA
onltb,2009canlii79069,https://canlii.ca/t/289q5,https://www.canlii.org/en/on/onltb/doc/2009/2009canlii79069/2009canlii79069.html,TNT-02064 (Re),2009 CanLII 79069 (ON LTB),en,TNT-02064,2009-11-26,rental unit — basement — facilities — shared — interfered,,2009onltb1000600,NA
onltb,2009canlii78968,https://canlii.ca/t/289lq,https://www.canlii.org/en/on/onltb/doc/2009/2009canlii78968/2009canlii78968.html,SOL-00118-09-RV (Re),2009 CanLII 78968 (ON LTB),en,SOL-00118-09-RV,2009-11-26,occupant of the rental unit — permitted in the residential complex — evict — request — review,,2009onltb1000499,NA
onltb,2009canlii78955,https://canlii.ca/t/289lb,https://www.canlii.org/en/on/onltb/doc/2009/2009canlii78955/2009canlii78955.html,NOL-00476-09 (Re),2009 CanLII 78955 (ON LTB),en,NOL-00476-09,2009-11-26,rent — rental unit — evict — tenancy — pay,,2009onltb1000486,NA
onltb,2009canlii78954,https://canlii.ca/t/289l9,https://www.canlii.org/en/on/onltb/doc/2009/2009canlii78954/2009canlii78954.html,NOL-00526-09 (Re),2009 CanLII 78954 (ON LTB),en,NOL-00526-09,2009-11-26,tenancy — eviction may be enforced — rent — unit — toll,,2009onltb1000485,NA
onltb,2009canlii78939,https://canlii.ca/t/289kr,https://www.canlii.org/en/on/onltb/doc/2009/2009canlii78939/2009canlii78939.html,EAL-18353 (Re),2009 CanLII 78939 (ON LTB),en,EAL-18353,2009-11-26,tenancy — eviction may be enforced — rental unit — directed to give vacant possession — vacated,,2009onltb1000470,NA
onltb,2009canlii78933,https://canlii.ca/t/289km,https://www.canlii.org/en/on/onltb/doc/2009/2009canlii78933/2009canlii78933.html,EAL-16624-RV (Re),2009 CanLII 78933 (ON LTB),en,EAL-16624-RV,2009-11-26,issued — evict — toll — review — tenant,,2009onltb1000464,NA
onltb,2009canlii78917,https://canlii.ca/t/289k0,https://www.canlii.org/en/on/onltb/doc/2009/2009canlii78917/2009canlii78917.html,CEL-21798 (Re),2009 CanLII 78917 (ON LTB),en,CEL-21798,2009-11-26,rent — arrears — owing — deposit — tenancy,,2009onltb1000448,NA
onltb,2009canlii78911,https://canlii.ca/t/289jt,https://www.canlii.org/en/on/onltb/doc/2009/2009canlii78911/2009canlii78911.html,CEL-21739 (Re),2009 CanLII 78911 (ON LTB),en,CEL-21739,2009-11-26,rent deposit — mediated — arrears of rent — eviction — settlement,,2009onltb1000442,NA
onltb,2009canlii78910,https://canlii.ca/t/289jv,https://www.canlii.org/en/on/onltb/doc/2009/2009canlii78910/2009canlii78910.html,CEL-21787 (Re),2009 CanLII 78910 (ON LTB),en,CEL-21787,2009-11-26,rent — arrears — owing — deposit — tenancy,,2009onltb1000441,NA
onltb,2009canlii84375,https://canlii.ca/t/2bgwr,https://www.canlii.org/en/on/onltb/doc/2009/2009canlii84375/2009canlii84375.html,CET-01027-09 (Re),2009 CanLII 84375 (ON LTB),en,CET-01027-09,2009-11-25,related legal affairs — name removed — property — tenancy — application,,2009onltb1000838,NA
onltb,2009canlii80650,https://canlii.ca/t/28thc,https://www.canlii.org/en/on/onltb/doc/2009/2009canlii80650/2009canlii80650.html,TEL-27316 (Re),2009 CanLII 80650 (ON LTB),en,TEL-27316,2009-11-25,eviction — rental unit — tenancy — regain — residence,,2009onltb1000830,NA
onltb,2009canlii79080,https://canlii.ca/t/289q4,https://www.canlii.org/en/on/onltb/doc/2009/2009canlii79080/2009canlii79080.html,TNT-02045 (Re),2009 CanLII 79080 (ON LTB),en,TNT-02045,2009-11-25,posthearing — find — window — balcony door — rebate,,2009onltb1000611,NA
onltb,2009canlii79068,https://canlii.ca/t/289q3,https://www.canlii.org/en/on/onltb/doc/2009/2009canlii79068/2009canlii79068.html,TNT-02054 (Re),2009 CanLII 79068 (ON LTB),en,TNT-02054,2009-11-25,tenant — superintendent — card — fine — altercations,,2009onltb1000599,NA
onltb,2009canlii79039,https://canlii.ca/t/289p5,https://www.canlii.org/en/on/onltb/doc/2009/2009canlii79039/2009canlii79039.html,TEL-27231 (Re),2009 CanLII 79039 (ON LTB),en,TEL-27231,2009-11-25,landlord — possession of the rental unit — purchase — mortgagee in possession — agreement,,2009onltb1000570,NA
onltb,2009canlii79033,https://canlii.ca/t/289nb,https://www.canlii.org/en/on/onltb/doc/2009/2009canlii79033/2009canlii79033.html,SWT-03123-09  (Re),2009 CanLII 79033 (ON LTB),en,SWT-03123-09; SWL-03150-09,2009-11-25,locking mechanism — replacement key — enjoyment of the rental unit — termination of the tenancy — interfered,,2009onltb1000564,NA
onltb,2009canlii79031,https://canlii.ca/t/289nv,https://www.canlii.org/en/on/onltb/doc/2009/2009canlii79031/2009canlii79031.html,TEL-19379-RV (Re),2009 CanLII 79031 (ON LTB),en,TEL-19379-RV,2009-11-25,arrears — cancelled — rent — issued — tenancy,,2009onltb1000562,NA
onltb,2009canlii78983,https://canlii.ca/t/289m7,https://www.canlii.org/en/on/onltb/doc/2009/2009canlii78983/2009canlii78983.html,SOL-20290 (Re),2009 CanLII 78983 (ON LTB),en,SOL-20290,2009-11-25,septic system — rent — increase — capital expenditures — sewage,,2009onltb1000514,NA
onltb,2009canlii78947,https://canlii.ca/t/289l3,https://www.canlii.org/en/on/onltb/doc/2009/2009canlii78947/2009canlii78947.html,EAT-02143-09 (Re),2009 CanLII 78947 (ON LTB),en,EAT-02143-09,2009-11-25,located in a non-profit housing — non-profit housing project — tenants — rent — rental unit,,2009onltb1000478,NA
onltb,2009canlii78922,https://canlii.ca/t/289k6,https://www.canlii.org/en/on/onltb/doc/2009/2009canlii78922/2009canlii78922.html,CET-02377 (Re),2009 CanLII 78922 (ON LTB),en,CET-02377,2009-11-25,abatement — mould — flooding — pay the the full amount — repairs,,2009onltb1000453,NA
onltb,2009canlii78915,https://canlii.ca/t/289jz,https://www.canlii.org/en/on/onltb/doc/2009/2009canlii78915/2009canlii78915.html,CEL-21779 (Re),2009 CanLII 78915 (ON LTB),en,CEL-21779,2009-11-25,tenancy — rent deposit — eviction — pay — owing,,2009onltb1000446,NA
onltb,2009canlii78901,https://canlii.ca/t/289jh,https://www.canlii.org/en/on/onltb/doc/2009/2009canlii78901/2009canlii78901.html,CEL-00764-09 (Re),2009 CanLII 78901 (ON LTB),en,CEL-00764-09,2009-11-25,occupant of the rental unit — termination — permitted in the residential complex — units — evict,,2009onltb1000432,NA
onltb,2009canlii79083,https://canlii.ca/t/289qj,https://www.canlii.org/en/on/onltb/doc/2009/2009canlii79083/2009canlii79083.html,TSL-27993 (Re),2009 CanLII 79083 (ON LTB),en,TSL-27993,2009-11-24,rent deposit — owes — owing — unit — eviction,,2009onltb1000614,NA
onltb,2009canlii79063,https://canlii.ca/t/289pz,https://www.canlii.org/en/on/onltb/doc/2009/2009canlii79063/2009canlii79063.html,TNL-30466 (Re),2009 CanLII 79063 (ON LTB),en,TNL-30466,2009-11-24,rent — toll — vacated — owe — tenancy,,2009onltb1000594,NA
onltb,2009canlii79041,https://canlii.ca/t/289p6,https://www.canlii.org/en/on/onltb/doc/2009/2009canlii79041/2009canlii79041.html,TEL-27153-SA (Re),2009 CanLII 79041 (ON LTB),en,TEL-27153-SA,2009-11-24,set aside — evict — arrears — mediated — issued,,2009onltb1000572,NA
onltb,2009canlii79020,https://canlii.ca/t/289nh,https://www.canlii.org/en/on/onltb/doc/2009/2009canlii79020/2009canlii79020.html,SWT-01813-09 (Re),2009 CanLII 79020 (ON LTB),en,SWT-01813-09,2009-11-24,enjoyment of the rental unit — interfered — reasonable enjoyment of the rental — coerced — obstructed,,2009onltb1000551,NA
onltb,2009canlii79017,https://canlii.ca/t/289nf,https://www.canlii.org/en/on/onltb/doc/2009/2009canlii79017/2009canlii79017.html,SWT-01493-09-RV (Re),2009 CanLII 79017 (ON LTB),en,SWT-01493-09-RV,2009-11-24,attempting to re-argue — opportunity to re-argue — review — substantially interfered with the reasonable — hopes of having a different,,2009onltb1000548,NA
onltb,2009canlii78993,https://canlii.ca/t/289ml,https://www.canlii.org/en/on/onltb/doc/2009/2009canlii78993/2009canlii78993.html,SOT-01233-09 (Re),2009 CanLII 78993 (ON LTB),en,SOT-01233-09,2009-11-24,unit — repairs — units — flooded — hotel,,2009onltb1000524,NA
onltb,2009canlii78992,https://canlii.ca/t/289mm,https://www.canlii.org/en/on/onltb/doc/2009/2009canlii78992/2009canlii78992.html,SOT-01266-09 (Re),2009 CanLII 78992 (ON LTB),en,SOT-01266-09,2009-11-24,last month s rent deposit — unit — keys — monies — failed,,2009onltb1000523,NA
onltb,2009canlii78969,https://canlii.ca/t/289ls,https://www.canlii.org/en/on/onltb/doc/2009/2009canlii78969/2009canlii78969.html,NOT-01235 (Re),2009 CanLII 78969 (ON LTB),en,NOT-01235,2009-11-24,owe any monies — tenancy — toll — maintenance — eastern,,2009onltb1000500,NA
onltb,2009canlii78950,https://canlii.ca/t/289l4,https://www.canlii.org/en/on/onltb/doc/2009/2009canlii78950/2009canlii78950.html,EAT-02192-09 (Re),2009 CanLII 78950 (ON LTB),en,EAT-02192-09,2009-11-24,rent — basic cable service — tenancy — formerly — pay,,2009onltb1000481,NA
onltb,2009canlii78949,https://canlii.ca/t/289kb,https://www.canlii.org/en/on/onltb/doc/2009/2009canlii78949/2009canlii78949.html,EAL-01280-09 (Re),2009 CanLII 78949 (ON LTB),en,EAL-01280-09,2009-11-24,prove on the balance — illegally — repair — owe — vacate the rental unit,,2009onltb1000480,NA
onltb,2009canlii78943,https://canlii.ca/t/289kx,https://www.canlii.org/en/on/onltb/doc/2009/2009canlii78943/2009canlii78943.html,EAT-01783-09 (Re),2009 CanLII 78943 (ON LTB),en,EAT-01783-09,2009-11-24,rent deposit — collected — belongings — pocket — unit,,2009onltb1000474,NA
onltb,2009canlii78932,https://canlii.ca/t/289kj,https://www.canlii.org/en/on/onltb/doc/2009/2009canlii78932/2009canlii78932.html,EAL-02454-09 (Re),2009 CanLII 78932 (ON LTB),en,EAL-02454-09,2009-11-24,rent deposit — eviction — continue the tenancy — owing — pay,,2009onltb1000463,NA
onltb,2009canlii78919,https://canlii.ca/t/289k2,https://www.canlii.org/en/on/onltb/doc/2009/2009canlii78919/2009canlii78919.html,CET-00666-09 (Re),2009 CanLII 78919 (ON LTB),en,CET-00666-09,2009-11-24,tenancy agreement — deposit — offer to rent the unit — lease — revoked,,2009onltb1000450,NA
onltb,2009canlii78906,https://canlii.ca/t/289jn,https://www.canlii.org/en/on/onltb/doc/2009/2009canlii78906/2009canlii78906.html,CEL-00959-09 (Re),2009 CanLII 78906 (ON LTB),en,CEL-00959-09,2009-11-24,tenancy — rent deposit — eviction — pay — owing,,2009onltb1000437,NA
onltb,2009canlii78904,https://canlii.ca/t/289jj,https://www.canlii.org/en/on/onltb/doc/2009/2009canlii78904/2009canlii78904.html,CEL-00641-09 (Re),2009 CanLII 78904 (ON LTB),en,CEL-00641-09,2009-11-24,rental unit — particulars of her tenancy — representative — relating to the eviction expires — substantially interfered,,2009onltb1000435,NA
onltb,2009canlii79093,https://canlii.ca/t/289qz,https://www.canlii.org/en/on/onltb/doc/2009/2009canlii79093/2009canlii79093.html,SOL-01381-09-SA (Re),2009 CanLII 79093 (ON LTB),en,SOL-01381-09-SA,2009-11-23,motion to set aside — evict — mediated — issued — toll,,2009onltb1000624,NA
onltb,2009canlii79092,https://canlii.ca/t/289qx,https://www.canlii.org/en/on/onltb/doc/2009/2009canlii79092/2009canlii79092.html,SWL-02750-09 (Re),2009 CanLII 79092 (ON LTB),en,SWL-02750-09,2009-11-23,rental unit — washer-dryer — rent — water — owe,,2009onltb1000623,NA
onltb,2009canlii79076,https://canlii.ca/t/289qd,https://www.canlii.org/en/on/onltb/doc/2009/2009canlii79076/2009canlii79076.html,TSL-27945 (Re),2009 CanLII 79076 (ON LTB),en,TSL-27945,2009-11-23,rent — pay — rental — application — persistently,,2009onltb1000607,NA
onltb,2009canlii79015,https://canlii.ca/t/289n8,https://www.canlii.org/en/on/onltb/doc/2009/2009canlii79015/2009canlii79015.html,SWL-02717-09 (Re),2009 CanLII 79015 (ON LTB),en,SWL-02717-09,2009-11-23,eviction — tenancy — occupying the rental unit — application — compensation,,2009onltb1000546,NA
onltb,2009canlii79013,https://canlii.ca/t/289n7,https://www.canlii.org/en/on/onltb/doc/2009/2009canlii79013/2009canlii79013.html,SWL-02889-09 (Re),2009 CanLII 79013 (ON LTB),en,SWL-02889-09,2009-11-23,terminate the tenancy — unit — evict — rent — owing,,2009onltb1000544,NA
onltb,2009canlii78982,https://canlii.ca/t/289m6,https://www.canlii.org/en/on/onltb/doc/2009/2009canlii78982/2009canlii78982.html,SOL-24591 (Re),2009 CanLII 78982 (ON LTB),en,SOL-24591; SOT-02366; SOT-02370,2009-11-23,applications — evict — tenancy — applied for an order determining — residential complex,,2009onltb1000513,NA
onltb,2009canlii78971,https://canlii.ca/t/289lt,https://www.canlii.org/en/on/onltb/doc/2009/2009canlii78971/2009canlii78971.html,SOL-00523-09 (Re),2009 CanLII 78971 (ON LTB),en,SOL-00523-09,2009-11-23,eviction — must pay — continue the tenancy — owing — unit,,2009onltb1000502,NA
onltb,2009canlii78945,https://canlii.ca/t/289kz,https://www.canlii.org/en/on/onltb/doc/2009/2009canlii78945/2009canlii78945.html,EAT-01396-09 (Re),2009 CanLII 78945 (ON LTB),en,EAT-01396-09,2009-11-23,enjoyment of the rental unit — harassed — supply of a vital service — rent abatement — tenancy,,2009onltb1000476,NA
onltb,2009canlii78924,https://canlii.ca/t/289k7,https://www.canlii.org/en/on/onltb/doc/2009/2009canlii78924/2009canlii78924.html,CET-02395 (Re),2009 CanLII 78924 (ON LTB),en,CET-02395,2009-11-23,rental unit — belongings — suitcases — police report — disposed,,2009onltb1000455,NA
onltb,2009canlii78916,https://canlii.ca/t/289k1,https://www.canlii.org/en/on/onltb/doc/2009/2009canlii78916/2009canlii78916.html,CET-02336 (Re),2009 CanLII 78916 (ON LTB),en,CET-02336,2009-11-23,deliberately interfered with the reasonable — supply of a vital service — toll — electricity — reasonable supply of a vital,,2009onltb1000447,NA
onltb,2009canlii78913,https://canlii.ca/t/289jx,https://www.canlii.org/en/on/onltb/doc/2009/2009canlii78913/2009canlii78913.html,CEL-21795 (Re),2009 CanLII 78913 (ON LTB),en,CEL-21795,2009-11-23,application — evict — voided — rent — representative,,2009onltb1000444,NA
onltb,2009canlii78903,https://canlii.ca/t/289jl,https://www.canlii.org/en/on/onltb/doc/2009/2009canlii78903/2009canlii78903.html,CEL-21650-RV (Re),2009 CanLII 78903 (ON LTB),en,CEL-21650-RV,2009-11-23,eviction — review — serious error — misleading — avoid,,2009onltb1000434,NA
onltb,2009canlii92619,https://canlii.ca/t/gl7qh,https://www.canlii.org/en/on/onltb/doc/2009/2009canlii92619/2009canlii92619.html,TST-01512 (Re),2009 CanLII 92619 (ON LTB),en,TST-01512,2009-11-20,previous landlord — name removed — tenancy — lease — unit,,2009onltb1000864,NA
onltb,2009canlii84391,https://canlii.ca/t/2bh4d,https://www.canlii.org/en/on/onltb/doc/2009/2009canlii84391/2009canlii84391.html,TST-01512 (Re),2009 CanLII 84391 (ON LTB),en,TST-01512,2009-11-20,previous landlord — name removed — tenancy — lease — unit,,2009onltb1000854,NA
onltb,2009canlii80651,https://canlii.ca/t/28tks,https://www.canlii.org/en/on/onltb/doc/2009/2009canlii80651/2009canlii80651.html,TST-02542 (Re),2009 CanLII 80651 (ON LTB),en,TST-02542; TST-02213,2009-11-20,tenant — hard-soled shoes — noise — notices — quiet enjoyment,,2009onltb1000831,NA
onltb,2009canlii79088,https://canlii.ca/t/289qs,https://www.canlii.org/en/on/onltb/doc/2009/2009canlii79088/2009canlii79088.html,TST-02732 (Re),2009 CanLII 79088 (ON LTB),en,TST-02732,2009-11-20,noises — tapes — enjoyment of the rental unit — video — apartment,,2009onltb1000619,NA
onltb,2009canlii79024,https://canlii.ca/t/289nm,https://www.canlii.org/en/on/onltb/doc/2009/2009canlii79024/2009canlii79024.html,SWT-02892-09 (Re),2009 CanLII 79024 (ON LTB),en,SWT-02892-09,2009-11-20,rental unit — residential complex — reduction — discontinuance — toll,,2009onltb1000555,NA
onltb,2009canlii79011,https://canlii.ca/t/289n6,https://www.canlii.org/en/on/onltb/doc/2009/2009canlii79011/2009canlii79011.html,SWL-02633-09 (Re),2009 CanLII 79011 (ON LTB),en,SWL-02633-09,2009-11-20,owe — arrears of rent — full amount owing — rental unit — pay,,2009onltb1000542,NA
onltb,2009canlii78929,https://canlii.ca/t/289kg,https://www.canlii.org/en/on/onltb/doc/2009/2009canlii78929/2009canlii78929.html,EAL-01875-09 (Re),2009 CanLII 78929 (ON LTB),en,EAL-01875-09,2009-11-20,tenancy — rent deposit — eviction — pay — owing,,2009onltb1000460,NA
onltb,2009canlii78926,https://canlii.ca/t/289kc,https://www.canlii.org/en/on/onltb/doc/2009/2009canlii78926/2009canlii78926.html,EAL-02031-09 (Re),2009 CanLII 78926 (ON LTB),en,EAL-02031-09,2009-11-20,amount of the outstanding arrears — tenancy — evicting — rent — toll,,2009onltb1000457,NA
onltb,2009canlii92626,https://canlii.ca/t/gl7q7,https://www.canlii.org/en/on/onltb/doc/2009/2009canlii92626/2009canlii92626.html,TET-01312-09 (Re),2009 CanLII 92626 (ON LTB),en,TET-01312-09,2009-11-19,marijuana — rental unit — tenancy — odour — name removed,,2009onltb1000871,NA
onltb,2009canlii84382,https://canlii.ca/t/2bh2f,https://www.canlii.org/en/on/onltb/doc/2009/2009canlii84382/2009canlii84382.html,TET-01312-09 (Re),2009 CanLII 84382 (ON LTB),en,TET-01312-09,2009-11-19,marijuana — rental unit — tenancy — odour — name removed,,2009onltb1000845,NA
onltb,2009canlii79777,https://canlii.ca/t/28gpd,https://www.canlii.org/en/on/onltb/doc/2009/2009canlii79777/2009canlii79777.html,NOL-00471-09-RV (Re),2009 CanLII 79777 (ON LTB),en,NOL-00471-09-RV; CEL-21672-RV,2009-11-19,initiated review — stayed — issued — toll — stay,,2009onltb1000635,NA
onltb,2009canlii79075,https://canlii.ca/t/289qb,https://www.canlii.org/en/on/onltb/doc/2009/2009canlii79075/2009canlii79075.html,TSL-27845 (Re),2009 CanLII 79075 (ON LTB),en,TSL-27845,2009-11-19,arrears of rent — pay — evicting — fee — owing,,2009onltb1000606,NA
onltb,2009canlii79032,https://canlii.ca/t/289nw,https://www.canlii.org/en/on/onltb/doc/2009/2009canlii79032/2009canlii79032.html,TEL-25138-VO (Re),2009 CanLII 79032 (ON LTB),en,TEL-25138-VO,2009-11-19,non-refundable — eviction order during the period — motion — amount — owe,,2009onltb1000563,NA
onltb,2009canlii79006,https://canlii.ca/t/289n1,https://www.canlii.org/en/on/onltb/doc/2009/2009canlii79006/2009canlii79006.html,SWL-01827-09 (Re),2009 CanLII 79006 (ON LTB),en,SWL-01827-09,2009-11-19,tenancy — eviction — pay — unit — owing,,2009onltb1000537,NA
onltb,2009canlii79002,https://canlii.ca/t/289mw,https://www.canlii.org/en/on/onltb/doc/2009/2009canlii79002/2009canlii79002.html,SWL-01491-09 (Re),2009 CanLII 79002 (ON LTB),en,SWL-01491-09,2009-11-19,mediated settlement — rental unit — request to re-open — tenancy — eviction,,2009onltb1000533,NA
onltb,2009canlii78998,https://canlii.ca/t/289mp,https://www.canlii.org/en/on/onltb/doc/2009/2009canlii78998/2009canlii78998.html,SOT-01321-09 (Re),2009 CanLII 78998 (ON LTB),en,SOT-01321-09,2009-11-19,unit — lease — rent — notice of termination — vacated,,2009onltb1000529,NA
onltb,2009canlii78964,https://canlii.ca/t/289lm,https://www.canlii.org/en/on/onltb/doc/2009/2009canlii78964/2009canlii78964.html,NOT-00483-09 (Re),2009 CanLII 78964 (ON LTB),en,NOT-00483-09,2009-11-19,rent — toll — enjoyment — guideline — interfered,,2009onltb1000495,NA
onltb,2009canlii78963,https://canlii.ca/t/289l7,https://www.canlii.org/en/on/onltb/doc/2009/2009canlii78963/2009canlii78963.html,NOL-00454-09 (Re),2009 CanLII 78963 (ON LTB),en,NOL-00454-09,2009-11-19,rental unit — tenancy — eviction — rental arrears — owe,,2009onltb1000494,NA
onltb,2009canlii78956,https://canlii.ca/t/289ld,https://www.canlii.org/en/on/onltb/doc/2009/2009canlii78956/2009canlii78956.html,NOL-08143 (Re),2009 CanLII 78956 (ON LTB),en,NOL-08143,2009-11-19,permitted in the residential complex — eviction — rental unit — marijuana — pot,,2009onltb1000487,NA
onltb,2009canlii78953,https://canlii.ca/t/289l8,https://www.canlii.org/en/on/onltb/doc/2009/2009canlii78953/2009canlii78953.html,NOL-00499-09 (Re),2009 CanLII 78953 (ON LTB),en,NOL-00499-09,2009-11-19,tenancy — owes — evict — rent — toll,,2009onltb1000484,NA
onltb,2009canlii78952,https://canlii.ca/t/289l5,https://www.canlii.org/en/on/onltb/doc/2009/2009canlii78952/2009canlii78952.html,NOL-00283-09-RV (Re),2009 CanLII 78952 (ON LTB),en,NOL-00283-09-RV,2009-11-19,eviction — unit — tenancy — rental — rent,,2009onltb1000483,NA
onltb,2009canlii78946,https://canlii.ca/t/289l1,https://www.canlii.org/en/on/onltb/doc/2009/2009canlii78946/2009canlii78946.html,EAT-02033 (Re),2009 CanLII 78946 (ON LTB),en,EAT-02033,2009-11-19,eaves troughs — maintenance — caulking — crawl — sticking,,2009onltb1000477,NA
onltb,2009canlii78931,https://canlii.ca/t/289kk,https://www.canlii.org/en/on/onltb/doc/2009/2009canlii78931/2009canlii78931.html,EAL-02573-09 (Re),2009 CanLII 78931 (ON LTB),en,EAL-02573-09,2009-11-19,illegal drug — tenancy — eviction — rental unit — trafficking,,2009onltb1000462,NA
onltb,2009canlii79064,https://canlii.ca/t/289px,https://www.canlii.org/en/on/onltb/doc/2009/2009canlii79064/2009canlii79064.html,TNL-30214 (Re),2009 CanLII 79064 (ON LTB),en,TNL-30214,2009-11-18,rental unit — eviction — accomodation — tenancy — utility,,2009onltb1000595,NA
onltb,2009canlii79050,https://canlii.ca/t/289ph,https://www.canlii.org/en/on/onltb/doc/2009/2009canlii79050/2009canlii79050.html,TNL-00827-09 (Re),2009 CanLII 79050 (ON LTB),en,TNL-00827-09,2009-11-18,termination date — evict — notice — toll — unit,,2009onltb1000581,NA
onltb,2009canlii79044,https://canlii.ca/t/289pb,https://www.canlii.org/en/on/onltb/doc/2009/2009canlii79044/2009canlii79044.html,TET-02267 (Re),2009 CanLII 79044 (ON LTB),en,TET-02267,2009-11-18,bad faith — purchaser — caselaw — rental unit — termination,,2009onltb1000575,NA
onltb,2009canlii79037,https://canlii.ca/t/289p3,https://www.canlii.org/en/on/onltb/doc/2009/2009canlii79037/2009canlii79037.html,TEL-25789-SA (Re),2009 CanLII 79037 (ON LTB),en,TEL-25789-SA,2009-11-18,evict — terminate the tenancy — motion — void — unit,,2009onltb1000568,NA
onltb,2009canlii79030,https://canlii.ca/t/289nt,https://www.canlii.org/en/on/onltb/doc/2009/2009canlii79030/2009canlii79030.html,TEL-00734-09-RV (Re),2009 CanLII 79030 (ON LTB),en,TEL-00734-09-RV,2009-11-18,evict — amount — pay — toll — request,,2009onltb1000561,NA
onltb,2009canlii79023,https://canlii.ca/t/289nl,https://www.canlii.org/en/on/onltb/doc/2009/2009canlii79023/2009canlii79023.html,SWT-02538-09 (Re),2009 CanLII 79023 (ON LTB),en,SWT-02538-09,2009-11-18,toll — application — illegally — attended — collected,,2009onltb1000554,NA
onltb,2009canlii78973,https://canlii.ca/t/289lx,https://www.canlii.org/en/on/onltb/doc/2009/2009canlii78973/2009canlii78973.html,SOL-00681-09 (Re),2009 CanLII 78973 (ON LTB),en,SOL-00681-09,2009-11-18,rent — tenancy — unit — pay — eviction,,2009onltb1000504,NA
onltb,2009canlii78938,https://canlii.ca/t/289ks,https://www.canlii.org/en/on/onltb/doc/2009/2009canlii78938/2009canlii78938.html,EAL-18378 (Re),2009 CanLII 78938 (ON LTB),en,EAL-18378,2009-11-18,mediated — tenancy — owes — evicting — arrears,,2009onltb1000469,NA
onltb,2009canlii78935,https://canlii.ca/t/289kn,https://www.canlii.org/en/on/onltb/doc/2009/2009canlii78935/2009canlii78935.html,EAL-18304 (Re),2009 CanLII 78935 (ON LTB),en,EAL-18304,2009-11-18,owes — evict — pay — toll — tenancy,,2009onltb1000466,NA
onltb,2009canlii78925,https://canlii.ca/t/289k9,https://www.canlii.org/en/on/onltb/doc/2009/2009canlii78925/2009canlii78925.html,EAL-01647-09 (Re),2009 CanLII 78925 (ON LTB),en,EAL-01647-09,2009-11-18,pay — rent — owe — owing — toll,,2009onltb1000456,NA
onltb,2009canlii78900,https://canlii.ca/t/289jf,https://www.canlii.org/en/on/onltb/doc/2009/2009canlii78900/2009canlii78900.html,CEL-00631-09 (Re),2009 CanLII 78900 (ON LTB),en,CEL-00631-09,2009-11-18,eviction — possession of the rental unit — tenancy — requires — purpose of residential occupation,,2009onltb1000431,NA
onltb,2009canlii78899,https://canlii.ca/t/289jg,https://www.canlii.org/en/on/onltb/doc/2009/2009canlii78899/2009canlii78899.html,CEL-00893-09 (Re),2009 CanLII 78899 (ON LTB),en,CEL-00893-09,2009-11-18,pay — rent — application — owing — toll,,2009onltb1000430,NA
onltb,2009canlii79091,https://canlii.ca/t/289qw,https://www.canlii.org/en/on/onltb/doc/2009/2009canlii79091/2009canlii79091.html,SWT-01460 (Re),2009 CanLII 79091 (ON LTB),en,SWT-01460,2009-11-17,storage area — serious interference — facility — rental unit — rent,,2009onltb1000622,NA
onltb,2009canlii79073,https://canlii.ca/t/289qc,https://www.canlii.org/en/on/onltb/doc/2009/2009canlii79073/2009canlii79073.html,TSL-27856 (Re),2009 CanLII 79073 (ON LTB),en,TSL-27856,2009-11-17,e-mails — eviction — agreement to terminate the tenancy — rental unit — sister,,2009onltb1000604,NA
onltb,2009canlii79072,https://canlii.ca/t/289q8,https://www.canlii.org/en/on/onltb/doc/2009/2009canlii79072/2009canlii79072.html,TSL-25734-AM (Re),2009 CanLII 79072 (ON LTB),en,TSL-25734-AM,2009-11-17,rent — property manager — evidence — stated — objecting,,2009onltb1000603,NA
onltb,2009canlii79056,https://canlii.ca/t/289pp,https://www.canlii.org/en/on/onltb/doc/2009/2009canlii79056/2009canlii79056.html,TNL-28060 (Re),2009 CanLII 79056 (ON LTB),en,TNL-28060; TNL-29427; TNT-01892; TNT-01464-09,2009-11-17,adjournment — home inspection — rent — rental unit — tenancy,,2009onltb1000587,NA
onltb,2009canlii79048,https://canlii.ca/t/289pg,https://www.canlii.org/en/on/onltb/doc/2009/2009canlii79048/2009canlii79048.html,TNL-00736-09-RV (Re),2009 CanLII 79048 (ON LTB),en,TNL-00736-09-RV,2009-11-17,"Lease and tenancy — Termination — Landlord’s own use — Whether the Act applies when no rent is paid or required — No landlord–tenant relationship found — Residential Tenancies Act, 2006 definitions considered — Initial termination order cancelled — Landlord’s application to terminate for own residential occupation dismissed — Act not applicable — Application dismissed | Statutory interpretation — Residential Tenancies Act, 2006 — Scope and definitions — Does the Act apply absent payment or requirement of rent? — Meaning of rental unit, rent, tenant under s. 1 and application under s. 3(1) — No payment or consideration in money or services — No statutory tenancy created — Act not applicable | Lease and tenancy — Existence of tenancy — Family accommodation — Brothers living in same home — Whether a landlord–tenant relationship existed — No rent paid or required and no services provided — Occupation at no cost for an extended period — No relationship of landlord and tenant — Tenant not entitled to protections of the Act — Application dismissed | Procedure — Review — Notice of hearing — Statutory Powers Procedure Act, s. 21.2 — Should the review proceed where notice was not received? — Prior order stayed pending review — Non‑receipt of notice accepted — Initial order cancelled and matter reconsidered — Review allowed and stay lifted — Termination application dismissed upon review outcome",,2009onltb1000579,2009canlii79048
onltb,2009canlii79036,https://canlii.ca/t/289p0,https://www.canlii.org/en/on/onltb/doc/2009/2009canlii79036/2009canlii79036.html,TEL-25460-SA (Re),2009 CanLII 79036 (ON LTB),en,TEL-25460-SA,2009-11-17,void — non-refundable — amount — eviction order during the period — paid,,2009onltb1000567,NA
onltb,2009canlii78987,https://canlii.ca/t/289m8,https://www.canlii.org/en/on/onltb/doc/2009/2009canlii78987/2009canlii78987.html,SOL-24291 (Re),2009 CanLII 78987 (ON LTB),en,SOL-24291,2009-11-17,dog — snow plough operator — tenancy — behaviour — unit,,2009onltb1000518,NA
onltb,2009canlii78967,https://canlii.ca/t/289lr,https://www.canlii.org/en/on/onltb/doc/2009/2009canlii78967/2009canlii78967.html,NOT-01256 (Re),2009 CanLII 78967 (ON LTB),en,NOT-01256,2009-11-17,last month s rent deposit — landlord — amount — paid — interest,,2009onltb1000498,NA
onltb,2009canlii78898,https://canlii.ca/t/289jd,https://www.canlii.org/en/on/onltb/doc/2009/2009canlii78898/2009canlii78898.html,CEL-00540-09 (Re),2009 CanLII 78898 (ON LTB),en,CEL-00540-09,2009-11-17,rent — waives — owing — pay — toll,,2009onltb1000429,NA
onltb,2009canlii79084,https://canlii.ca/t/289qn,https://www.canlii.org/en/on/onltb/doc/2009/2009canlii79084/2009canlii79084.html,TSL-28106 (Re),2009 CanLII 79084 (ON LTB),en,TSL-28106,2009-11-16,eviction — tenancy — rent deposit — pay — cheques,,2009onltb1000615,NA
onltb,2009canlii79082,https://canlii.ca/t/289qk,https://www.canlii.org/en/on/onltb/doc/2009/2009canlii79082/2009canlii79082.html,TSL-28021 (Re),2009 CanLII 79082 (ON LTB),en,TSL-28021,2009-11-16,must pay — eviction — owing — continue the tenancy — rent deposit,,2009onltb1000613,NA
onltb,2009canlii79081,https://canlii.ca/t/289ql,https://www.canlii.org/en/on/onltb/doc/2009/2009canlii79081/2009canlii79081.html,TSL-28180 (Re),2009 CanLII 79081 (ON LTB),en,TSL-28180,2009-11-16,eviction — agreement to terminate the tenancy — rental unit — signed an agreement to terminate — toll,,2009onltb1000612,NA
onltb,2009canlii79079,https://canlii.ca/t/289qh,https://www.canlii.org/en/on/onltb/doc/2009/2009canlii79079/2009canlii79079.html,TSL-28003 (Re),2009 CanLII 79079 (ON LTB),en,TSL-28003,2009-11-16,rent — pay — tenancy — owing — evicting,,2009onltb1000610,NA
onltb,2009canlii79046,https://canlii.ca/t/289pc,https://www.canlii.org/en/on/onltb/doc/2009/2009canlii79046/2009canlii79046.html,TET-02315 (Re),2009 CanLII 79046 (ON LTB),en,TET-02315,2009-11-16,last month s rent deposit — rental unit — owe — interest — amount,,2009onltb1000577,NA
onltb,2009canlii79045,https://canlii.ca/t/289p9,https://www.canlii.org/en/on/onltb/doc/2009/2009canlii79045/2009canlii79045.html,TET-00735-09 (Re),2009 CanLII 79045 (ON LTB),en,TET-00735-09,2009-11-16,bed bug infestation — unit — interfered with the reasonable enjoyment — bed bugs — sprayed,,2009onltb1000576,NA
onltb,2009canlii79016,https://canlii.ca/t/289nd,https://www.canlii.org/en/on/onltb/doc/2009/2009canlii79016/2009canlii79016.html,SWL-29279 (Re),2009 CanLII 79016 (ON LTB),en,SWL-29279,2009-11-16,owe — evict — application filing fee — rent — interest,,2009onltb1000547,NA
onltb,2009canlii78989,https://canlii.ca/t/289mf,https://www.canlii.org/en/on/onltb/doc/2009/2009canlii78989/2009canlii78989.html,SOL-25392 (Re),2009 CanLII 78989 (ON LTB),en,SOL-25392,2009-11-16,rent — arrears — tenancy — evicting — application,,2009onltb1000520,NA
onltb,2009canlii78975,https://canlii.ca/t/289lz,https://www.canlii.org/en/on/onltb/doc/2009/2009canlii78975/2009canlii78975.html,SOL-00839-09-SA (Re),2009 CanLII 78975 (ON LTB),en,SOL-00839-09-SA,2009-11-16,eviction — rental unit — terminate the tenancy — set aside — consented,,2009onltb1000506,NA
onltb,2009canlii80647,https://canlii.ca/t/28tfj,https://www.canlii.org/en/on/onltb/doc/2009/2009canlii80647/2009canlii80647.html,SOL-00703-09 (Re),2009 CanLII 80647 (ON LTB),en,SOL-00703-09,2009-11-13,eviction — tenancy — rent deposit — pay — owing,,2009onltb1000827,NA
onltb,2009canlii79077,https://canlii.ca/t/289qf,https://www.canlii.org/en/on/onltb/doc/2009/2009canlii79077/2009canlii79077.html,TSL-27096 (Re),2009 CanLII 79077 (ON LTB),en,TSL-27096,2009-11-13,rental unit — tenancy — eviction — rent deposit — owing,,2009onltb1000608,NA
onltb,2009canlii79059,https://canlii.ca/t/289ps,https://www.canlii.org/en/on/onltb/doc/2009/2009canlii79059/2009canlii79059.html,TNL-29385-VO (Re),2009 CanLII 79059 (ON LTB),en,TNL-29385-VO,2009-11-13,eviction — amount — void — non-refundable — paid,,2009onltb1000590,NA
onltb,2009canlii79042,https://canlii.ca/t/289p7,https://www.canlii.org/en/on/onltb/doc/2009/2009canlii79042/2009canlii79042.html,TET-00564-09 (Re),2009 CanLII 79042 (ON LTB),en,TET-00564-09,2009-11-13,basement tenant — unit — residential complex — reasonable enjoyment — termination,,2009onltb1000573,NA
onltb,2009canlii78996,https://canlii.ca/t/289mq,https://www.canlii.org/en/on/onltb/doc/2009/2009canlii78996/2009canlii78996.html,SWL-00393-09-RO (Re),2009 CanLII 78996 (ON LTB),en,SWL-00393-09-RO,2009-11-13,arrears — request to re-open — rent — owing — evicting,,2009onltb1000527,NA
onltb,2009canlii78984,https://canlii.ca/t/289mc,https://www.canlii.org/en/on/onltb/doc/2009/2009canlii78984/2009canlii78984.html,SOL-25390 (Re),2009 CanLII 78984 (ON LTB),en,SOL-25390,2009-11-13,rent — arrears — pay — eviction — owing,,2009onltb1000515,NA
onltb,2009canlii78978,https://canlii.ca/t/289m3,https://www.canlii.org/en/on/onltb/doc/2009/2009canlii78978/2009canlii78978.html,SOL-01083-09-SA (Re),2009 CanLII 78978 (ON LTB),en,SOL-01083-09-SA,2009-11-13,grandson — mediated — representative stated — motion to set aside — arrears,,2009onltb1000509,NA
onltb,2009canlii92628,https://canlii.ca/t/gl7pz,https://www.canlii.org/en/on/onltb/doc/2009/2009canlii92628/2009canlii92628.html,SWT-02241-09 (Re),2009 CanLII 92628 (ON LTB),en,SWT-02241-09,2009-11-12,name removed — application — full amount owing — recess — rent,,2009onltb1000873,NA
onltb,2009canlii84378,https://canlii.ca/t/2bh1l,https://www.canlii.org/en/on/onltb/doc/2009/2009canlii84378/2009canlii84378.html,SWT-02241-09 (Re),2009 CanLII 84378 (ON LTB),en,SWT-02241-09,2009-11-12,name removed — application — full amount owing — recess — rent,,2009onltb1000841,NA
onltb,2009canlii79066,https://canlii.ca/t/289q2,https://www.canlii.org/en/on/onltb/doc/2009/2009canlii79066/2009canlii79066.html,TNT-01756 (Re),2009 CanLII 79066 (ON LTB),en,TNT-01756,2009-11-12,burglarized — garage — dust — renovation — cleaning,,2009onltb1000597,NA
onltb,2009canlii79057,https://canlii.ca/t/289pq,https://www.canlii.org/en/on/onltb/doc/2009/2009canlii79057/2009canlii79057.html,TNL-28633-SA (Re),2009 CanLII 79057 (ON LTB),en,TNL-28633-SA,2009-11-12,eviction — motion — amount required to void — non-refundable — paid,,2009onltb1000588,NA
onltb,2009canlii79018,https://canlii.ca/t/289nc,https://www.canlii.org/en/on/onltb/doc/2009/2009canlii79018/2009canlii79018.html,SWL-29275 (Re),2009 CanLII 79018 (ON LTB),en,SWL-29275,2009-11-12,tenancy — rent deposit — owing — eviction — unit,,2009onltb1000549,NA
onltb,2009canlii78988,https://canlii.ca/t/289mg,https://www.canlii.org/en/on/onltb/doc/2009/2009canlii78988/2009canlii78988.html,SOL-25578 (Re),2009 CanLII 78988 (ON LTB),en,SOL-25578,2009-11-12,eviction — tenancy — rental unit — toll — expires,,2009onltb1000519,NA
onltb,2009canlii78977,https://canlii.ca/t/289m1,https://www.canlii.org/en/on/onltb/doc/2009/2009canlii78977/2009canlii78977.html,SOL-01008-09 (Re),2009 CanLII 78977 (ON LTB),en,SOL-01008-09,2009-11-12,rental unit — tenancy — fence — eviction — repair,,2009onltb1000508,NA
onltb,2009canlii78965,https://canlii.ca/t/289ll,https://www.canlii.org/en/on/onltb/doc/2009/2009canlii78965/2009canlii78965.html,NOL-08198 (Re),2009 CanLII 78965 (ON LTB),en,NOL-08198,2009-11-12,eviction — tenancy — pay — owing — unit,,2009onltb1000496,NA
onltb,2009canlii78962,https://canlii.ca/t/289lk,https://www.canlii.org/en/on/onltb/doc/2009/2009canlii78962/2009canlii78962.html,NOL-08199 (Re),2009 CanLII 78962 (ON LTB),en,NOL-08199,2009-11-12,tenancy — owes — evicting — arrears — water,,2009onltb1000493,NA
onltb,2009canlii78959,https://canlii.ca/t/289lg,https://www.canlii.org/en/on/onltb/doc/2009/2009canlii78959/2009canlii78959.html,NOL-07968 (Re),2009 CanLII 78959 (ON LTB),en,NOL-07968; T-00457-09,2009-11-12,sump pump — rental unit — flood — light switch — rent,,2009onltb1000490,NA
onltb,2009canlii78907,https://canlii.ca/t/289jp,https://www.canlii.org/en/on/onltb/doc/2009/2009canlii78907/2009canlii78907.html,CEL-21720 (Re),2009 CanLII 78907 (ON LTB),en,CEL-21720,2009-11-12,mediated — tenant — noise — interference with reasonable enjoyment — alleged,,2009onltb1000438,NA
onltb,2009canlii78976,https://canlii.ca/t/289m2,https://www.canlii.org/en/on/onltb/doc/2009/2009canlii78976/2009canlii78976.html,SOL-01015-09 (Re),2009 CanLII 78976 (ON LTB),en,SOL-01015-09,2009-11-11,pay — rent — owe — owing — toll,,2009onltb1000507,NA
onltb,2009canlii92617,https://canlii.ca/t/gl7ps,https://www.canlii.org/en/on/onltb/doc/2009/2009canlii92617/2009canlii92617.html,SOL-25190 (Re),2009 CanLII 92617 (ON LTB),en,SOL-25190,2009-11-10,unit — damage — tenancy — shower curtain — ceiling,,2009onltb1000862,NA
onltb,2009canlii84376,https://canlii.ca/t/2bh0c,https://www.canlii.org/en/on/onltb/doc/2009/2009canlii84376/2009canlii84376.html,SOL-25190 (Re),2009 CanLII 84376 (ON LTB),en,SOL-25190,2009-11-10,unit — damage — tenancy — shower curtain — ceiling,,2009onltb1000839,NA
onltb,2009canlii80131,https://canlii.ca/t/28lsh,https://www.canlii.org/en/on/onltb/doc/2009/2009canlii80131/2009canlii80131.html,TET-02207 (Re),2009 CanLII 80131 (ON LTB),en,TET-02207; TEL-26558,2009-11-10,rent — tenancy — unit — water — maintenance,,2009onltb1000824,NA
onltb,2009canlii79035,https://canlii.ca/t/289nz,https://www.canlii.org/en/on/onltb/doc/2009/2009canlii79035/2009canlii79035.html,TEL-01430-09 (Re),2009 CanLII 79035 (ON LTB),en,TEL-01430-09,2009-11-10,rent deposit — owing — terminate the tenancy — pay — unit,,2009onltb1000566,NA
onltb,2009canlii79008,https://canlii.ca/t/289n4,https://www.canlii.org/en/on/onltb/doc/2009/2009canlii79008/2009canlii79008.html,SWL-02563-09 (Re),2009 CanLII 79008 (ON LTB),en,SWL-02563-09,2009-11-10,owe — rent — application — owing — pay,,2009onltb1000539,NA
onltb,2009canlii79005,https://canlii.ca/t/289n0,https://www.canlii.org/en/on/onltb/doc/2009/2009canlii79005/2009canlii79005.html,SWL-01669-09 (Re),2009 CanLII 79005 (ON LTB),en,SWL-01669-09,2009-11-10,tenancy — eviction — pay — unit — owing,,2009onltb1000536,NA
onltb,2009canlii78905,https://canlii.ca/t/289jm,https://www.canlii.org/en/on/onltb/doc/2009/2009canlii78905/2009canlii78905.html,CEL-21688-SA (Re),2009 CanLII 78905 (ON LTB),en,CEL-21688-SA,2009-11-10,terminate the tenancy — motion to set aside — evict — toll — issued,,2009onltb1000436,NA
onltb,2009canlii79047,https://canlii.ca/t/289pd,https://www.canlii.org/en/on/onltb/doc/2009/2009canlii79047/2009canlii79047.html,TET-01583-RV (Re),2009 CanLII 79047 (ON LTB),en,TET-01583-RV,2009-11-09,rental unit — basement — oven — rent — mechanical room,,2009onltb1000578,NA
onltb,2009canlii79010,https://canlii.ca/t/289n5,https://www.canlii.org/en/on/onltb/doc/2009/2009canlii79010/2009canlii79010.html,SWL-02567-09 (Re),2009 CanLII 79010 (ON LTB),en,SWL-02567-09,2009-11-09,administration charges related to cheques — rent — pay — outstanding — toll,,2009onltb1000541,NA
onltb,2009canlii79007,https://canlii.ca/t/289n2,https://www.canlii.org/en/on/onltb/doc/2009/2009canlii79007/2009canlii79007.html,SWL-01990-09 (Re),2009 CanLII 79007 (ON LTB),en,SWL-01990-09,2009-11-09,terminate the tenancy — unit — evict — last month s rent deposit — specified,,2009onltb1000538,NA
onltb,2009canlii78974,https://canlii.ca/t/289m0,https://www.canlii.org/en/on/onltb/doc/2009/2009canlii78974/2009canlii78974.html,SOL-00695-09 (Re),2009 CanLII 78974 (ON LTB),en,SOL-00695-09,2009-11-09,eviction — tenancy — rent deposit — pay — owing,,2009onltb1000505,NA
onltb,2009canlii78944,https://canlii.ca/t/289l0,https://www.canlii.org/en/on/onltb/doc/2009/2009canlii78944/2009canlii78944.html,EAT-01798-09 (Re),2009 CanLII 78944 (ON LTB),en,EAT-01798-09,2009-11-09,bedbugs — enjoyment of the rental unit — ventilation — maintenance obligations — applications,,2009onltb1000475,NA
onltb,2009canlii79055,https://canlii.ca/t/289pn,https://www.canlii.org/en/on/onltb/doc/2009/2009canlii79055/2009canlii79055.html,TNL-28285 (Re),2009 CanLII 79055 (ON LTB),en,TNL-28285,2009-11-06,rent — deposit — tenancy — owing — evicting,,2009onltb1000586,NA
onltb,2009canlii79012,https://canlii.ca/t/289mh,https://www.canlii.org/en/on/onltb/doc/2009/2009canlii79012/2009canlii79012.html,SOT-00907-09 (Re),2009 CanLII 79012 (ON LTB),en,SOT-00907-09,2009-11-06,house — repair — furnace — rent — mould,,2009onltb1000543,NA
onltb,2009canlii78994,https://canlii.ca/t/289mk,https://www.canlii.org/en/on/onltb/doc/2009/2009canlii78994/2009canlii78994.html,SOT-00949-09 (Re),2009 CanLII 78994 (ON LTB),en,SOT-00949-09,2009-11-06,rental unit — landlord — unit of the urine odour — rid — maintenance,,2009onltb1000525,NA
onltb,2009canlii78942,https://canlii.ca/t/289kv,https://www.canlii.org/en/on/onltb/doc/2009/2009canlii78942/2009canlii78942.html,EAT-01155-09 (Re),2009 CanLII 78942 (ON LTB),en,EAT-01155-09,2009-11-06,rental unit — tenancy — eviction — bedbugs — owe,,2009onltb1000473,NA
onltb,2009canlii78937,https://canlii.ca/t/289kq,https://www.canlii.org/en/on/onltb/doc/2009/2009canlii78937/2009canlii78937.html,EAL-18200 (Re),2009 CanLII 78937 (ON LTB),en,EAL-18200,2009-11-06,tenancy — evict — pay his rent — opportunity for this to salvage — deposit,,2009onltb1000468,NA
onltb,2009canlii78927,https://canlii.ca/t/289kd,https://www.canlii.org/en/on/onltb/doc/2009/2009canlii78927/2009canlii78927.html,EAL-02045-09 (Re),2009 CanLII 78927 (ON LTB),en,EAL-02045-09,2009-11-06,lawful monthly rent — amount of the outstanding arrears — tenancy — entire unpaid balance — evicting,,2009onltb1000458,NA
onltb,2009canlii78908,https://canlii.ca/t/289jq,https://www.canlii.org/en/on/onltb/doc/2009/2009canlii78908/2009canlii78908.html,CEL-21734 (Re),2009 CanLII 78908 (ON LTB),en,CEL-21734,2009-11-06,rent — arrears — tenancy — owing — evicting,,2009onltb1000439,NA
onltb,2009canlii92620,https://canlii.ca/t/gl7qg,https://www.canlii.org/en/on/onltb/doc/2009/2009canlii92620/2009canlii92620.html,TSL-24739 (Re),2009 CanLII 92620 (ON LTB),en,TSL-24739,2009-11-05,"Statutory interpretation — Definitions — Tenant and rent — Whether a superintendent ceased to be a tenant under the Act — Meaning of “tenant” and “rent” in s. 2(1) — Labour as consideration included in rent, reflected in T4s — Use of “tenant” in ss. 93 and 94 deliberate — Superintendent is a “tenant” under the Residential Tenancies Act, 2006 — Status as tenant confirmed | Statutory interpretation — Residential Tenancies Act, 2006 — Subsection 93(1) — Does “unless otherwise agreed” permit contracting out of termination on employment end? — Interaction with s. 3 considered — Board must honour agreement that tenancy will not terminate — Right to eviction without notice under s. 94 not absolute — Contracting out under s. 93(1) recognised | Evidence — Credibility and factual findings — Agreement to continue tenancy — Whether there was an understanding that the tenancy would continue if employment ended — Last month’s rent deposit held supports understanding — Tenant’s evidence accepted, Landlord’s Witness lacked knowledge — Prior reluctance to accept position considered — Agreement between Tenant and Landlord found | Lease and tenancy — Eviction — Superintendent’s premises — Whether eviction and compensation under s. 94 should issue — Superintendent’s premises within s. 2(1) accepted — Tenant remained beyond seven days but parties “otherwise agreed” under s. 93(1) — Board must refuse eviction where such agreement exists — Application dismissed",,2009onltb1000865,2009canlii92620
onltb,2009canlii84390,https://canlii.ca/t/2bh42,https://www.canlii.org/en/on/onltb/doc/2009/2009canlii84390/2009canlii84390.html,TSL-24739 (Re),2009 CanLII 84390 (ON LTB),en,TSL-24739,2009-11-05,superintendent s premises — tenancy — name removed — rental unit — employment,,2009onltb1000853,NA
onltb,2009canlii79085,https://canlii.ca/t/289qq,https://www.canlii.org/en/on/onltb/doc/2009/2009canlii79085/2009canlii79085.html,TST-02667 (Re),2009 CanLII 79085 (ON LTB),en,TST-02667,2009-11-05,last month s rent deposit — pay — retained — interest — amount,,2009onltb1000616,NA
onltb,2009canlii79062,https://canlii.ca/t/289pw,https://www.canlii.org/en/on/onltb/doc/2009/2009canlii79062/2009canlii79062.html,TNL-30071 (Re),2009 CanLII 79062 (ON LTB),en,TNL-30071,2009-11-05,rent — settlement mediated — tenancy — owing — evicting,,2009onltb1000593,NA
onltb,2009canlii79051,https://canlii.ca/t/289p1,https://www.canlii.org/en/on/onltb/doc/2009/2009canlii79051/2009canlii79051.html,TEL-27039-SA (Re),2009 CanLII 79051 (ON LTB),en,TEL-27039-SA,2009-11-05,mediated — evict — toll — aside — tenancy,,2009onltb1000582,NA
onltb,2009canlii79021,https://canlii.ca/t/289nk,https://www.canlii.org/en/on/onltb/doc/2009/2009canlii79021/2009canlii79021.html,SWT-01908-09 (Re),2009 CanLII 79021 (ON LTB),en,SWT-01908-09,2009-11-05,storage closet — door — leak — rental unit — drywall,,2009onltb1000552,NA
onltb,2009canlii78986,https://canlii.ca/t/289mb,https://www.canlii.org/en/on/onltb/doc/2009/2009canlii78986/2009canlii78986.html,SOL-22266 (Re),2009 CanLII 78986 (ON LTB),en,SOL-22266; SOT-02186,2009-11-05,eaves trough repairs — abatement — living room floor — rental unit — residential complex,,2009onltb1000517,NA
onltb,2009canlii79071,https://canlii.ca/t/289q6,https://www.canlii.org/en/on/onltb/doc/2009/2009canlii79071/2009canlii79071.html,TNT-01825 (Re),2009 CanLII 79071 (ON LTB),en,TNT-01825,2009-11-04,heating system — plastic sheeting — drafty windows — damage to the walls — rental unit,,2009onltb1000602,NA
onltb,2009canlii79065,https://canlii.ca/t/289pm,https://www.canlii.org/en/on/onltb/doc/2009/2009canlii79065/2009canlii79065.html,TNL-01178-09 (Re),2009 CanLII 79065 (ON LTB),en,TNL-01178-09,2009-11-04,evict — toll — charges — tenancy — owes,,2009onltb1000596,NA
onltb,2009canlii79061,https://canlii.ca/t/289pv,https://www.canlii.org/en/on/onltb/doc/2009/2009canlii79061/2009canlii79061.html,TNL-29773 (Re),2009 CanLII 79061 (ON LTB),en,TNL-29773,2009-11-04,eviction — tenancy — rent deposit — pay — owing,,2009onltb1000592,NA
onltb,2009canlii79054,https://canlii.ca/t/289pk,https://www.canlii.org/en/on/onltb/doc/2009/2009canlii79054/2009canlii79054.html,TEL-00923-09 (Re),2009 CanLII 79054 (ON LTB),en,TEL-00923-09; TET-02327,2009-11-04,rental unit — tenancy — abatement — eviction — water,,2009onltb1000585,NA
onltb,2009canlii79053,https://canlii.ca/t/289pj,https://www.canlii.org/en/on/onltb/doc/2009/2009canlii79053/2009canlii79053.html,TNL-00971-09 (Re),2009 CanLII 79053 (ON LTB),en,TNL-00971-09,2009-11-04,mortgagee in possession — landlord under the tenancy agreement — residential — deemed to be the landlord — rental,,2009onltb1000584,NA
onltb,2009canlii79049,https://canlii.ca/t/289pf,https://www.canlii.org/en/on/onltb/doc/2009/2009canlii79049/2009canlii79049.html,TET-02314 (Re),2009 CanLII 79049 (ON LTB),en,TET-02314,2009-11-04,rental unit — maintenance — bedbugs — rent — treatment,,2009onltb1000580,NA
onltb,2009canlii79043,https://canlii.ca/t/289p8,https://www.canlii.org/en/on/onltb/doc/2009/2009canlii79043/2009canlii79043.html,TET-00913-09 (Re),2009 CanLII 79043 (ON LTB),en,TET-00913-09,2009-11-04,last month s rent deposit — living — interest — last month s rental deposit — agreed,,2009onltb1000574,NA
onltb,2009canlii79038,https://canlii.ca/t/289p2,https://www.canlii.org/en/on/onltb/doc/2009/2009canlii79038/2009canlii79038.html,TEL-26968 (Re),2009 CanLII 79038 (ON LTB),en,TEL-26968,2009-11-04,dog — pet — fence — basset — dogs,,2009onltb1000569,NA
onltb,2009canlii79034,https://canlii.ca/t/289nx,https://www.canlii.org/en/on/onltb/doc/2009/2009canlii79034/2009canlii79034.html,TEL-01028-09 (Re),2009 CanLII 79034 (ON LTB),en,TEL-01028-09,2009-11-04,eviction — owing — must pay — continue the tenancy — unit,,2009onltb1000565,NA
onltb,2009canlii79004,https://canlii.ca/t/289mz,https://www.canlii.org/en/on/onltb/doc/2009/2009canlii79004/2009canlii79004.html,SWL-01901-09 (Re),2009 CanLII 79004 (ON LTB),en,SWL-01901-09,2009-11-04,tenancy — evicting — junk — toys — toll,,2009onltb1000535,NA
onltb,2009canlii78980,https://canlii.ca/t/289lp,https://www.canlii.org/en/on/onltb/doc/2009/2009canlii78980/2009canlii78980.html,NOT-00167-09 (Re),2009 CanLII 78980 (ON LTB),en,NOT-00167-09,2009-11-04,rental unit — possessions — flood — damaged — contaminated,,2009onltb1000511,NA
onltb,2009canlii78970,https://canlii.ca/t/289lv,https://www.canlii.org/en/on/onltb/doc/2009/2009canlii78970/2009canlii78970.html,SOL-00535-09 (Re),2009 CanLII 78970 (ON LTB),en,SOL-00535-09,2009-11-04,eviction — vacant possession of the unit — cheque — rent — ordered,,2009onltb1000501,NA
onltb,2009canlii78951,https://canlii.ca/t/289l6,https://www.canlii.org/en/on/onltb/doc/2009/2009canlii78951/2009canlii78951.html,NOL-00423-09 (Re),2009 CanLII 78951 (ON LTB),en,NOL-00423-09,2009-11-04,tenancy — eviction — unit — vacate — issued,,2009onltb1000482,NA
onltb,2009canlii78948,https://canlii.ca/t/289l2,https://www.canlii.org/en/on/onltb/doc/2009/2009canlii78948/2009canlii78948.html,EAT-01968 (Re),2009 CanLII 78948 (ON LTB),en,EAT-01968,2009-11-04,rental unit — lack of heat — amount — abatement — pay,,2009onltb1000479,NA
onltb,2009canlii78923,https://canlii.ca/t/289k8,https://www.canlii.org/en/on/onltb/doc/2009/2009canlii78923/2009canlii78923.html,CET-02396 (Re),2009 CanLII 78923 (ON LTB),en,CET-02396,2009-11-04,rental unit — cockroaches — abatement — roach powder — steam,,2009onltb1000454,NA
onltb,2009canlii79090,https://canlii.ca/t/289qt,https://www.canlii.org/en/on/onltb/doc/2009/2009canlii79090/2009canlii79090.html,TST-02678 (Re),2009 CanLII 79090 (ON LTB),en,TST-02678,2009-11-03,rental unit — rent — crediting — residential complex — guarding,,2009onltb1000621,NA
onltb,2009canlii79058,https://canlii.ca/t/289pr,https://www.canlii.org/en/on/onltb/doc/2009/2009canlii79058/2009canlii79058.html,TNL-01059-09 (Re),2009 CanLII 79058 (ON LTB),en,TNL-01059-09,2009-11-03,rental unit — tenancy — eviction — rent deposit — owing,,2009onltb1000589,NA
onltb,2009canlii79040,https://canlii.ca/t/289p4,https://www.canlii.org/en/on/onltb/doc/2009/2009canlii79040/2009canlii79040.html,TEL-26995 (Re),2009 CanLII 79040 (ON LTB),en,TEL-26995,2009-11-03,eviction — tenancy — rent deposit — unit — owing,,2009onltb1000571,NA
onltb,2009canlii79028,https://canlii.ca/t/289ns,https://www.canlii.org/en/on/onltb/doc/2009/2009canlii79028/2009canlii79028.html,TEL-00588-09 (Re),2009 CanLII 79028 (ON LTB),en,TEL-00588-09,2009-11-03,mold — rent — mail — rental unit — collects,,2009onltb1000559,NA
onltb,2009canlii79009,https://canlii.ca/t/289n3,https://www.canlii.org/en/on/onltb/doc/2009/2009canlii79009/2009canlii79009.html,SWL-01652-09 (Re),2009 CanLII 79009 (ON LTB),en,SWL-01652-09,2009-11-03,tenancy — rent — eviction — rental unit — bathroom,,2009onltb1000540,NA
onltb,2009canlii79003,https://canlii.ca/t/289mx,https://www.canlii.org/en/on/onltb/doc/2009/2009canlii79003/2009canlii79003.html,SWL-01384-09-SA (Re),2009 CanLII 79003 (ON LTB),en,SWL-01384-09-SA,2009-11-03,tenancy — eviction — mediated settlement — owes — unit,,2009onltb1000534,NA
onltb,2009canlii78995,https://canlii.ca/t/289mn,https://www.canlii.org/en/on/onltb/doc/2009/2009canlii78995/2009canlii78995.html,SOT-02329 (Re),2009 CanLII 78995 (ON LTB),en,SOT-02329,2009-11-03,house — belongings were damaged — moved — bad faith — basement,,2009onltb1000526,NA
onltb,2009canlii78972,https://canlii.ca/t/289lw,https://www.canlii.org/en/on/onltb/doc/2009/2009canlii78972/2009canlii78972.html,SOL-00677-09 (Re),2009 CanLII 78972 (ON LTB),en,SOL-00677-09,2009-11-03,rent — terminate the tenancy — male — pay — unit,,2009onltb1000503,NA
onltb,2009canlii78941,https://canlii.ca/t/289kw,https://www.canlii.org/en/on/onltb/doc/2009/2009canlii78941/2009canlii78941.html,EAT-01752-RV (Re),2009 CanLII 78941 (ON LTB),en,EAT-01752-RV,2009-11-03,serious error — interfered with the reasonable — supply — rescheduled — toll,,2009onltb1000472,NA
onltb,2009canlii78918,https://canlii.ca/t/289k3,https://www.canlii.org/en/on/onltb/doc/2009/2009canlii78918/2009canlii78918.html,SOL-25264 (Re),2009 CanLII 78918 (ON LTB),en,SOL-25264; CET-00371-09; CET-00582-09,2009-11-03,occupant of the rental unit — permitted in the residential complex — interfered with the reasonable — rent — tenancy,,2009onltb1000449,NA
onltb,2009canlii78914,https://canlii.ca/t/289jw,https://www.canlii.org/en/on/onltb/doc/2009/2009canlii78914/2009canlii78914.html,CEL-21759 (Re),2009 CanLII 78914 (ON LTB),en,CEL-21759,2009-11-03,rent deposit — owing — eviction — pay — charges,,2009onltb1000445,NA
onltb,2009canlii79070,https://canlii.ca/t/289q7,https://www.canlii.org/en/on/onltb/doc/2009/2009canlii79070/2009canlii79070.html,TSL-23111-RV (Re),2009 CanLII 79070 (ON LTB),en,TSL-23111-RV,2009-11-02,rent — owing — pay — evict — cancelled,,2009onltb1000601,NA
onltb,2009canlii79029,https://canlii.ca/t/289nr,https://www.canlii.org/en/on/onltb/doc/2009/2009canlii79029/2009canlii79029.html,TEL-00506-09 (Re),2009 CanLII 79029 (ON LTB),en,TEL-00506-09,2009-11-02,rent deposit — owing — litter — pay — unit,,2009onltb1000560,NA
onltb,2009canlii79019,https://canlii.ca/t/289ng,https://www.canlii.org/en/on/onltb/doc/2009/2009canlii79019/2009canlii79019.html,SWT-01950-09 (Re),2009 CanLII 79019 (ON LTB),en,SWT-01950-09,2009-11-02,application — preparation — rental unit — mediated settlement — heat,,2009onltb1000550,NA
onltb,2009canlii78997,https://canlii.ca/t/289mr,https://www.canlii.org/en/on/onltb/doc/2009/2009canlii78997/2009canlii78997.html,SWL-00881-09-RV (Re),2009 CanLII 78997 (ON LTB),en,SWL-00881-09-RV,2009-11-02,rent — tenancy — arrears — issued — eviction,,2009onltb1000528,NA
onltb,2009canlii78961,https://canlii.ca/t/289lj,https://www.canlii.org/en/on/onltb/doc/2009/2009canlii78961/2009canlii78961.html,NOL-08174 (Re),2009 CanLII 78961 (ON LTB),en,NOL-08174,2009-11-02,towards the rent arrears — lawful monthly rent — full amount of the lawful — pay to the the full — owe,,2009onltb1000492,NA
onltb,2009canlii78960,https://canlii.ca/t/289lh,https://www.canlii.org/en/on/onltb/doc/2009/2009canlii78960/2009canlii78960.html,NOL-08168 (Re),2009 CanLII 78960 (ON LTB),en,NOL-08168,2009-11-02,rental unit — tenancy — eviction — pay — rent,,2009onltb1000491,NA
onltb,2009canlii78958,https://canlii.ca/t/289lf,https://www.canlii.org/en/on/onltb/doc/2009/2009canlii78958/2009canlii78958.html,NOL-08166 (Re),2009 CanLII 78958 (ON LTB),en,NOL-08166,2009-11-02,rental unit — heat — eviction — supply of gas — heaters,,2009onltb1000489,NA
onltb,2009canlii78936,https://canlii.ca/t/289kp,https://www.canlii.org/en/on/onltb/doc/2009/2009canlii78936/2009canlii78936.html,EAL-17568 (Re),2009 CanLII 78936 (ON LTB),en,EAL-17568,2009-11-02,elevator — occupant of the rental unit — doors — floor — damage,,2009onltb1000467,NA
onltb,2009canlii78934,https://canlii.ca/t/289kl,https://www.canlii.org/en/on/onltb/doc/2009/2009canlii78934/2009canlii78934.html,EAL-02388-09-AM (Re),2009 CanLII 78934 (ON LTB),en,EAL-02388-09-AM,2009-11-02,continue the tenancy — must pay — eviction — amount owing — rent,,2009onltb1000465,NA
onltb,2009canlii92624,https://canlii.ca/t/gl7qb,https://www.canlii.org/en/on/onltb/doc/2009/2009canlii92624/2009canlii92624.html,TNL-10807 (Re),2009 CanLII 92624 (ON LTB),en,TNL-10807,2009-10-30,name removed — rental unit — eviction — tenants — undercover,,2009onltb1000869,NA
onltb,2009canlii84384,https://canlii.ca/t/2bh3c,https://www.canlii.org/en/on/onltb/doc/2009/2009canlii84384/2009canlii84384.html,TNL-10807 (Re),2009 CanLII 84384 (ON LTB),en,TNL-10807,2009-10-30,name removed — rental unit — eviction — tenants — undercover,,2009onltb1000847,NA
onltb,2009canlii78574,https://canlii.ca/t/285zw,https://www.canlii.org/en/on/onltb/doc/2009/2009canlii78574/2009canlii78574.html,TSL-27132 (Re),2009 CanLII 78574 (ON LTB),en,TSL-27132,2009-10-30,residential complex — illegal — occupant of the rental unit — eviction — tenants,,2009onltb1000424,NA
onltb,2009canlii78503,https://canlii.ca/t/285wj,https://www.canlii.org/en/on/onltb/doc/2009/2009canlii78503/2009canlii78503.html,SWL-13499 (Re),2009 CanLII 78503 (ON LTB),en,SWL-13499,2009-10-30,owing — evicting — arrears of rent — application — ending,,2009onltb1000353,NA
onltb,2009canlii78499,https://canlii.ca/t/285wd,https://www.canlii.org/en/on/onltb/doc/2009/2009canlii78499/2009canlii78499.html,SWL-02326-09 (Re),2009 CanLII 78499 (ON LTB),en,SWL-02326-09,2009-10-30,non-functional ceiling fan — possession of the rental unit — rent — eviction — tenancy,,2009onltb1000349,NA
onltb,2009canlii78492,https://canlii.ca/t/285w5,https://www.canlii.org/en/on/onltb/doc/2009/2009canlii78492/2009canlii78492.html,SWL-01345-09 (Re),2009 CanLII 78492 (ON LTB),en,SWL-01345-09,2009-10-30,eviction — rental unit — rent — terminate the tenancy — non-voidable,,2009onltb1000342,NA
onltb,2009canlii78487,https://canlii.ca/t/285w0,https://www.canlii.org/en/on/onltb/doc/2009/2009canlii78487/2009canlii78487.html,SWL-01046-09-RV (Re),2009 CanLII 78487 (ON LTB),en,SWL-01046-09-RV,2009-10-30,evict — toll — request to review — owe — unchanged,,2009onltb1000337,NA
onltb,2009canlii78453,https://canlii.ca/t/285tv,https://www.canlii.org/en/on/onltb/doc/2009/2009canlii78453/2009canlii78453.html,NOT-00334-09 (Re),2009 CanLII 78453 (ON LTB),en,NOT-00334-09,2009-10-30,last month s rent deposit — amount — collected — interest — pay,,2009onltb1000303,NA
onltb,2009canlii78442,https://canlii.ca/t/285th,https://www.canlii.org/en/on/onltb/doc/2009/2009canlii78442/2009canlii78442.html,NOL-07840-RV (Re),2009 CanLII 78442 (ON LTB),en,NOL-07840-RV,2009-10-30,withdraw — evict — toll — application — eastern,,2009onltb1000292,NA
onltb,2009canlii78436,https://canlii.ca/t/285t9,https://www.canlii.org/en/on/onltb/doc/2009/2009canlii78436/2009canlii78436.html,EAT-01860-09 (Re),2009 CanLII 78436 (ON LTB),en,EAT-01860-09,2009-10-30,rental unit — interfered with her reasonable enjoyment — illegally — complex — evict,,2009onltb1000286,NA
onltb,2009canlii78431,https://canlii.ca/t/285t4,https://www.canlii.org/en/on/onltb/doc/2009/2009canlii78431/2009canlii78431.html,EAT-01688-09 (Re),2009 CanLII 78431 (ON LTB),en,EAT-01688-09,2009-10-30,flood — electrical outlet — tank again stopped heating water — repaired — problem,,2009onltb1000281,NA
onltb,2009canlii78385,https://canlii.ca/t/285rl,https://www.canlii.org/en/on/onltb/doc/2009/2009canlii78385/2009canlii78385.html,CEL-00313-09 (Re),2009 CanLII 78385 (ON LTB),en,CEL-00313-09,2009-10-30,evict — rent — unit — terminate the tenancy — pay,,2009onltb1000235,NA
onltb,2009canlii78563,https://canlii.ca/t/285zj,https://www.canlii.org/en/on/onltb/doc/2009/2009canlii78563/2009canlii78563.html,TNT-02001 (Re),2009 CanLII 78563 (ON LTB),en,TNT-02001,2009-10-29,rental unit — mold — bathroom — household goods — rent,,2009onltb1000413,NA
onltb,2009canlii78554,https://canlii.ca/t/285z7,https://www.canlii.org/en/on/onltb/doc/2009/2009canlii78554/2009canlii78554.html,TNT-01112-09 (Re),2009 CanLII 78554 (ON LTB),en,TNT-01112-09,2009-10-29,parking space — tenancy — assigned — superintendent — application,,2009onltb1000404,NA
onltb,2009canlii78506,https://canlii.ca/t/285wm,https://www.canlii.org/en/on/onltb/doc/2009/2009canlii78506/2009canlii78506.html,SWL-29173-SA (Re),2009 CanLII 78506 (ON LTB),en,SWL-29173-SA,2009-10-29,mediated settlement — evict — aside — payment — motion,,2009onltb1000356,NA
onltb,2009canlii78501,https://canlii.ca/t/285wg,https://www.canlii.org/en/on/onltb/doc/2009/2009canlii78501/2009canlii78501.html,SWL-02273-09 (Re),2009 CanLII 78501 (ON LTB),en,SWL-02273-09,2009-10-29,eviction — rental unit — terminate the tenancy — application — non-voidable,,2009onltb1000351,NA
onltb,2009canlii78467,https://canlii.ca/t/285vb,https://www.canlii.org/en/on/onltb/doc/2009/2009canlii78467/2009canlii78467.html,SOL-00648-09 (Re),2009 CanLII 78467 (ON LTB),en,SOL-00648-09,2009-10-29,persistently — tenancy — pay the rent — deposit — unit,,2009onltb1000317,NA
onltb,2009canlii78420,https://canlii.ca/t/285sr,https://www.canlii.org/en/on/onltb/doc/2009/2009canlii78420/2009canlii78420.html,EAL-01404-09 (Re),2009 CanLII 78420 (ON LTB),en,EAL-01404-09,2009-10-29,illegal drug — trafficking — withdraw — rental — evict,,2009onltb1000270,NA
onltb,2009canlii78520,https://canlii.ca/t/285x3,https://www.canlii.org/en/on/onltb/doc/2009/2009canlii78520/2009canlii78520.html,TEL-25830-RV (Re),2009 CanLII 78520 (ON LTB),en,TEL-25830-RV,2009-10-28,evict — enforce — toll — review — unchanged,,2009onltb1000370,NA
onltb,2009canlii78485,https://canlii.ca/t/285vx,https://www.canlii.org/en/on/onltb/doc/2009/2009canlii78485/2009canlii78485.html,SOT-02439 (Re),2009 CanLII 78485 (ON LTB),en,SOT-02439,2009-10-28,bed bug infestation — bed bugs — unit — representative — residential complex,,2009onltb1000335,NA
onltb,2009canlii78558,https://canlii.ca/t/285zc,https://www.canlii.org/en/on/onltb/doc/2009/2009canlii78558/2009canlii78558.html,TNT-01997 (Re),2009 CanLII 78558 (ON LTB),en,TNT-01997,2009-10-27,abatement — renovations — enjoyment of the rental unit — rent — interfered with the reasonable enjoyment,,2009onltb1000408,NA
onltb,2009canlii78557,https://canlii.ca/t/285zb,https://www.canlii.org/en/on/onltb/doc/2009/2009canlii78557/2009canlii78557.html,TNT-01890 (Re),2009 CanLII 78557 (ON LTB),en,TNT-01890,2009-10-27,rent — inspection — tenancy agreement — apartment — unit,,2009onltb1000407,NA
onltb,2009canlii78533,https://canlii.ca/t/285xj,https://www.canlii.org/en/on/onltb/doc/2009/2009canlii78533/2009canlii78533.html,TEL-26805 (Re),2009 CanLII 78533 (ON LTB),en,TEL-26805,2009-10-27,rent deposit — screws — rental unit — front door — abatement,,2009onltb1000383,NA
onltb,2009canlii78483,https://canlii.ca/t/285vv,https://www.canlii.org/en/on/onltb/doc/2009/2009canlii78483/2009canlii78483.html,SOT-00691-09 (Re),2009 CanLII 78483 (ON LTB),en,SOT-00691-09,2009-10-27,cockroaches — flood — repair — unit — prioritizing,,2009onltb1000333,NA
onltb,2009canlii78480,https://canlii.ca/t/285vr,https://www.canlii.org/en/on/onltb/doc/2009/2009canlii78480/2009canlii78480.html,SOL-24864 (Re),2009 CanLII 78480 (ON LTB),en,SOL-24864,2009-10-27,eviction — must pay — continue the tenancy — owing — amount,,2009onltb1000330,NA
onltb,2009canlii78473,https://canlii.ca/t/285vj,https://www.canlii.org/en/on/onltb/doc/2009/2009canlii78473/2009canlii78473.html,SOL-00754-09 (Re),2009 CanLII 78473 (ON LTB),en,SOL-00754-09,2009-10-27,occupant of the rental unit — permitted in the residential complex — evict — premises — toll,,2009onltb1000323,NA
onltb,2009canlii78443,https://canlii.ca/t/285tj,https://www.canlii.org/en/on/onltb/doc/2009/2009canlii78443/2009canlii78443.html,NOL-07941 (Re),2009 CanLII 78443 (ON LTB),en,NOL-07941; L-08131,2009-10-27,rent — terminate the tenancy — cheque — evict — arrears,,2009onltb1000293,NA
onltb,2009canlii78434,https://canlii.ca/t/285t7,https://www.canlii.org/en/on/onltb/doc/2009/2009canlii78434/2009canlii78434.html,EAT-02008-RV (Re),2009 CanLII 78434 (ON LTB),en,EAT-02008-RV,2009-10-27,rental unit — rent — issued — expenses — roof of the house,,2009onltb1000284,NA
onltb,2009canlii78421,https://canlii.ca/t/285ss,https://www.canlii.org/en/on/onltb/doc/2009/2009canlii78421/2009canlii78421.html,EAL-01691-09-SA (Re),2009 CanLII 78421 (ON LTB),en,EAL-01691-09-SA,2009-10-27,terminate the tenancy — motion to set aside — evict — toll — representative,,2009onltb1000271,NA
onltb,2009canlii78389,https://canlii.ca/t/285rq,https://www.canlii.org/en/on/onltb/doc/2009/2009canlii78389/2009canlii78389.html,CEL-20557-IN-RV-IN (Re),2009 CanLII 78389 (ON LTB),en,CEL-20557-IN-RV-IN,2009-10-27,serious error — adjournment — application — anew — peremptory,,2009onltb1000239,NA
onltb,2009canlii84380,https://canlii.ca/t/2bh1x,https://www.canlii.org/en/on/onltb/doc/2009/2009canlii84380/2009canlii84380.html,TEL-00736-09 (Re),2009 CanLII 84380 (ON LTB),en,TEL-00736-09; TET-01161-09,2009-10-26,hydro electricity — tenancy — rent deposit — unit — name removed,,2009onltb1000843,NA
onltb,2009canlii79026,https://canlii.ca/t/289nq,https://www.canlii.org/en/on/onltb/doc/2009/2009canlii79026/2009canlii79026.html,TEL-00676-09 (Re),2009 CanLII 79026 (ON LTB),en,TEL-00676-09,2009-10-26,agreement to terminate the tenancy — pay — rental — evict — rent,,2009onltb1000557,NA
onltb,2009canlii78532,https://canlii.ca/t/285xh,https://www.canlii.org/en/on/onltb/doc/2009/2009canlii78532/2009canlii78532.html,TEL-26932 (Re),2009 CanLII 78532 (ON LTB),en,TEL-26932,2009-10-26,evict — terminate the tenancy — lawful rent — owing — pay,,2009onltb1000382,NA
onltb,2009canlii78479,https://canlii.ca/t/285vq,https://www.canlii.org/en/on/onltb/doc/2009/2009canlii78479/2009canlii78479.html,SOL-25091-RV (Re),2009 CanLII 78479 (ON LTB),en,SOL-25091-RV,2009-10-26,tenancy — rent — exercised her discretion to delay — late — applications,,2009onltb1000329,NA
onltb,2009canlii78470,https://canlii.ca/t/285vf,https://www.canlii.org/en/on/onltb/doc/2009/2009canlii78470/2009canlii78470.html,SOL-00654-09-SA (Re),2009 CanLII 78470 (ON LTB),en,SOL-00654-09-SA,2009-10-26,mediated — arrears of rent — owing — eviction — settlement,,2009onltb1000320,NA
onltb,2009canlii78402,https://canlii.ca/t/285s5,https://www.canlii.org/en/on/onltb/doc/2009/2009canlii78402/2009canlii78402.html,CET-02247 (Re),2009 CanLII 78402 (ON LTB),en,CET-02247,2009-10-26,notice — enjoyment of the rental unit — interfered — harassed — meritless,,2009onltb1000252,NA
onltb,2009canlii78390,https://canlii.ca/t/285rr,https://www.canlii.org/en/on/onltb/doc/2009/2009canlii78390/2009canlii78390.html,CEL-00323-09 (Re),2009 CanLII 78390 (ON LTB),en,CEL-00323-09,2009-10-26,tenancy — must pay — eviction — rent — owing,,2009onltb1000240,NA
onltb,2009canlii78388,https://canlii.ca/t/285rp,https://www.canlii.org/en/on/onltb/doc/2009/2009canlii78388/2009canlii78388.html,CEL-00320-09 (Re),2009 CanLII 78388 (ON LTB),en,CEL-00320-09,2009-10-26,tenancy — must pay — eviction — rent — owing,,2009onltb1000238,NA
onltb,2009canlii78578,https://canlii.ca/t/28602,https://www.canlii.org/en/on/onltb/doc/2009/2009canlii78578/2009canlii78578.html,TST-02581 (Re),2009 CanLII 78578 (ON LTB),en,TST-02581,2009-10-23,rental unit — last month rent deposit — collected — amount — refused,,2009onltb1000428,NA
onltb,2009canlii78572,https://canlii.ca/t/285zt,https://www.canlii.org/en/on/onltb/doc/2009/2009canlii78572/2009canlii78572.html,TSL-27631 (Re),2009 CanLII 78572 (ON LTB),en,TSL-27631,2009-10-23,rectory — rental unit — landlord — binding caselaw — occupy,,2009onltb1000422,NA
onltb,2009canlii78544,https://canlii.ca/t/285xw,https://www.canlii.org/en/on/onltb/doc/2009/2009canlii78544/2009canlii78544.html,TNL-00807-09 (Re),2009 CanLII 78544 (ON LTB),en,TNL-00807-09,2009-10-23,tenancy — rent deposit — pay — eviction — owing,,2009onltb1000394,NA
onltb,2009canlii78534,https://canlii.ca/t/285xk,https://www.canlii.org/en/on/onltb/doc/2009/2009canlii78534/2009canlii78534.html,TET-02111-RV (Re),2009 CanLII 78534 (ON LTB),en,TET-02111-RV,2009-10-23,enjoyment of the rental unit — contains a serious error — harassment — pocket expenses — subheadings,,2009onltb1000384,NA
onltb,2009canlii78511,https://canlii.ca/t/285ws,https://www.canlii.org/en/on/onltb/doc/2009/2009canlii78511/2009canlii78511.html,SWT-01521-09 (Re),2009 CanLII 78511 (ON LTB),en,SWT-01521-09,2009-10-23,rental unit — mould — window — leak — bathroom,,2009onltb1000361,NA
onltb,2009canlii78495,https://canlii.ca/t/285w8,https://www.canlii.org/en/on/onltb/doc/2009/2009canlii78495/2009canlii78495.html,SWL-01388-09-SA (Re),2009 CanLII 78495 (ON LTB),en,SWL-01388-09-SA; SWL-28096,2009-10-23,mediated settlement — rent — payments — set aside — charges,,2009onltb1000345,NA
onltb,2009canlii78465,https://canlii.ca/t/285v8,https://www.canlii.org/en/on/onltb/doc/2009/2009canlii78465/2009canlii78465.html,SOL-00465-09 (Re),2009 CanLII 78465 (ON LTB),en,SOL-00465-09,2009-10-23,arrears — tenancy — evicting — full — rent,,2009onltb1000315,NA
onltb,2009canlii78456,https://canlii.ca/t/285tz,https://www.canlii.org/en/on/onltb/doc/2009/2009canlii78456/2009canlii78456.html,NOT-01196-RV (Re),2009 CanLII 78456 (ON LTB),en,NOT-01196-RV,2009-10-23,losses — lease — rental — tenancy agreement — unit,,2009onltb1000306,NA
onltb,2009canlii78426,https://canlii.ca/t/285sz,https://www.canlii.org/en/on/onltb/doc/2009/2009canlii78426/2009canlii78426.html,EAL-01845-09-SA (Re),2009 CanLII 78426 (ON LTB),en,EAL-01845-09-SA,2009-10-23,eviction — rental unit — agreement to terminate the tenancy — signed an agreement to terminate — toll,,2009onltb1000276,NA
onltb,2009canlii78424,https://canlii.ca/t/285sw,https://www.canlii.org/en/on/onltb/doc/2009/2009canlii78424/2009canlii78424.html,EAL-17659-RV (Re),2009 CanLII 78424 (ON LTB),en,EAL-17659-RV,2009-10-23,recording — request — obvious key piece of evidence — error — adjournment,,2009onltb1000274,NA
onltb,2009canlii78569,https://canlii.ca/t/285zq,https://www.canlii.org/en/on/onltb/doc/2009/2009canlii78569/2009canlii78569.html,TSL-26508 (Re),2009 CanLII 78569 (ON LTB),en,TSL-26508,2009-10-22,rent — pay — owe — accrued — amount,,2009onltb1000419,NA
onltb,2009canlii78566,https://canlii.ca/t/285zm,https://www.canlii.org/en/on/onltb/doc/2009/2009canlii78566/2009canlii78566.html,TSL-24271 (Re),2009 CanLII 78566 (ON LTB),en,TSL-24271; TST-02606,2009-10-22,rent deposit — eviction — must pay — continue the tenancy — owing,,2009onltb1000416,NA
onltb,2009canlii78482,https://canlii.ca/t/285vt,https://www.canlii.org/en/on/onltb/doc/2009/2009canlii78482/2009canlii78482.html,SOT-00680-09 (Re),2009 CanLII 78482 (ON LTB),en,SOT-00680-09,2009-10-22,rent deposit — collected — full amount owing — pay — outstanding,,2009onltb1000332,NA
onltb,2009canlii78396,https://canlii.ca/t/285rz,https://www.canlii.org/en/on/onltb/doc/2009/2009canlii78396/2009canlii78396.html,CEL-21608 (Re),2009 CanLII 78396 (ON LTB),en,CEL-21608,2009-10-22,rental unit — damage — evict — residential complex — fails,,2009onltb1000246,NA
onltb,2009canlii78395,https://canlii.ca/t/285rx,https://www.canlii.org/en/on/onltb/doc/2009/2009canlii78395/2009canlii78395.html,CEL-21495 (Re),2009 CanLII 78395 (ON LTB),en,CEL-21495,2009-10-22,roamed — enjoyment — puppy — substantially — courtyard,,2009onltb1000245,NA
onltb,2009canlii78555,https://canlii.ca/t/285z8,https://www.canlii.org/en/on/onltb/doc/2009/2009canlii78555/2009canlii78555.html,TNL-29982 (Re),2009 CanLII 78555 (ON LTB),en,TNL-29982,2009-10-21,rent — arrears — application filing fee — payment — eviction,,2009onltb1000405,NA
onltb,2009canlii78546,https://canlii.ca/t/285xz,https://www.canlii.org/en/on/onltb/doc/2009/2009canlii78546/2009canlii78546.html,TNL-28843 (Re),2009 CanLII 78546 (ON LTB),en,TNL-28843,2009-10-21,persistently late in paying — late in paying his rent — ledger — relief from eviction — charged,,2009onltb1000396,NA
onltb,2009canlii78538,https://canlii.ca/t/285xp,https://www.canlii.org/en/on/onltb/doc/2009/2009canlii78538/2009canlii78538.html,TET-02325 (Re),2009 CanLII 78538 (ON LTB),en,TET-02325,2009-10-21,basement — renovations — unit — photographs — notice of termination,,2009onltb1000388,NA
onltb,2009canlii78530,https://canlii.ca/t/285xf,https://www.canlii.org/en/on/onltb/doc/2009/2009canlii78530/2009canlii78530.html,TEL-26898 (Re),2009 CanLII 78530 (ON LTB),en,TEL-26898,2009-10-21,mediated — tenancy — settlement — evict — application,,2009onltb1000380,NA
onltb,2009canlii78509,https://canlii.ca/t/285wq,https://www.canlii.org/en/on/onltb/doc/2009/2009canlii78509/2009canlii78509.html,SWT-00802-09 (Re),2009 CanLII 78509 (ON LTB),en,SWT-00802-09,2009-10-21,withdraw — application — coerced — obstructed — toll,,2009onltb1000359,NA
onltb,2009canlii78452,https://canlii.ca/t/285tt,https://www.canlii.org/en/on/onltb/doc/2009/2009canlii78452/2009canlii78452.html,NOL-08116 (Re),2009 CanLII 78452 (ON LTB),en,NOL-08116,2009-10-21,eviction — persistently — unit — tenancy be terminated — rental,,2009onltb1000302,NA
onltb,2009canlii78448,https://canlii.ca/t/285tp,https://www.canlii.org/en/on/onltb/doc/2009/2009canlii78448/2009canlii78448.html,NOL-08060-SA (Re),2009 CanLII 78448 (ON LTB),en,NOL-08060-SA,2009-10-21,tenancy — towards — eviction — last month rent deposit — pay,,2009onltb1000298,NA
onltb,2009canlii78404,https://canlii.ca/t/285s7,https://www.canlii.org/en/on/onltb/doc/2009/2009canlii78404/2009canlii78404.html,CET-02287 (Re),2009 CanLII 78404 (ON LTB),en,CET-02287,2009-10-21,repairs — rent — unit — abatement — townhouse,,2009onltb1000254,NA
onltb,2009canlii78394,https://canlii.ca/t/285rw,https://www.canlii.org/en/on/onltb/doc/2009/2009canlii78394/2009canlii78394.html,CEL-21376-SA (Re),2009 CanLII 78394 (ON LTB),en,CEL-21376-SA,2009-10-21,rent deposit — tenancy — owing — eviction — unit,,2009onltb1000244,NA
onltb,2009canlii92623,https://canlii.ca/t/gl7qc,https://www.canlii.org/en/on/onltb/doc/2009/2009canlii92623/2009canlii92623.html,TNL-28617 (Re),2009 CanLII 92623 (ON LTB),en,TNL-28617,2009-10-20,satellite dish — balcony — pail — name removed — erected,,2009onltb1000868,NA
onltb,2009canlii84385,https://canlii.ca/t/2bh3d,https://www.canlii.org/en/on/onltb/doc/2009/2009canlii84385/2009canlii84385.html,TNL-28617 (Re),2009 CanLII 84385 (ON LTB),en,TNL-28617,2009-10-20,satellite dish — balcony — pail — name removed — erected,,2009onltb1000848,NA
onltb,2009canlii78531,https://canlii.ca/t/285xg,https://www.canlii.org/en/on/onltb/doc/2009/2009canlii78531/2009canlii78531.html,TEL-26934 (Re),2009 CanLII 78531 (ON LTB),en,TEL-26934,2009-10-20,arrears — rent — tenancy — owing — evicting,,2009onltb1000381,NA
onltb,2009canlii78528,https://canlii.ca/t/285xc,https://www.canlii.org/en/on/onltb/doc/2009/2009canlii78528/2009canlii78528.html,TEL-26834-SA (Re),2009 CanLII 78528 (ON LTB),en,TEL-26834-SA,2009-10-20,mediated — motion to set aside — evict — toll — settlement,,2009onltb1000378,NA
onltb,2009canlii78522,https://canlii.ca/t/285x5,https://www.canlii.org/en/on/onltb/doc/2009/2009canlii78522/2009canlii78522.html,TEL-26453 (Re),2009 CanLII 78522 (ON LTB),en,TEL-26453,2009-10-20,eviction — parking — tenancy — rent — pay,,2009onltb1000372,NA
onltb,2009canlii78477,https://canlii.ca/t/285vn,https://www.canlii.org/en/on/onltb/doc/2009/2009canlii78477/2009canlii78477.html,SOL-24979 (Re),2009 CanLII 78477 (ON LTB),en,SOL-24979; SOT-02424,2009-10-20,evict — rental unit — vacate — terminate the tenancy — settles,,2009onltb1000327,NA
onltb,2009canlii78471,https://canlii.ca/t/285vg,https://www.canlii.org/en/on/onltb/doc/2009/2009canlii78471/2009canlii78471.html,SOL-00787-09 (Re),2009 CanLII 78471 (ON LTB),en,SOL-00787-09,2009-10-20,eviction — unit — tenancy — rental — rent,,2009onltb1000321,NA
onltb,2009canlii78406,https://canlii.ca/t/285s9,https://www.canlii.org/en/on/onltb/doc/2009/2009canlii78406/2009canlii78406.html,EAL-00867-09 (Re),2009 CanLII 78406 (ON LTB),en,EAL-00867-09,2009-10-20,tenancy — owes — evict — toll — issued,,2009onltb1000256,NA
onltb,2009canlii78576,https://canlii.ca/t/28600,https://www.canlii.org/en/on/onltb/doc/2009/2009canlii78576/2009canlii78576.html,TST-02862 (Re),2009 CanLII 78576 (ON LTB),en,TST-02862,2009-10-19,rental — unit — owe — tenancy — interfered with the reasonable,,2009onltb1000426,NA
onltb,2009canlii78570,https://canlii.ca/t/285zr,https://www.canlii.org/en/on/onltb/doc/2009/2009canlii78570/2009canlii78570.html,TSL-27095 (Re),2009 CanLII 78570 (ON LTB),en,TSL-27095,2009-10-19,eviction — rental unit — tenancy — interest — toll,,2009onltb1000420,NA
onltb,2009canlii78543,https://canlii.ca/t/285xv,https://www.canlii.org/en/on/onltb/doc/2009/2009canlii78543/2009canlii78543.html,TNL-00707-09 (Re),2009 CanLII 78543 (ON LTB),en,TNL-00707-09,2009-10-19,eviction — tenancy — rent deposit — owing — pay,,2009onltb1000393,NA
onltb,2009canlii78500,https://canlii.ca/t/285wf,https://www.canlii.org/en/on/onltb/doc/2009/2009canlii78500/2009canlii78500.html,SWL-01974-09 (Re),2009 CanLII 78500 (ON LTB),en,SWL-01974-09,2009-10-19,tenancy — eviction — rent deposit — pay — owing,,2009onltb1000350,NA
onltb,2009canlii78474,https://canlii.ca/t/285vk,https://www.canlii.org/en/on/onltb/doc/2009/2009canlii78474/2009canlii78474.html,SOL-24361-RV (Re),2009 CanLII 78474 (ON LTB),en,SOL-24361-RV,2009-10-19,toll — unchanged — lifted — issued — enforce,,2009onltb1000324,NA
onltb,2009canlii78468,https://canlii.ca/t/285vc,https://www.canlii.org/en/on/onltb/doc/2009/2009canlii78468/2009canlii78468.html,SOL-00667-09 (Re),2009 CanLII 78468 (ON LTB),en,SOL-00667-09,2009-10-19,vacant possession of the unit — tenancy — rental — evict — residential,,2009onltb1000318,NA
onltb,2009canlii78393,https://canlii.ca/t/285rv,https://www.canlii.org/en/on/onltb/doc/2009/2009canlii78393/2009canlii78393.html,CEL-21448 (Re),2009 CanLII 78393 (ON LTB),en,CEL-21448,2009-10-19,pay — rent — owe — owing — toll,,2009onltb1000243,NA
onltb,2009canlii78391,https://canlii.ca/t/285rs,https://www.canlii.org/en/on/onltb/doc/2009/2009canlii78391/2009canlii78391.html,CEL-20939-RV (Re),2009 CanLII 78391 (ON LTB),en,CEL-20939-RV,2009-10-19,eviction — tenancy — rent deposit — rental unit — pay,,2009onltb1000241,NA
onltb,2009canlii78383,https://canlii.ca/t/285rj,https://www.canlii.org/en/on/onltb/doc/2009/2009canlii78383/2009canlii78383.html,CEL-00189-09 (Re),2009 CanLII 78383 (ON LTB),en,CEL-00189-09,2009-10-19,tenancy — eviction — rent deposit — pay — owing,,2009onltb1000233,NA
onltb,2009canlii78560,https://canlii.ca/t/285zf,https://www.canlii.org/en/on/onltb/doc/2009/2009canlii78560/2009canlii78560.html,TNL-29371 (Re),2009 CanLII 78560 (ON LTB),en,TNL-29371; TNT-01998,2009-10-16,eviction — tenancy — rental — rent — key,,2009onltb1000410,NA
onltb,2009canlii78553,https://canlii.ca/t/285z6,https://www.canlii.org/en/on/onltb/doc/2009/2009canlii78553/2009canlii78553.html,TNL-29920 (Re),2009 CanLII 78553 (ON LTB),en,TNL-29920,2009-10-16,rent deposit — rental unit — residential complex — balcony — eviction,,2009onltb1000403,NA
onltb,2009canlii78550,https://canlii.ca/t/285z3,https://www.canlii.org/en/on/onltb/doc/2009/2009canlii78550/2009canlii78550.html,TNT-01989 (Re),2009 CanLII 78550 (ON LTB),en,TNT-01989; TNL-29646,2009-10-16,rental unit — residential complex — tenancy — air conditioning — temperature,,2009onltb1000400,NA
onltb,2009canlii78541,https://canlii.ca/t/285xs,https://www.canlii.org/en/on/onltb/doc/2009/2009canlii78541/2009canlii78541.html,TNL-00455-09 (Re),2009 CanLII 78541 (ON LTB),en,TNL-00455-09,2009-10-16,rent — eviction — arrears — tenancy — pay,,2009onltb1000391,NA
onltb,2009canlii78540,https://canlii.ca/t/285xr,https://www.canlii.org/en/on/onltb/doc/2009/2009canlii78540/2009canlii78540.html,TNL-00454-09 (Re),2009 CanLII 78540 (ON LTB),en,TNL-00454-09,2009-10-16,eviction — tenancy — rent — pay — arrears,,2009onltb1000390,NA
onltb,2009canlii78519,https://canlii.ca/t/285x2,https://www.canlii.org/en/on/onltb/doc/2009/2009canlii78519/2009canlii78519.html,TEL-16436 (Re),2009 CanLII 78519 (ON LTB),en,TEL-16436,2009-10-16,tenancy — unit — eviction — notice — interfered,,2009onltb1000369,NA
onltb,2009canlii78513,https://canlii.ca/t/285wv,https://www.canlii.org/en/on/onltb/doc/2009/2009canlii78513/2009canlii78513.html,SWT-01537-09 (Re),2009 CanLII 78513 (ON LTB),en,SWT-01537-09,2009-10-16,tenancy — interfered with the reasonable — supply — resolves — toll,,2009onltb1000363,NA
onltb,2009canlii78498,https://canlii.ca/t/285wc,https://www.canlii.org/en/on/onltb/doc/2009/2009canlii78498/2009canlii78498.html,SWL-01628-09 (Re),2009 CanLII 78498 (ON LTB),en,SWL-01628-09,2009-10-16,rent — pay — owe — application — owing,,2009onltb1000348,NA
onltb,2009canlii78497,https://canlii.ca/t/285wb,https://www.canlii.org/en/on/onltb/doc/2009/2009canlii78497/2009canlii78497.html,SWL-01573-09 (Re),2009 CanLII 78497 (ON LTB),en,SWL-01573-09,2009-10-16,eviction — rent — tenancy — unit — pay,,2009onltb1000347,NA
onltb,2009canlii78494,https://canlii.ca/t/285w7,https://www.canlii.org/en/on/onltb/doc/2009/2009canlii78494/2009canlii78494.html,SWL-01386-09-SA (Re),2009 CanLII 78494 (ON LTB),en,SWL-01386-09-SA,2009-10-16,set aside — mediated — reposting — fractured — tenancy,,2009onltb1000344,NA
onltb,2009canlii78460,https://canlii.ca/t/285v3,https://www.canlii.org/en/on/onltb/doc/2009/2009canlii78460/2009canlii78460.html,NOT-01237 (Re),2009 CanLII 78460 (ON LTB),en,NOT-01237,2009-10-16,last month s rent deposit — interest — pay — full amount owing — retained,,2009onltb1000310,NA
onltb,2009canlii78455,https://canlii.ca/t/285tx,https://www.canlii.org/en/on/onltb/doc/2009/2009canlii78455/2009canlii78455.html,NOT-01176 (Re),2009 CanLII 78455 (ON LTB),en,NOT-01176; T-01177,2009-10-16,clean the chimney — rental home — fire — working smoke detectors — firewood,,2009onltb1000305,NA
onltb,2009canlii78417,https://canlii.ca/t/285sn,https://www.canlii.org/en/on/onltb/doc/2009/2009canlii78417/2009canlii78417.html,EAL-01291-09 (Re),2009 CanLII 78417 (ON LTB),en,EAL-01291-09,2009-10-16,illegal drug — rental unit — charges — eviction — trafficking,,2009onltb1000267,NA
onltb,2009canlii78564,https://canlii.ca/t/285zk,https://www.canlii.org/en/on/onltb/doc/2009/2009canlii78564/2009canlii78564.html,TSL-23244 (Re),2009 CanLII 78564 (ON LTB),en,TSL-23244,2009-10-15,residential complex — kitchen — facility — cooking — floor,,2009onltb1000414,NA
onltb,2009canlii78562,https://canlii.ca/t/285zh,https://www.canlii.org/en/on/onltb/doc/2009/2009canlii78562/2009canlii78562.html,TNT-02040 (Re),2009 CanLII 78562 (ON LTB),en,TNT-02040,2009-10-15,mould — dampness — wet — walls — vacant,,2009onltb1000412,NA
onltb,2009canlii78545,https://canlii.ca/t/285xx,https://www.canlii.org/en/on/onltb/doc/2009/2009canlii78545/2009canlii78545.html,TNL-28877-MO (Re),2009 CanLII 78545 (ON LTB),en,TNL-28877-MO,2009-10-15,void — cheque — fee — evicting — motion,,2009onltb1000395,NA
onltb,2009canlii78535,https://canlii.ca/t/285xl,https://www.canlii.org/en/on/onltb/doc/2009/2009canlii78535/2009canlii78535.html,TET-02195-RV (Re),2009 CanLII 78535 (ON LTB),en,TET-02195-RV,2009-10-15,issued — toll — unchanged — enjoyment — error,,2009onltb1000385,NA
onltb,2009canlii78508,https://canlii.ca/t/285wp,https://www.canlii.org/en/on/onltb/doc/2009/2009canlii78508/2009canlii78508.html,SWT-00616-09 (Re),2009 CanLII 78508 (ON LTB),en,SWT-00616-09; SWT-00798-09; SWL-00966-09,2009-10-15,interfered with the reasonable enjoyment — keys — mail box — refrigerator — full amount owing,,2009onltb1000358,NA
onltb,2009canlii78507,https://canlii.ca/t/285wn,https://www.canlii.org/en/on/onltb/doc/2009/2009canlii78507/2009canlii78507.html,SWL-28643-RV (Re),2009 CanLII 78507 (ON LTB),en,SWL-28643-RV; SWT-02285-RV,2009-10-15,evict — hair — rental unit — terminate the tenancy — rent,,2009onltb1000357,NA
onltb,2009canlii78451,https://canlii.ca/t/285ts,https://www.canlii.org/en/on/onltb/doc/2009/2009canlii78451/2009canlii78451.html,NOL-08078 (Re),2009 CanLII 78451 (ON LTB),en,NOL-08078,2009-10-15,last month rent deposit — owing — tenancy — owes — interest,,2009onltb1000301,NA
onltb,2009canlii78450,https://canlii.ca/t/285tr,https://www.canlii.org/en/on/onltb/doc/2009/2009canlii78450/2009canlii78450.html,NOL-08082 (Re),2009 CanLII 78450 (ON LTB),en,NOL-08082,2009-10-15,pay — tenancy — owes — evicting — arrears,,2009onltb1000300,NA
onltb,2009canlii78446,https://canlii.ca/t/285tm,https://www.canlii.org/en/on/onltb/doc/2009/2009canlii78446/2009canlii78446.html,NOL-08075 (Re),2009 CanLII 78446 (ON LTB),en,NOL-08075,2009-10-15,pay — arrears — owe — tenancy — evicting,,2009onltb1000296,NA
onltb,2009canlii78441,https://canlii.ca/t/285tg,https://www.canlii.org/en/on/onltb/doc/2009/2009canlii78441/2009canlii78441.html,NOL-00333-09 (Re),2009 CanLII 78441 (ON LTB),en,NOL-00333-09; T-00257-09,2009-10-15,rental unit — repair — presence of mould — tenancy — abatement,,2009onltb1000291,NA
onltb,2009canlii78438,https://canlii.ca/t/285tc,https://www.canlii.org/en/on/onltb/doc/2009/2009canlii78438/2009canlii78438.html,NOL-00326-09 (Re),2009 CanLII 78438 (ON LTB),en,NOL-00326-09,2009-10-15,towards the arrears — lawful monthly rent — tenancy — full amount of the lawful — unit,,2009onltb1000288,NA
onltb,2009canlii78422,https://canlii.ca/t/285st,https://www.canlii.org/en/on/onltb/doc/2009/2009canlii78422/2009canlii78422.html,EAL-01755-09-SA (Re),2009 CanLII 78422 (ON LTB),en,EAL-01755-09-SA,2009-10-15,rent — reputedly — tenancy — motion to set aside — evict,,2009onltb1000272,NA
onltb,2009canlii78407,https://canlii.ca/t/285sb,https://www.canlii.org/en/on/onltb/doc/2009/2009canlii78407/2009canlii78407.html,EAL-00876-09 (Re),2009 CanLII 78407 (ON LTB),en,EAL-00876-09,2009-10-15,pay — consecutive month commencing — tenancy — owes — evicting,,2009onltb1000257,NA
onltb,2009canlii78403,https://canlii.ca/t/285s6,https://www.canlii.org/en/on/onltb/doc/2009/2009canlii78403/2009canlii78403.html,CET-02284 (Re),2009 CanLII 78403 (ON LTB),en,CET-02284,2009-10-15,collected — security deposit — last month s rent deposit — owe — interest,,2009onltb1000253,NA
onltb,2009canlii78400,https://canlii.ca/t/285s3,https://www.canlii.org/en/on/onltb/doc/2009/2009canlii78400/2009canlii78400.html,CET-02245 (Re),2009 CanLII 78400 (ON LTB),en,CET-02245,2009-10-15,rental unit — lease — upgrades — tenancy — condo,,2009onltb1000250,NA
onltb,2009canlii78398,https://canlii.ca/t/285s1,https://www.canlii.org/en/on/onltb/doc/2009/2009canlii78398/2009canlii78398.html,CET-02158 (Re),2009 CanLII 78398 (ON LTB),en,CET-02158,2009-10-15,rent — rental unit — abatement — tenancy — uninhabitable,,2009onltb1000248,NA
onltb,2009canlii78565,https://canlii.ca/t/285zl,https://www.canlii.org/en/on/onltb/doc/2009/2009canlii78565/2009canlii78565.html,TSL-22831 (Re),2009 CanLII 78565 (ON LTB),en,TSL-22831,2009-10-14,boilers — boiler controls — capital expenditure — increase — residential complex,,2009onltb1000415,NA
onltb,2009canlii78559,https://canlii.ca/t/285zd,https://www.canlii.org/en/on/onltb/doc/2009/2009canlii78559/2009canlii78559.html,TNT-01984 (Re),2009 CanLII 78559 (ON LTB),en,TNT-01984,2009-10-14,rental unit — radiator — lobby card — keys — cockroaches,,2009onltb1000409,NA
onltb,2009canlii78524,https://canlii.ca/t/285x7,https://www.canlii.org/en/on/onltb/doc/2009/2009canlii78524/2009canlii78524.html,TEL-26626-SA (Re),2009 CanLII 78524 (ON LTB),en,TEL-26626-SA,2009-10-14,motion to set aside — payments — sick — bills — missed,,2009onltb1000374,NA
onltb,2009canlii78521,https://canlii.ca/t/285x4,https://www.canlii.org/en/on/onltb/doc/2009/2009canlii78521/2009canlii78521.html,TEL-25842 (Re),2009 CanLII 78521 (ON LTB),en,TEL-25842,2009-10-14,unit — door — dishwasher — cupboards — kitchen,,2009onltb1000371,NA
onltb,2009canlii78481,https://canlii.ca/t/285vs,https://www.canlii.org/en/on/onltb/doc/2009/2009canlii78481/2009canlii78481.html,SOL-25255 (Re),2009 CanLII 78481 (ON LTB),en,SOL-25255,2009-10-14,arrears — rent — tenancy — evicting — lawful,,2009onltb1000331,NA
onltb,2009canlii78475,https://canlii.ca/t/285vl,https://www.canlii.org/en/on/onltb/doc/2009/2009canlii78475/2009canlii78475.html,SOL-24217-VO (Re),2009 CanLII 78475 (ON LTB),en,SOL-24217-VO,2009-10-14,eviction order became enforceable — amount required to void — paid — toll — swearing,,2009onltb1000325,NA
onltb,2009canlii78466,https://canlii.ca/t/285v9,https://www.canlii.org/en/on/onltb/doc/2009/2009canlii78466/2009canlii78466.html,SOL-00421-09 (Re),2009 CanLII 78466 (ON LTB),en,SOL-00421-09,2009-10-14,pay — tenancy — owing — rent — evict,,2009onltb1000316,NA
onltb,2009canlii78459,https://canlii.ca/t/285v2,https://www.canlii.org/en/on/onltb/doc/2009/2009canlii78459/2009canlii78459.html,NOT-01214 (Re),2009 CanLII 78459 (ON LTB),en,NOT-01214; L-00168-09,2009-10-14,rental unit — rent — nesting — repair — abatement,,2009onltb1000309,NA
onltb,2009canlii78392,https://canlii.ca/t/285rt,https://www.canlii.org/en/on/onltb/doc/2009/2009canlii78392/2009canlii78392.html,CEL-21374-SA (Re),2009 CanLII 78392 (ON LTB),en,CEL-21374-SA,2009-10-14,motion to set aside — evict — issued — toll — tenancy,,2009onltb1000242,NA
onltb,2009canlii74506,https://canlii.ca/t/27ff1,https://www.canlii.org/en/on/onltb/doc/2009/2009canlii74506/2009canlii74506.html,TSL-25453-RV (Re),2009 CanLII 74506 (ON LTB),en,TSL-25453-RV,2009-10-14,eviction — rent — name removed — history of non-compliance — evidence,,2009onltb1000019,NA
onltb,2009canlii84372,https://canlii.ca/t/2bh1g,https://www.canlii.org/en/on/onltb/doc/2009/2009canlii84372/2009canlii84372.html,SWT-00360-09 (Re),2009 CanLII 84372 (ON LTB),en,SWT-00360-09,2009-10-13,possession of the rental unit — tenancy — name removed — prospective — landlord,,2009onltb1000835,NA
onltb,2009canlii78561,https://canlii.ca/t/285zg,https://www.canlii.org/en/on/onltb/doc/2009/2009canlii78561/2009canlii78561.html,TNT-02015 (Re),2009 CanLII 78561 (ON LTB),en,TNT-02015,2009-10-13,rental unit — cockroach-free — assured — repairs — cockroaches,,2009onltb1000411,NA
onltb,2009canlii78551,https://canlii.ca/t/285z4,https://www.canlii.org/en/on/onltb/doc/2009/2009canlii78551/2009canlii78551.html,TNL-29616 (Re),2009 CanLII 78551 (ON LTB),en,TNL-29616,2009-10-13,rent deposit — wall — rental unit — tenancy — eviction,,2009onltb1000401,NA
onltb,2009canlii78548,https://canlii.ca/t/285z1,https://www.canlii.org/en/on/onltb/doc/2009/2009canlii78548/2009canlii78548.html,TNL-27567-RV (Re),2009 CanLII 78548 (ON LTB),en,TNL-27567-RV,2009-10-13,rent deposit — tenancy — unit — eviction may be enforced — related to a cheque tendered,,2009onltb1000398,NA
onltb,2009canlii78542,https://canlii.ca/t/285xt,https://www.canlii.org/en/on/onltb/doc/2009/2009canlii78542/2009canlii78542.html,TNL-21884-VO (Re),2009 CanLII 78542 (ON LTB),en,TNL-21884-VO,2009-10-13,evicting — motion to void — toll — tenancy — lifted,,2009onltb1000392,NA
onltb,2009canlii78518,https://canlii.ca/t/285x1,https://www.canlii.org/en/on/onltb/doc/2009/2009canlii78518/2009canlii78518.html,TEL-23747 (Re),2009 CanLII 78518 (ON LTB),en,TEL-23747,2009-10-13,landlord — rent — ordered increase — guideline — capital expenditures,,2009onltb1000368,NA
onltb,2009canlii78399,https://canlii.ca/t/285s2,https://www.canlii.org/en/on/onltb/doc/2009/2009canlii78399/2009canlii78399.html,CET-02217 (Re),2009 CanLII 78399 (ON LTB),en,CET-02217,2009-10-13,residential complex — enjoyment of the rental unit — interfered with the reasonable enjoyment — barking — damage,,2009onltb1000249,NA
onltb,2009canlii78568,https://canlii.ca/t/285zp,https://www.canlii.org/en/on/onltb/doc/2009/2009canlii78568/2009canlii78568.html,TSL-26282 (Re),2009 CanLII 78568 (ON LTB),en,TSL-26282,2009-10-09,tenancy — rent — deposit — notice — rental unit,,2009onltb1000418,NA
onltb,2009canlii78567,https://canlii.ca/t/285zn,https://www.canlii.org/en/on/onltb/doc/2009/2009canlii78567/2009canlii78567.html,TSL-24668-SA (Re),2009 CanLII 78567 (ON LTB),en,TSL-24668-SA,2009-10-09,motion to set aside — evict — mediated — toll — tenancy,,2009onltb1000417,NA
onltb,2009canlii78556,https://canlii.ca/t/285z9,https://www.canlii.org/en/on/onltb/doc/2009/2009canlii78556/2009canlii78556.html,TNL-24579-RV2 (Re),2009 CanLII 78556 (ON LTB),en,TNL-24579-RV2; TNT-01955-RV,2009-10-09,review — request — initiated — medication — alarms,,2009onltb1000406,NA
onltb,2009canlii78552,https://canlii.ca/t/285z5,https://www.canlii.org/en/on/onltb/doc/2009/2009canlii78552/2009canlii78552.html,TNL-29779 (Re),2009 CanLII 78552 (ON LTB),en,TNL-29779,2009-10-09,tenancy — rental unit — pay — rent — terminate,,2009onltb1000402,NA
onltb,2009canlii78547,https://canlii.ca/t/285z0,https://www.canlii.org/en/on/onltb/doc/2009/2009canlii78547/2009canlii78547.html,TNL-28852-SA (Re),2009 CanLII 78547 (ON LTB),en,TNL-28852-SA,2009-10-09,rent — tenancy — evict — mediated — unit,,2009onltb1000397,NA
onltb,2009canlii78504,https://canlii.ca/t/285wk,https://www.canlii.org/en/on/onltb/doc/2009/2009canlii78504/2009canlii78504.html,SWL-26026 (Re),2009 CanLII 78504 (ON LTB),en,SWL-26026,2009-10-09,rent — rental unit — tenancy — yard — co-tenant,,2009onltb1000354,NA
onltb,2009canlii78496,https://canlii.ca/t/285w9,https://www.canlii.org/en/on/onltb/doc/2009/2009canlii78496/2009canlii78496.html,SWL-01423-09 (Re),2009 CanLII 78496 (ON LTB),en,SWL-01423-09,2009-10-09,arrears — rent — tenancy — owing — evicting,,2009onltb1000346,NA
onltb,2009canlii78472,https://canlii.ca/t/285vh,https://www.canlii.org/en/on/onltb/doc/2009/2009canlii78472/2009canlii78472.html,SOL-24129-SA (Re),2009 CanLII 78472 (ON LTB),en,SOL-24129-SA,2009-10-09,eviction — enforced — void — motion — toll,,2009onltb1000322,NA
onltb,2009canlii78464,https://canlii.ca/t/285v7,https://www.canlii.org/en/on/onltb/doc/2009/2009canlii78464/2009canlii78464.html,SOL-00262-09 (Re),2009 CanLII 78464 (ON LTB),en,SOL-00262-09,2009-10-09,subtenancy agreement — eviction — tenancy — representative — unit,,2009onltb1000314,NA
onltb,2009canlii78462,https://canlii.ca/t/285v5,https://www.canlii.org/en/on/onltb/doc/2009/2009canlii78462/2009canlii78462.html,SOL-00414-09 (Re),2009 CanLII 78462 (ON LTB),en,SOL-00414-09,2009-10-09,rent — unit — vacate — tenancy — deposit,,2009onltb1000312,NA
onltb,2009canlii78458,https://canlii.ca/t/285v1,https://www.canlii.org/en/on/onltb/doc/2009/2009canlii78458/2009canlii78458.html,NOT-01195 (Re),2009 CanLII 78458 (ON LTB),en,NOT-01195,2009-10-09,agent altered the locking system — fine — residential complex — enjoyment of the rental unit — ledger,,2009onltb1000308,NA
onltb,2009canlii78457,https://canlii.ca/t/285v0,https://www.canlii.org/en/on/onltb/doc/2009/2009canlii78457/2009canlii78457.html,NOT-01229 (Re),2009 CanLII 78457 (ON LTB),en,NOT-01229,2009-10-09,moisture — basement — abatement — full amount owing — rental,,2009onltb1000307,NA
onltb,2009canlii78447,https://canlii.ca/t/285tn,https://www.canlii.org/en/on/onltb/doc/2009/2009canlii78447/2009canlii78447.html,NOL-08026 (Re),2009 CanLII 78447 (ON LTB),en,NOL-08026,2009-10-09,tenancy — eviction — rental unit — vacant possession of the unit — videoconference,,2009onltb1000297,NA
onltb,2009canlii78444,https://canlii.ca/t/285tk,https://www.canlii.org/en/on/onltb/doc/2009/2009canlii78444/2009canlii78444.html,NOL-08015 (Re),2009 CanLII 78444 (ON LTB),en,NOL-08015,2009-10-09,tenancy — fail to paint the unit — eviction — will owe — pay,,2009onltb1000294,NA
onltb,2009canlii78432,https://canlii.ca/t/285t5,https://www.canlii.org/en/on/onltb/doc/2009/2009canlii78432/2009canlii78432.html,EAT-01392-09 (Re),2009 CanLII 78432 (ON LTB),en,EAT-01392-09,2009-10-09,rental unit — rent deposit — collected — given vacant possession — legislation,,2009onltb1000282,NA
onltb,2009canlii78429,https://canlii.ca/t/285t2,https://www.canlii.org/en/on/onltb/doc/2009/2009canlii78429/2009canlii78429.html,EAT-01212-09 (Re),2009 CanLII 78429 (ON LTB),en,EAT-01212-09,2009-10-09,full amount owing — sink — laminate — kitchen — vanity,,2009onltb1000279,NA
onltb,2009canlii78428,https://canlii.ca/t/285t1,https://www.canlii.org/en/on/onltb/doc/2009/2009canlii78428/2009canlii78428.html,EAT-01165-09 (Re),2009 CanLII 78428 (ON LTB),en,EAT-01165-09,2009-10-09,rental unit — tenancy — eviction — vacating — toll,,2009onltb1000278,NA
onltb,2009canlii78418,https://canlii.ca/t/285sp,https://www.canlii.org/en/on/onltb/doc/2009/2009canlii78418/2009canlii78418.html,EAL-01266-09 (Re),2009 CanLII 78418 (ON LTB),en,EAL-01266-09,2009-10-09,rent — freeze — pipes — evict — owe,,2009onltb1000268,NA
onltb,2009canlii78415,https://canlii.ca/t/285sl,https://www.canlii.org/en/on/onltb/doc/2009/2009canlii78415/2009canlii78415.html,EAL-01131-09 (Re),2009 CanLII 78415 (ON LTB),en,EAL-01131-09,2009-10-09,tenancy — evicting — total amount — toll — owe,,2009onltb1000265,NA
onltb,2009canlii78414,https://canlii.ca/t/285sk,https://www.canlii.org/en/on/onltb/doc/2009/2009canlii78414/2009canlii78414.html,EAL-01125-09 (Re),2009 CanLII 78414 (ON LTB),en,EAL-01125-09,2009-10-09,must pay — owing — rent — tenancy is terminated — deposit,,2009onltb1000264,NA
onltb,2009canlii78412,https://canlii.ca/t/285sh,https://www.canlii.org/en/on/onltb/doc/2009/2009canlii78412/2009canlii78412.html,EAL-01095-09 (Re),2009 CanLII 78412 (ON LTB),en,EAL-01095-09,2009-10-09,eviction — tenancy — rent deposit — pay — owing,,2009onltb1000262,NA
onltb,2009canlii78387,https://canlii.ca/t/285rn,https://www.canlii.org/en/on/onltb/doc/2009/2009canlii78387/2009canlii78387.html,CEL-00317-09 (Re),2009 CanLII 78387 (ON LTB),en,CEL-00317-09,2009-10-09,eviction — rent deposit — pay — tenancy — owing,,2009onltb1000237,NA
onltb,2009canlii78386,https://canlii.ca/t/285rm,https://www.canlii.org/en/on/onltb/doc/2009/2009canlii78386/2009canlii78386.html,CEL-00314-09 (Re),2009 CanLII 78386 (ON LTB),en,CEL-00314-09,2009-10-09,eviction — tenancy — rental unit — toll — expires,,2009onltb1000236,NA
onltb,2009canlii78382,https://canlii.ca/t/285rh,https://www.canlii.org/en/on/onltb/doc/2009/2009canlii78382/2009canlii78382.html,CEL-00310-09 (Re),2009 CanLII 78382 (ON LTB),en,CEL-00310-09,2009-10-09,tenancy — eviction — pay — rent deposit — owing,,2009onltb1000232,NA
onltb,2009canlii78381,https://canlii.ca/t/285rg,https://www.canlii.org/en/on/onltb/doc/2009/2009canlii78381/2009canlii78381.html,CEL-00184-09 (Re),2009 CanLII 78381 (ON LTB),en,CEL-00184-09,2009-10-09,tenancy — eviction — pay — rent deposit — owing,,2009onltb1000231,NA
onltb,2009canlii78027,https://canlii.ca/t/283fr,https://www.canlii.org/en/on/onltb/doc/2009/2009canlii78027/2009canlii78027.html,SOL-25047-RV (Re),2009 CanLII 78027 (ON LTB),en,SOL-25047-RV,2009-10-09,agreed to terminate the tenancy — boyfriend — unit — request to shorten — satisfied,,2009onltb1000136,NA
onltb,2009canlii78529,https://canlii.ca/t/285xd,https://www.canlii.org/en/on/onltb/doc/2009/2009canlii78529/2009canlii78529.html,TEL-26847 (Re),2009 CanLII 78529 (ON LTB),en,TEL-26847,2009-10-08,tenancy — repaired — mirrors — rental — damages,,2009onltb1000379,NA
onltb,2009canlii78523,https://canlii.ca/t/285x6,https://www.canlii.org/en/on/onltb/doc/2009/2009canlii78523/2009canlii78523.html,TEL-26562 (Re),2009 CanLII 78523 (ON LTB),en,TEL-26562,2009-10-08,tenancy — eviction — rent deposit — owing — pay,,2009onltb1000373,NA
onltb,2009canlii78490,https://canlii.ca/t/285w3,https://www.canlii.org/en/on/onltb/doc/2009/2009canlii78490/2009canlii78490.html,SWL-01333-09 (Re),2009 CanLII 78490 (ON LTB),en,SWL-01333-09,2009-10-08,rent — eviction — terminate the tenancy — unit — owe,,2009onltb1000340,NA
onltb,2009canlii78489,https://canlii.ca/t/285w2,https://www.canlii.org/en/on/onltb/doc/2009/2009canlii78489/2009canlii78489.html,SWL-01180-09 (Re),2009 CanLII 78489 (ON LTB),en,SWL-01180-09,2009-10-08,rent — arrears — tenancy — owing — evicting,,2009onltb1000339,NA
onltb,2009canlii78478,https://canlii.ca/t/285vp,https://www.canlii.org/en/on/onltb/doc/2009/2009canlii78478/2009canlii78478.html,SOL-24939-SA (Re),2009 CanLII 78478 (ON LTB),en,SOL-24939-SA,2009-10-08,rent — arrears — tenancy — evicting — application,,2009onltb1000328,NA
onltb,2009canlii78469,https://canlii.ca/t/285vd,https://www.canlii.org/en/on/onltb/doc/2009/2009canlii78469/2009canlii78469.html,SOL-00416-09 (Re),2009 CanLII 78469 (ON LTB),en,SOL-00416-09,2009-10-08,eviction — tenancy — pay — unit — owing,,2009onltb1000319,NA
onltb,2009canlii78439,https://canlii.ca/t/285td,https://www.canlii.org/en/on/onltb/doc/2009/2009canlii78439/2009canlii78439.html,NOT-01226 (Re),2009 CanLII 78439 (ON LTB),en,NOT-01226,2009-10-08,rental unit — storage locker — rent — discontinuance — reduction,,2009onltb1000289,NA
onltb,2009canlii78437,https://canlii.ca/t/285tb,https://www.canlii.org/en/on/onltb/doc/2009/2009canlii78437/2009canlii78437.html,NOL-00259-09 (Re),2009 CanLII 78437 (ON LTB),en,NOL-00259-09; L-00275-09,2009-10-08,issued — duplicate — motions — evict — representative,,2009onltb1000287,NA
onltb,2009canlii78425,https://canlii.ca/t/285sx,https://www.canlii.org/en/on/onltb/doc/2009/2009canlii78425/2009canlii78425.html,EAL-18161-SA (Re),2009 CanLII 78425 (ON LTB),en,EAL-18161-SA,2009-10-08,motion to set aside — evict — rent — issued — toll,,2009onltb1000275,NA
onltb,2009canlii78416,https://canlii.ca/t/285sm,https://www.canlii.org/en/on/onltb/doc/2009/2009canlii78416/2009canlii78416.html,EAL-01182-09 (Re),2009 CanLII 78416 (ON LTB),en,EAL-01182-09,2009-10-08,rental unit — terminate the tenancy — property — evicting — moved,,2009onltb1000266,NA
onltb,2009canlii74513,https://canlii.ca/t/27ff8,https://www.canlii.org/en/on/onltb/doc/2009/2009canlii74513/2009canlii74513.html,CET-00125-09 (Re),2009 CanLII 74513 (ON LTB),en,CET-00125-09,2009-10-08,name removed — last month s rent deposit — tenancy — unit — assignees,,2009onltb1000026,NA
onltb,2009canlii78957,https://canlii.ca/t/289lc,https://www.canlii.org/en/on/onltb/doc/2009/2009canlii78957/2009canlii78957.html,NOL-07539-RV (Re),2009 CanLII 78957 (ON LTB),en,NOL-07539-RV; T-00045-09-RV,2009-10-07,rental unit — eviction — rent — tenancy — consented,,2009onltb1000488,NA
onltb,2009canlii78940,https://canlii.ca/t/289kt,https://www.canlii.org/en/on/onltb/doc/2009/2009canlii78940/2009canlii78940.html,EAT-00422-09 (Re),2009 CanLII 78940 (ON LTB),en,EAT-00422-09,2009-10-07,cottages — structures — land lease community — seasonal — winterized,,2009onltb1000471,NA
onltb,2009canlii78575,https://canlii.ca/t/285zx,https://www.canlii.org/en/on/onltb/doc/2009/2009canlii78575/2009canlii78575.html,TSL-27676 (Re),2009 CanLII 78575 (ON LTB),en,TSL-27676,2009-10-07,eviction — tenancy — rent deposit — pay — owing,,2009onltb1000425,NA
onltb,2009canlii78527,https://canlii.ca/t/285xb,https://www.canlii.org/en/on/onltb/doc/2009/2009canlii78527/2009canlii78527.html,TEL-26757 (Re),2009 CanLII 78527 (ON LTB),en,TEL-26757,2009-10-07,pet — unit — pets — void — correct the behaviour,,2009onltb1000377,NA
onltb,2009canlii78514,https://canlii.ca/t/285ww,https://www.canlii.org/en/on/onltb/doc/2009/2009canlii78514/2009canlii78514.html,SWT-02346 (Re),2009 CanLII 78514 (ON LTB),en,SWT-02346,2009-10-07,rental unit — mould — abatement — rent — water,,2009onltb1000364,NA
onltb,2009canlii78510,https://canlii.ca/t/285wr,https://www.canlii.org/en/on/onltb/doc/2009/2009canlii78510/2009canlii78510.html,TSL-22802 (Re),2009 CanLII 78510 (ON LTB),en,TSL-22802,2009-10-07,tenancy — eviction — pay — owing — rent,,2009onltb1000360,NA
onltb,2009canlii78384,https://canlii.ca/t/285rk,https://www.canlii.org/en/on/onltb/doc/2009/2009canlii78384/2009canlii78384.html,CEL-00179-09 (Re),2009 CanLII 78384 (ON LTB),en,CEL-00179-09,2009-10-07,tenancy — rent deposit — eviction — pay — owing,,2009onltb1000234,NA
onltb,2009canlii78573,https://canlii.ca/t/285zv,https://www.canlii.org/en/on/onltb/doc/2009/2009canlii78573/2009canlii78573.html,TSL-27641 (Re),2009 CanLII 78573 (ON LTB),en,TSL-27641,2009-10-06,superintendent — unit — rental — evict — application,,2009onltb1000423,NA
onltb,2009canlii78539,https://canlii.ca/t/285xq,https://www.canlii.org/en/on/onltb/doc/2009/2009canlii78539/2009canlii78539.html,TNL-00494-09 (Re),2009 CanLII 78539 (ON LTB),en,TNL-00494-09,2009-10-06,rental unit — rent — notice — termination — tenancy,,2009onltb1000389,NA
onltb,2009canlii78419,https://canlii.ca/t/285sq,https://www.canlii.org/en/on/onltb/doc/2009/2009canlii78419/2009canlii78419.html,EAL-01293-09 (Re),2009 CanLII 78419 (ON LTB),en,EAL-01293-09,2009-10-06,eviction — rents — unit — complex — omission occurred in the residential,,2009onltb1000269,NA
onltb,2009canlii78413,https://canlii.ca/t/285sj,https://www.canlii.org/en/on/onltb/doc/2009/2009canlii78413/2009canlii78413.html,EAL-01122-09-SA (Re),2009 CanLII 78413 (ON LTB),en,EAL-01122-09-SA,2009-10-06,agreement to terminate the tenancy — document — evict — bribe — sign,,2009onltb1000263,NA
onltb,2009canlii78401,https://canlii.ca/t/285s4,https://www.canlii.org/en/on/onltb/doc/2009/2009canlii78401/2009canlii78401.html,CET-02233 (Re),2009 CanLII 78401 (ON LTB),en,CET-02233,2009-10-06,mobile home — landlord — tenant — consented to the assignment — rental,,2009onltb1000251,NA
onltb,2009canlii78397,https://canlii.ca/t/285s0,https://www.canlii.org/en/on/onltb/doc/2009/2009canlii78397/2009canlii78397.html,CET-02069 (Re),2009 CanLII 78397 (ON LTB),en,CET-02069,2009-10-06,rental unit — retained money illegally — interfered — thermostat — enjoyment,,2009onltb1000247,NA
onltb,2009canlii92622,https://canlii.ca/t/gl7qd,https://www.canlii.org/en/on/onltb/doc/2009/2009canlii92622/2009canlii92622.html,TNL-29278-SA (Re),2009 CanLII 92622 (ON LTB),en,2009; TNL-25997; TNL-29278-SA; TNL-29278,2009-10-05,name removed — rent owing — tenancy — banking — set aside,,2009onltb1000867,NA
onltb,2009canlii84386,https://canlii.ca/t/2bh3f,https://www.canlii.org/en/on/onltb/doc/2009/2009canlii84386/2009canlii84386.html,TNL-29278-SA (Re),2009 CanLII 84386 (ON LTB),en,TNL-29278-SA,2009-10-05,name removed — rent owing — tenancy — banking — set aside,,2009onltb1000849,NA
onltb,2009canlii78577,https://canlii.ca/t/28601,https://www.canlii.org/en/on/onltb/doc/2009/2009canlii78577/2009canlii78577.html,TST-02352 (Re),2009 CanLII 78577 (ON LTB),en,TST-02352; TSL-21831,2009-10-05,rental unit — agent — rent — water — door,,2009onltb1000427,NA
onltb,2009canlii78536,https://canlii.ca/t/285xm,https://www.canlii.org/en/on/onltb/doc/2009/2009canlii78536/2009canlii78536.html,TET-02215 (Re),2009 CanLII 78536 (ON LTB),en,TET-02215,2009-10-05,vital service — unit — supply — fine — interfered,,2009onltb1000386,NA
onltb,2009canlii78525,https://canlii.ca/t/285x8,https://www.canlii.org/en/on/onltb/doc/2009/2009canlii78525/2009canlii78525.html,TEL-26636 (Re),2009 CanLII 78525 (ON LTB),en,TEL-26636,2009-10-05,tenancy — unit — voids — eviction may be enforced — pay,,2009onltb1000375,NA
onltb,2009canlii78515,https://canlii.ca/t/285wx,https://www.canlii.org/en/on/onltb/doc/2009/2009canlii78515/2009canlii78515.html,TEL-00188-09 (Re),2009 CanLII 78515 (ON LTB),en,TEL-00188-09,2009-10-05,rent — unit — pay — eviction — deposit,,2009onltb1000365,NA
onltb,2009canlii78512,https://canlii.ca/t/285wt,https://www.canlii.org/en/on/onltb/doc/2009/2009canlii78512/2009canlii78512.html,SWT-01052-09 (Re),2009 CanLII 78512 (ON LTB),en,SWT-01052-09,2009-10-05,rental unit — email — assign the tenancy — landlord — name removed,,2009onltb1000362,NA
onltb,2009canlii78491,https://canlii.ca/t/285w4,https://www.canlii.org/en/on/onltb/doc/2009/2009canlii78491/2009canlii78491.html,SWL-01314-09 (Re),2009 CanLII 78491 (ON LTB),en,SWL-01314-09,2009-10-05,tenancy — cheque charges — rent deposit — eviction — pay,,2009onltb1000341,NA
onltb,2009canlii78461,https://canlii.ca/t/285v4,https://www.canlii.org/en/on/onltb/doc/2009/2009canlii78461/2009canlii78461.html,SOL-00405-09 (Re),2009 CanLII 78461 (ON LTB),en,SOL-00405-09,2009-10-05,evict — persistently — termination — toll — served,,2009onltb1000311,NA
onltb,2009canlii78445,https://canlii.ca/t/285tl,https://www.canlii.org/en/on/onltb/doc/2009/2009canlii78445/2009canlii78445.html,NOL-08018 (Re),2009 CanLII 78445 (ON LTB),en,NOL-08018,2009-10-05,towards rent — pay — towards arrears — tenancy — owes,,2009onltb1000295,NA
onltb,2009canlii78430,https://canlii.ca/t/285t3,https://www.canlii.org/en/on/onltb/doc/2009/2009canlii78430/2009canlii78430.html,EAT-01324-09 (Re),2009 CanLII 78430 (ON LTB),en,EAT-01324-09,2009-10-05,unit — lease — cleaned — keys — start,,2009onltb1000280,NA
onltb,2009canlii78427,https://canlii.ca/t/285t0,https://www.canlii.org/en/on/onltb/doc/2009/2009canlii78427/2009canlii78427.html,EAT-01045-09 (Re),2009 CanLII 78427 (ON LTB),en,EAT-01045-09,2009-10-05,rental unit — maintenance — toll — application — basement,,2009onltb1000277,NA
onltb,2009canlii78405,https://canlii.ca/t/285s8,https://www.canlii.org/en/on/onltb/doc/2009/2009canlii78405/2009canlii78405.html,EAL-00964-09 (Re),2009 CanLII 78405 (ON LTB),en,EAL-00964-09; EAL-00825-09; EAT-02010; EAT-02006,2009-10-05,rental unit — tenancy — owes — vinyl flooring — interfered,,2009onltb1000255,NA
onltb,2009canlii92615,https://canlii.ca/t/gl7px,https://www.canlii.org/en/on/onltb/doc/2009/2009canlii92615/2009canlii92615.html,SWT-01052-09 (Re),2009 CanLII 92615 (ON LTB),en,SWT-01052-09,2009-10-02,rental unit — email — assign the tenancy — landlord — name removed,,2009onltb1000860,NA
onltb,2009canlii78571,https://canlii.ca/t/285zs,https://www.canlii.org/en/on/onltb/doc/2009/2009canlii78571/2009canlii78571.html,TSL-27498 (Re),2009 CanLII 78571 (ON LTB),en,TSL-27498,2009-10-02,evict — mediated — terminate the tenancy — toll — settlement,,2009onltb1000421,NA
onltb,2009canlii78526,https://canlii.ca/t/285x9,https://www.canlii.org/en/on/onltb/doc/2009/2009canlii78526/2009canlii78526.html,TET-01934 (Re),2009 CanLII 78526 (ON LTB),en,TET-01934; TET-02104; TEL-21530-RV; TEL-24736; TEL-25985,2009-10-02,backyard — faucet — rental unit — residential complex — dogs,,2009onltb1000376,NA
onltb,2009canlii78493,https://canlii.ca/t/285w6,https://www.canlii.org/en/on/onltb/doc/2009/2009canlii78493/2009canlii78493.html,SWL-01366-09 (Re),2009 CanLII 78493 (ON LTB),en,SWL-01366-09,2009-10-02,rent deposit — tenancy — eviction — pay — unit,,2009onltb1000343,NA
onltb,2009canlii78463,https://canlii.ca/t/285v6,https://www.canlii.org/en/on/onltb/doc/2009/2009canlii78463/2009canlii78463.html,SOL-00406-09 (Re),2009 CanLII 78463 (ON LTB),en,SOL-00406-09,2009-10-02,arrears — rent — cheque — tenancy — evicting,,2009onltb1000313,NA
onltb,2009canlii78440,https://canlii.ca/t/285tf,https://www.canlii.org/en/on/onltb/doc/2009/2009canlii78440/2009canlii78440.html,NOL-00391-09 (Re),2009 CanLII 78440 (ON LTB),en,NOL-00391-09,2009-10-02,taps — water utility — damage to the rental unit — cleanliness — eviction,,2009onltb1000290,NA
onltb,2009canlii78423,https://canlii.ca/t/285sv,https://www.canlii.org/en/on/onltb/doc/2009/2009canlii78423/2009canlii78423.html,EAL-09284-SA (Re),2009 CanLII 78423 (ON LTB),en,EAL-09284-SA,2009-10-02,owe — motion to set aside — evict — mediated — toll,,2009onltb1000273,NA
onltb,2009canlii78410,https://canlii.ca/t/285sf,https://www.canlii.org/en/on/onltb/doc/2009/2009canlii78410/2009canlii78410.html,EAL-01090-09 (Re),2009 CanLII 78410 (ON LTB),en,EAL-01090-09,2009-10-02,tenancy — evicting — lawful rent — persistently — pay,,2009onltb1000260,NA
onltb,2009canlii78409,https://canlii.ca/t/285sd,https://www.canlii.org/en/on/onltb/doc/2009/2009canlii78409/2009canlii78409.html,EAL-01078-09 (Re),2009 CanLII 78409 (ON LTB),en,EAL-01078-09,2009-10-02,tenancy — last month rent deposit — owing — owes — evict,,2009onltb1000259,NA
onltb,2009canlii74525,https://canlii.ca/t/27ffn,https://www.canlii.org/en/on/onltb/doc/2009/2009canlii74525/2009canlii74525.html,TET-00140-09 (Re),2009 CanLII 74525 (ON LTB),en,TET-00140-09,2009-10-02,"Limitation periods — Residential Tenancies Act, 2006 — One-year limit on tenant applications — Whether the Tenant filed within one year under s. 29(2) — Mould growth occurred by mid-July 2008 — Application filed on a later August date — Time ran from occurrence of conduct absent delayed discovery — Application dismissed | Limitation periods — Discoverability — Application to s. 29(2) Residential Tenancies Act, 2006 — Does discoverability delay commencement of the one-year period — Central Trust v. Rafuse, Peixeiro v. Haberman, Aguonie v. Galion considered — Tenant ought reasonably to have discovered mould by mid-July 2008 — Discoverability not engaged on the facts — Application dismissed",,2009onltb1000038,2009canlii74525
onltb,2009canlii79000,https://canlii.ca/t/289mt,https://www.canlii.org/en/on/onltb/doc/2009/2009canlii79000/2009canlii79000.html,SWL-01079-09 (Re),2009 CanLII 79000 (ON LTB),en,SWL-01079-09,2009-10-01,unit — eviction — tenancy — superintendent — rental,,2009onltb1000531,NA
onltb,2009canlii78549,https://canlii.ca/t/285z2,https://www.canlii.org/en/on/onltb/doc/2009/2009canlii78549/2009canlii78549.html,TNL-29499 (Re),2009 CanLII 78549 (ON LTB),en,TNL-29499,2009-10-01,landlord — possession of the rental unit — mortgagee-in-possession — terminate the tenancy — purpose of residential occupation,,2009onltb1000399,NA
onltb,2009canlii78537,https://canlii.ca/t/285xn,https://www.canlii.org/en/on/onltb/doc/2009/2009canlii78537/2009canlii78537.html,TET-02248 (Re),2009 CanLII 78537 (ON LTB),en,TET-02248,2009-10-01,enjoyment of the rental unit — interfered — mobile home site — residential complex — rent,,2009onltb1000387,NA
onltb,2009canlii78505,https://canlii.ca/t/285wl,https://www.canlii.org/en/on/onltb/doc/2009/2009canlii78505/2009canlii78505.html,SWL-29117 (Re),2009 CanLII 78505 (ON LTB),en,SWL-29117,2009-10-01,rental unit — tenancy — mutually — evicting — reconnect,,2009onltb1000355,NA
onltb,2009canlii78502,https://canlii.ca/t/285wh,https://www.canlii.org/en/on/onltb/doc/2009/2009canlii78502/2009canlii78502.html,SWT-02478-RO (Re),2009 CanLII 78502 (ON LTB),en,SWT-02478-RO,2009-10-01,re-open the s application — possessions — mediated — illegally — storage,,2009onltb1000352,NA
onltb,2009canlii78488,https://canlii.ca/t/285w1,https://www.canlii.org/en/on/onltb/doc/2009/2009canlii78488/2009canlii78488.html,SWL-01158-09 (Re),2009 CanLII 78488 (ON LTB),en,SWL-01158-09,2009-10-01,eviction — unit — rent — terminate the tenancy — non-voidable,,2009onltb1000338,NA
onltb,2009canlii78486,https://canlii.ca/t/285vz,https://www.canlii.org/en/on/onltb/doc/2009/2009canlii78486/2009canlii78486.html,SOT-02458 (Re),2009 CanLII 78486 (ON LTB),en,SOT-02458,2009-10-01,glassware — carpet — painting — entered the rental unit illegally — piece,,2009onltb1000336,NA
onltb,2009canlii78484,https://canlii.ca/t/285vw,https://www.canlii.org/en/on/onltb/doc/2009/2009canlii78484/2009canlii78484.html,SOT-02427 (Re),2009 CanLII 78484 (ON LTB),en,SOT-02427,2009-10-01,last months rent deposit — landlord — last month of the tenancy — retained — collected,,2009onltb1000334,NA
onltb,2009canlii78476,https://canlii.ca/t/285vm,https://www.canlii.org/en/on/onltb/doc/2009/2009canlii78476/2009canlii78476.html,SOL-23011 (Re),2009 CanLII 78476 (ON LTB),en,SOL-23011,2009-10-01,rent deposit — eviction — tenancy — owing — pay,,2009onltb1000326,NA
onltb,2009canlii78454,https://canlii.ca/t/285tw,https://www.canlii.org/en/on/onltb/doc/2009/2009canlii78454/2009canlii78454.html,NOT-01189-RO (Re),2009 CanLII 78454 (ON LTB),en,NOT-01189-RO,2009-10-01,request to re-open — terms of the mediated agreement — illegally — unit — rummaging,,2009onltb1000304,NA
onltb,2009canlii78449,https://canlii.ca/t/285tq,https://www.canlii.org/en/on/onltb/doc/2009/2009canlii78449/2009canlii78449.html,NOL-08024 (Re),2009 CanLII 78449 (ON LTB),en,NOL-08024,2009-10-01,rent — owe — pay — evict — owing,,2009onltb1000299,NA
onltb,2009canlii78435,https://canlii.ca/t/285t8,https://www.canlii.org/en/on/onltb/doc/2009/2009canlii78435/2009canlii78435.html,NOL-00255-09 (Re),2009 CanLII 78435 (ON LTB),en,NOL-00255-09,2009-10-01,eviction — tenancy — rent deposit — owing — pay,,2009onltb1000285,NA
onltb,2009canlii78433,https://canlii.ca/t/285t6,https://www.canlii.org/en/on/onltb/doc/2009/2009canlii78433/2009canlii78433.html,NOL-00212-09 (Re),2009 CanLII 78433 (ON LTB),en,NOL-00212-09,2009-10-01,rent — terminate the tenancy — representative — application — deposit,,2009onltb1000283,NA
onltb,2009canlii78411,https://canlii.ca/t/285sg,https://www.canlii.org/en/on/onltb/doc/2009/2009canlii78411/2009canlii78411.html,EAL-01034-09 (Re),2009 CanLII 78411 (ON LTB),en,EAL-01034-09,2009-10-01,pay — tenancy — owes — evicting — arrears,,2009onltb1000261,NA
onltb,2009canlii78088,https://canlii.ca/t/283hs,https://www.canlii.org/en/on/onltb/doc/2009/2009canlii78088/2009canlii78088.html,TNL-28492 (Re),2009 CanLII 78088 (ON LTB),en,TNL-28492,2009-09-30,rental unit — rent — rats — trustworthy — detector,,2009onltb1000197,NA
onltb,2009canlii78029,https://canlii.ca/t/283ft,https://www.canlii.org/en/on/onltb/doc/2009/2009canlii78029/2009canlii78029.html,SOT-02297 (Re),2009 CanLII 78029 (ON LTB),en,SOT-02297,2009-09-30,missing lawn mower — belongings — evicted — garage — price,,2009onltb1000138,NA
onltb,2009canlii78022,https://canlii.ca/t/283fl,https://www.canlii.org/en/on/onltb/doc/2009/2009canlii78022/2009canlii78022.html,SOL-24983 (Re),2009 CanLII 78022 (ON LTB),en,SOL-24983,2009-09-30,owes — toll — owe — annually — interest,,2009onltb1000131,NA
onltb,2009canlii78014,https://canlii.ca/t/283fb,https://www.canlii.org/en/on/onltb/doc/2009/2009canlii78014/2009canlii78014.html,SOL-20475 (Re),2009 CanLII 78014 (ON LTB),en,SOL-20475,2009-09-30,retaining wall — capital expenditures — residential complex — rent — landlord,,2009onltb1000123,NA
onltb,2009canlii78010,https://canlii.ca/t/283f6,https://www.canlii.org/en/on/onltb/doc/2009/2009canlii78010/2009canlii78010.html,SOL-00374-09 (Re),2009 CanLII 78010 (ON LTB),en,SOL-00374-09,2009-09-30,tenancy — rent deposit — eviction — pay — owing,,2009onltb1000119,NA
onltb,2009canlii77951,https://canlii.ca/t/283c7,https://www.canlii.org/en/on/onltb/doc/2009/2009canlii77951/2009canlii77951.html,CET-02127 (Re),2009 CanLII 77951 (ON LTB),en,CET-02127,2009-09-30,water — tenants — enjoyment of the residential complex — rental unit — full amount owing,,2009onltb1000060,NA
onltb,2009canlii74524,https://canlii.ca/t/27ffm,https://www.canlii.org/en/on/onltb/doc/2009/2009canlii74524/2009canlii74524.html,TEL-26504 (Re),2009 CanLII 74524 (ON LTB),en,TEL-26504,2009-09-30,name removed — rent — former landlord — prepayment — eviction,,2009onltb1000037,NA
onltb,2009canlii79001,https://canlii.ca/t/289mv,https://www.canlii.org/en/on/onltb/doc/2009/2009canlii79001/2009canlii79001.html,SWL-01225-09 (Re),2009 CanLII 79001 (ON LTB),en,SWL-01225-09,2009-09-29,tenancy — rent deposit — eviction — pay — owing,,2009onltb1000532,NA
onltb,2009canlii78999,https://canlii.ca/t/289ms,https://www.canlii.org/en/on/onltb/doc/2009/2009canlii78999/2009canlii78999.html,SWL-01056-09 (Re),2009 CanLII 78999 (ON LTB),en,SWL-01056-09,2009-09-29,tenancy — eviction — rent — unit — owe,,2009onltb1000530,NA
onltb,2009canlii78120,https://canlii.ca/t/283jv,https://www.canlii.org/en/on/onltb/doc/2009/2009canlii78120/2009canlii78120.html,SOL-25047-RV (Re),2009 CanLII 78120 (ON LTB),en,SOL-25047-RV,2009-09-29,issued — tenancy — review — request — adjournment,,2009onltb1000229,NA
onltb,2009canlii78104,https://canlii.ca/t/283jb,https://www.canlii.org/en/on/onltb/doc/2009/2009canlii78104/2009canlii78104.html,TNT-01995 (Re),2009 CanLII 78104 (ON LTB),en,TNT-01995,2009-09-29,cockroach infestation — dishwasher — rental unit — pest control — roach,,2009onltb1000213,NA
onltb,2009canlii78038,https://canlii.ca/t/283g4,https://www.canlii.org/en/on/onltb/doc/2009/2009canlii78038/2009canlii78038.html,SWL-01544-09 (Re),2009 CanLII 78038 (ON LTB),en,SWL-01544-09,2009-09-29,eviction — tenancy — persistently — based on arrears of rent — application,,2009onltb1000147,NA
onltb,2009canlii78036,https://canlii.ca/t/283g2,https://www.canlii.org/en/on/onltb/doc/2009/2009canlii78036/2009canlii78036.html,SWL-00411-09-RV (Re),2009 CanLII 78036 (ON LTB),en,SWL-00411-09-RV,2009-09-29,arrears — owing — mutually — rent — issued,,2009onltb1000145,NA
onltb,2009canlii78023,https://canlii.ca/t/283fm,https://www.canlii.org/en/on/onltb/doc/2009/2009canlii78023/2009canlii78023.html,SOL-25046 (Re),2009 CanLII 78023 (ON LTB),en,SOL-25046,2009-09-29,tenancy — rent deposit — owing — pay — owe,,2009onltb1000132,NA
onltb,2009canlii78007,https://canlii.ca/t/283f3,https://www.canlii.org/en/on/onltb/doc/2009/2009canlii78007/2009canlii78007.html,SOL-00313-09 (Re),2009 CanLII 78007 (ON LTB),en,SOL-00313-09,2009-09-29,arrears — rent as it accrues — owe — pay — evict,,2009onltb1000116,NA
onltb,2009canlii74512,https://canlii.ca/t/27ff7,https://www.canlii.org/en/on/onltb/doc/2009/2009canlii74512/2009canlii74512.html,CEL-20864 (Re),2009 CanLII 74512 (ON LTB),en,CEL-20864,2009-09-29,rental unit — termination of his employment — name removed — rent — eviction,,2009onltb1000025,NA
onltb,2009canlii84373,https://canlii.ca/t/2bh29,https://www.canlii.org/en/on/onltb/doc/2009/2009canlii84373/2009canlii84373.html,TEL-26028 (Re),2009 CanLII 84373 (ON LTB),en,TEL-26028,2009-09-28,name removed — occupant of the rental unit — rent-geared-to-income — tenancy — residential complex,,2009onltb1000836,NA
onltb,2009canlii78097,https://canlii.ca/t/283j3,https://www.canlii.org/en/on/onltb/doc/2009/2009canlii78097/2009canlii78097.html,TNL-20412 (Re),2009 CanLII 78097 (ON LTB),en,TNL-20412; TNT-01486,2009-09-28,dog — enjoyment of the rental unit — carpet — find — daughter,,2009onltb1000206,NA
onltb,2009canlii78074,https://canlii.ca/t/283hb,https://www.canlii.org/en/on/onltb/doc/2009/2009canlii78074/2009canlii78074.html,TET-02258 (Re),2009 CanLII 78074 (ON LTB),en,TET-02258,2009-09-28,deposit — interest — pay — toll — illegally,,2009onltb1000183,NA
onltb,2009canlii78059,https://canlii.ca/t/283gt,https://www.canlii.org/en/on/onltb/doc/2009/2009canlii78059/2009canlii78059.html,TEL-21165-SA (Re),2009 CanLII 78059 (ON LTB),en,TEL-21165-SA,2009-09-28,eviction — void — non-refundable — amount — paid,,2009onltb1000168,NA
onltb,2009canlii77960,https://canlii.ca/t/283cj,https://www.canlii.org/en/on/onltb/doc/2009/2009canlii77960/2009canlii77960.html,CET-02313 (Re),2009 CanLII 77960 (ON LTB),en,CET-02313,2009-09-28,rental unit — rent — notice of termination — increase — bedroom,,2009onltb1000069,NA
onltb,2009canlii78096,https://canlii.ca/t/283j2,https://www.canlii.org/en/on/onltb/doc/2009/2009canlii78096/2009canlii78096.html,TNT-01837 (Re),2009 CanLII 78096 (ON LTB),en,TNT-01837,2009-09-25,railings — hot water tank — rental unit — setting on the hot water — interfered with the reasonable,,2009onltb1000205,NA
onltb,2009canlii78078,https://canlii.ca/t/283hg,https://www.canlii.org/en/on/onltb/doc/2009/2009canlii78078/2009canlii78078.html,TNL-26644-SA (Re),2009 CanLII 78078 (ON LTB),en,TNL-26644-SA,2009-09-25,eviction order during the period — void — paid — amount — motion,,2009onltb1000187,NA
onltb,2009canlii78069,https://canlii.ca/t/283h5,https://www.canlii.org/en/on/onltb/doc/2009/2009canlii78069/2009canlii78069.html,TEL-25645-RV (Re),2009 CanLII 78069 (ON LTB),en,TEL-25645-RV,2009-09-25,evict — toll — owe — unchanged — tenancy,,2009onltb1000178,NA
onltb,2009canlii78025,https://canlii.ca/t/283fp,https://www.canlii.org/en/on/onltb/doc/2009/2009canlii78025/2009canlii78025.html,SOL-25049 (Re),2009 CanLII 78025 (ON LTB),en,SOL-25049,2009-09-25,rent — eviction — possession of the rental unit — application — daughter,,2009onltb1000134,NA
onltb,2009canlii78005,https://canlii.ca/t/283f1,https://www.canlii.org/en/on/onltb/doc/2009/2009canlii78005/2009canlii78005.html,SOL-00064-09 (Re),2009 CanLII 78005 (ON LTB),en,SOL-00064-09,2009-09-25,chimney — repairs — rent — cutting the grass — windows,,2009onltb1000114,NA
onltb,2009canlii77980,https://canlii.ca/t/283d6,https://www.canlii.org/en/on/onltb/doc/2009/2009canlii77980/2009canlii77980.html,NOL-07588-RV (Re),2009 CanLII 77980 (ON LTB),en,NOL-07588-RV,2009-09-25,rent — rental arrears — owes — pay — evict,,2009onltb1000089,NA
onltb,2009canlii77964,https://canlii.ca/t/283cn,https://www.canlii.org/en/on/onltb/doc/2009/2009canlii77964/2009canlii77964.html,EAL-17674-RV (Re),2009 CanLII 77964 (ON LTB),en,EAL-17674-RV,2009-09-25,rental unit — eviction — tenancy — consented — rent,,2009onltb1000073,NA
onltb,2009canlii77953,https://canlii.ca/t/283c9,https://www.canlii.org/en/on/onltb/doc/2009/2009canlii77953/2009canlii77953.html,CEL-21213 (Re),2009 CanLII 77953 (ON LTB),en,CEL-21213,2009-09-25,rent deposit — owing — mediated settlement — eviction — arrears,,2009onltb1000062,NA
onltb,2009canlii75844,https://canlii.ca/t/27s06,https://www.canlii.org/en/on/onltb/doc/2009/2009canlii75844/2009canlii75844.html,CEL-00119-09 (Re),2009 CanLII 75844 (ON LTB),en,CEL-00119-09,2009-09-25,rent deposit — tenancy — eviction — pay — owing,,2009onltb1000045,NA
onltb,2009canlii78083,https://canlii.ca/t/283hm,https://www.canlii.org/en/on/onltb/doc/2009/2009canlii78083/2009canlii78083.html,TNL-27196-SA (Re),2009 CanLII 78083 (ON LTB),en,TNL-27196-SA,2009-09-24,eviction order during the period — void — amount — motion — enforced,,2009onltb1000192,NA
onltb,2009canlii78068,https://canlii.ca/t/283h4,https://www.canlii.org/en/on/onltb/doc/2009/2009canlii78068/2009canlii78068.html,TEL-25488-RV (Re),2009 CanLII 78068 (ON LTB),en,TEL-25488-RV,2009-09-24,noh — terminate the tenancy — shoved them into his pocket — evict — folded,,2009onltb1000177,NA
onltb,2009canlii78061,https://canlii.ca/t/283gw,https://www.canlii.org/en/on/onltb/doc/2009/2009canlii78061/2009canlii78061.html,TEL-23582-RV (Re),2009 CanLII 78061 (ON LTB),en,TEL-23582-RV,2009-09-24,pay — tenancy — evicting — arrears — rent,,2009onltb1000170,NA
onltb,2009canlii77959,https://canlii.ca/t/283ch,https://www.canlii.org/en/on/onltb/doc/2009/2009canlii77959/2009canlii77959.html,EAL-00766-09 (Re),2009 CanLII 77959 (ON LTB),en,EAL-00766-09,2009-09-24,tenancy — locking — resolves — toll — owe,,2009onltb1000068,NA
onltb,2009canlii78111,https://canlii.ca/t/283jk,https://www.canlii.org/en/on/onltb/doc/2009/2009canlii78111/2009canlii78111.html,TSL-27478 (Re),2009 CanLII 78111 (ON LTB),en,TSL-27478,2009-09-23,rental unit — eviction — tenancy — toll — expires,,2009onltb1000220,NA
onltb,2009canlii78080,https://canlii.ca/t/283hj,https://www.canlii.org/en/on/onltb/doc/2009/2009canlii78080/2009canlii78080.html,TET-02279 (Re),2009 CanLII 78080 (ON LTB),en,TET-02279,2009-09-23,interfered with the reasonable — supply — toll — application — enjoyment,,2009onltb1000189,NA
onltb,2009canlii78055,https://canlii.ca/t/283gp,https://www.canlii.org/en/on/onltb/doc/2009/2009canlii78055/2009canlii78055.html,SWT-00565-09 (Re),2009 CanLII 78055 (ON LTB),en,SWT-00565-09,2009-09-23,condition of the rental unit — keys — appliances — kitchen — rent,,2009onltb1000164,NA
onltb,2009canlii78044,https://canlii.ca/t/283gb,https://www.canlii.org/en/on/onltb/doc/2009/2009canlii78044/2009canlii78044.html,SWL-28640 (Re),2009 CanLII 78044 (ON LTB),en,SWL-28640,2009-09-23,eviction — tenancy — pay — unit — owing,,2009onltb1000153,NA
onltb,2009canlii78043,https://canlii.ca/t/283g9,https://www.canlii.org/en/on/onltb/doc/2009/2009canlii78043/2009canlii78043.html,SWL-27283 (Re),2009 CanLII 78043 (ON LTB),en,SWL-27283; SWT-00544-09,2009-09-23,rent deposit — possession of the rental unit — submits — collected — lease,,2009onltb1000152,NA
onltb,2009canlii78011,https://canlii.ca/t/283f7,https://www.canlii.org/en/on/onltb/doc/2009/2009canlii78011/2009canlii78011.html,SOL-20100-VO (Re),2009 CanLII 78011 (ON LTB),en,SOL-20100-VO,2009-09-23,void — eviction — arrears — enforced — paid,,2009onltb1000120,NA
onltb,2009canlii77993,https://canlii.ca/t/283dm,https://www.canlii.org/en/on/onltb/doc/2009/2009canlii77993/2009canlii77993.html,NOL-07899 (Re),2009 CanLII 77993 (ON LTB),en,NOL-07899,2009-09-23,rental unit — residential — rent — tenancy — rental units,,2009onltb1000102,NA
onltb,2009canlii77991,https://canlii.ca/t/283dk,https://www.canlii.org/en/on/onltb/doc/2009/2009canlii77991/2009canlii77991.html,NOL-07898 (Re),2009 CanLII 77991 (ON LTB),en,NOL-07898,2009-09-23,rental unit — residential — rent — tenancy — rental units,,2009onltb1000100,NA
onltb,2009canlii77990,https://canlii.ca/t/283dj,https://www.canlii.org/en/on/onltb/doc/2009/2009canlii77990/2009canlii77990.html,NOL-07897 (Re),2009 CanLII 77990 (ON LTB),en,NOL-07897,2009-09-23,rental unit — residential — rent — tenancy — rental units,,2009onltb1000099,NA
onltb,2009canlii78093,https://canlii.ca/t/283hz,https://www.canlii.org/en/on/onltb/doc/2009/2009canlii78093/2009canlii78093.html,TNL-28911-SA (Re),2009 CanLII 78093 (ON LTB),en,TNL-28911-SA,2009-09-22,issued — motion to set aside — evict — toll — justifiable,,2009onltb1000202,NA
onltb,2009canlii78052,https://canlii.ca/t/283gl,https://www.canlii.org/en/on/onltb/doc/2009/2009canlii78052/2009canlii78052.html,SWT-00651-09 (Re),2009 CanLII 78052 (ON LTB),en,SWT-00651-09,2009-09-22,sump — damage — water — rain event — drainage,,2009onltb1000161,NA
onltb,2009canlii78035,https://canlii.ca/t/283g1,https://www.canlii.org/en/on/onltb/doc/2009/2009canlii78035/2009canlii78035.html,SOT-02428 (Re),2009 CanLII 78035 (ON LTB),en,SOT-02428,2009-09-22,dog — unit — fridge — hydro — check,,2009onltb1000144,NA
onltb,2009canlii78034,https://canlii.ca/t/283g0,https://www.canlii.org/en/on/onltb/doc/2009/2009canlii78034/2009canlii78034.html,SOT-02401 (Re),2009 CanLII 78034 (ON LTB),en,SOT-02401,2009-09-22,roof — skylights — balcony — air conditioners — unit,,2009onltb1000143,NA
onltb,2009canlii78030,https://canlii.ca/t/283fv,https://www.canlii.org/en/on/onltb/doc/2009/2009canlii78030/2009canlii78030.html,SOT-02298 (Re),2009 CanLII 78030 (ON LTB),en,SOT-02298,2009-09-22,rental unit — window — mould — floor — maintenance,,2009onltb1000139,NA
onltb,2009canlii77973,https://canlii.ca/t/283cz,https://www.canlii.org/en/on/onltb/doc/2009/2009canlii77973/2009canlii77973.html,EAT-00259-09 (Re),2009 CanLII 77973 (ON LTB),en,EAT-00259-09; EAT-00334-09,2009-09-22,hundred acres — reasonable enjoyment of the rental — maintenance — rent — farm house,,2009onltb1000082,NA
onltb,2009canlii77948,https://canlii.ca/t/283c4,https://www.canlii.org/en/on/onltb/doc/2009/2009canlii77948/2009canlii77948.html,CEL-21026 (Re),2009 CanLII 77948 (ON LTB),en,CEL-21026,2009-09-22,rent deposit — agreement to terminate the tenancy — owe — owing — amount,,2009onltb1000057,NA
onltb,2009canlii75843,https://canlii.ca/t/27s05,https://www.canlii.org/en/on/onltb/doc/2009/2009canlii75843/2009canlii75843.html,CET-02308 (Re),2009 CanLII 75843 (ON LTB),en,CET-02308,2009-09-22,toll — illegally — accounted — money — tenancy,,2009onltb1000044,NA
onltb,2009canlii78075,https://canlii.ca/t/283hc,https://www.canlii.org/en/on/onltb/doc/2009/2009canlii78075/2009canlii78075.html,TET-02225 (Re),2009 CanLII 78075 (ON LTB),en,TET-02225,2009-09-21,pay the rent — payment — mater — former landlord — negotiable,,2009onltb1000184,NA
onltb,2009canlii78064,https://canlii.ca/t/283h0,https://www.canlii.org/en/on/onltb/doc/2009/2009canlii78064/2009canlii78064.html,TEL-24565-SA (Re),2009 CanLII 78064 (ON LTB),en,TEL-24565-SA,2009-09-21,non-refundable — eviction order during the period — void — motion — enforced,,2009onltb1000173,NA
onltb,2009canlii78063,https://canlii.ca/t/283gz,https://www.canlii.org/en/on/onltb/doc/2009/2009canlii78063/2009canlii78063.html,SWT-02542 (Re),2009 CanLII 78063 (ON LTB),en,SWT-02542,2009-09-21,rent — tenancy — enjoyment of the rental unit — reasonable enjoyment of the rental — applied for an order determining,,2009onltb1000172,NA
onltb,2009canlii78060,https://canlii.ca/t/283gv,https://www.canlii.org/en/on/onltb/doc/2009/2009canlii78060/2009canlii78060.html,SWT-02535 (Re),2009 CanLII 78060 (ON LTB),en,SWT-02535,2009-09-21,swimming pool — facility — discontinuance — rent reduction — cost,,2009onltb1000169,NA
onltb,2009canlii78056,https://canlii.ca/t/283gq,https://www.canlii.org/en/on/onltb/doc/2009/2009canlii78056/2009canlii78056.html,SWT-02323 (Re),2009 CanLII 78056 (ON LTB),en,SWT-02323,2009-09-21,rental unit — electricity — vital service — belongings out of the rental — tenancy,,2009onltb1000165,NA
onltb,2009canlii78054,https://canlii.ca/t/283gn,https://www.canlii.org/en/on/onltb/doc/2009/2009canlii78054/2009canlii78054.html,SWT-01133-09 (Re),2009 CanLII 78054 (ON LTB),en,SWT-01133-09,2009-09-21,evicted — applied for an order determining — resolves — retained — pay,,2009onltb1000163,NA
onltb,2009canlii78012,https://canlii.ca/t/283f8,https://www.canlii.org/en/on/onltb/doc/2009/2009canlii78012/2009canlii78012.html,SOL-24358 (Re),2009 CanLII 78012 (ON LTB),en,SOL-24358,2009-09-21,rent deposit — owing — tenancy — pay — unit,,2009onltb1000121,NA
onltb,2009canlii77947,https://canlii.ca/t/283c3,https://www.canlii.org/en/on/onltb/doc/2009/2009canlii77947/2009canlii77947.html,CEL-20988-SA (Re),2009 CanLII 77947 (ON LTB),en,CEL-20988-SA,2009-09-21,arrears — pay the rent — evict — owing — inaccurate rent ledger,,2009onltb1000056,NA
onltb,2009canlii78079,https://canlii.ca/t/283hh,https://www.canlii.org/en/on/onltb/doc/2009/2009canlii78079/2009canlii78079.html,TET-02301 (Re),2009 CanLII 78079 (ON LTB),en,TET-02301,2009-09-18,owed — retained money illegally — application — balance — unpaid,,2009onltb1000188,NA
onltb,2009canlii78066,https://canlii.ca/t/283h2,https://www.canlii.org/en/on/onltb/doc/2009/2009canlii78066/2009canlii78066.html,TEL-25591-RV (Re),2009 CanLII 78066 (ON LTB),en,TEL-25591-RV,2009-09-18,mediation — evict — toll — resolved — tenancy,,2009onltb1000175,NA
onltb,2009canlii78053,https://canlii.ca/t/283gm,https://www.canlii.org/en/on/onltb/doc/2009/2009canlii78053/2009canlii78053.html,SWT-02146 (Re),2009 CanLII 78053 (ON LTB),en,SWT-02146; SWL-27484,2009-09-18,bedbug infestation — damage to the rental unit — undue damage to the rental — presence of bedbugs — repair,,2009onltb1000162,NA
onltb,2009canlii78041,https://canlii.ca/t/283g7,https://www.canlii.org/en/on/onltb/doc/2009/2009canlii78041/2009canlii78041.html,SWL-27190-SA (Re),2009 CanLII 78041 (ON LTB),en,SWL-27190-SA,2009-09-18,eviction — paid — void — non-refundable — fees,,2009onltb1000150,NA
onltb,2009canlii78028,https://canlii.ca/t/283fs,https://www.canlii.org/en/on/onltb/doc/2009/2009canlii78028/2009canlii78028.html,SOL-25026 (Re),2009 CanLII 78028 (ON LTB),en,SOL-25026; SOT-02285,2009-09-18,unit — tenancy — rent deposit — eviction — carpet,,2009onltb1000137,NA
onltb,2009canlii77971,https://canlii.ca/t/283cw,https://www.canlii.org/en/on/onltb/doc/2009/2009canlii77971/2009canlii77971.html,EAT-00312-09 (Re),2009 CanLII 77971 (ON LTB),en,EAT-00312-09,2009-09-18,summer room — potable water — mould — rental unit — farmhouse,,2009onltb1000080,NA
onltb,2009canlii78119,https://canlii.ca/t/283jt,https://www.canlii.org/en/on/onltb/doc/2009/2009canlii78119/2009canlii78119.html,TST-02676 (Re),2009 CanLII 78119 (ON LTB),en,TST-02676,2009-09-17,agreement to terminate the tenancy — last month s rent deposit — owe — rental units — amount,,2009onltb1000228,NA
onltb,2009canlii78117,https://canlii.ca/t/283jr,https://www.canlii.org/en/on/onltb/doc/2009/2009canlii78117/2009canlii78117.html,TST-02738 (Re),2009 CanLII 78117 (ON LTB),en,TST-02738,2009-09-17,tenancy — permited — unit — learn — paid rent directly,,2009onltb1000226,NA
onltb,2009canlii78032,https://canlii.ca/t/283fx,https://www.canlii.org/en/on/onltb/doc/2009/2009canlii78032/2009canlii78032.html,SOT-02398-IN (Re),2009 CanLII 78032 (ON LTB),en,SOT-02398-IN,2009-09-17,small — rescheduling — application — envelope — arrears,,2009onltb1000141,NA
onltb,2009canlii77950,https://canlii.ca/t/283c6,https://www.canlii.org/en/on/onltb/doc/2009/2009canlii77950/2009canlii77950.html,CEL-21117 (Re),2009 CanLII 77950 (ON LTB),en,CEL-21117,2009-09-17,toll — comply — unduly — delayed — days,,2009onltb1000059,NA
onltb,2009canlii77949,https://canlii.ca/t/283c5,https://www.canlii.org/en/on/onltb/doc/2009/2009canlii77949/2009canlii77949.html,CEL-21116 (Re),2009 CanLII 77949 (ON LTB),en,CEL-21116,2009-09-17,self-contained rental unit — commencement of the tenancy — changes to the dwelling — basement — zoning,,2009onltb1000058,NA
onltb,2009canlii75672,https://canlii.ca/t/27qxs,https://www.canlii.org/en/on/onltb/doc/2009/2009canlii75672/2009canlii75672.html,CEL-00085-09 (Re),2009 CanLII 75672 (ON LTB),en,CEL-00085-09,2009-09-17,tenancy — eviction — pay — rent deposit — owing,,2009onltb1000042,NA
onltb,2009canlii81897,https://canlii.ca/t/29bkt,https://www.canlii.org/en/on/onltb/doc/2009/2009canlii81897/2009canlii81897.html,TNL-29194 (Re),2009 CanLII 81897 (ON LTB),en,TNL-29194,2009-09-16,eviction — owing — must pay — continue the tenancy — roof,,2009onltb1000834,NA
onltb,2009canlii78121,https://canlii.ca/t/283jw,https://www.canlii.org/en/on/onltb/doc/2009/2009canlii78121/2009canlii78121.html,SOL-00077-09 (Re),2009 CanLII 78121 (ON LTB),en,SOL-00077-09,2009-09-16,evict — mortgage — rent payments — toll — refute,,2009onltb1000230,NA
onltb,2009canlii78037,https://canlii.ca/t/283g3,https://www.canlii.org/en/on/onltb/doc/2009/2009canlii78037/2009canlii78037.html,SWL-00867-09 (Re),2009 CanLII 78037 (ON LTB),en,SWL-00867-09,2009-09-16,re-argue — serious error — review — evict — toll,,2009onltb1000146,NA
onltb,2009canlii78009,https://canlii.ca/t/283f5,https://www.canlii.org/en/on/onltb/doc/2009/2009canlii78009/2009canlii78009.html,SOL-00215-09 (Re),2009 CanLII 78009 (ON LTB),en,SOL-00215-09,2009-09-16,eviction — tenancy — rent deposit — pay — owing,,2009onltb1000118,NA
onltb,2009canlii77996,https://canlii.ca/t/283dq,https://www.canlii.org/en/on/onltb/doc/2009/2009canlii77996/2009canlii77996.html,NOL-07964 (Re),2009 CanLII 77996 (ON LTB),en,NOL-07964,2009-09-16,rent — tenancy — rental — eviction — unit,,2009onltb1000105,NA
onltb,2009canlii77981,https://canlii.ca/t/283d7,https://www.canlii.org/en/on/onltb/doc/2009/2009canlii77981/2009canlii77981.html,NOL-07719 (Re),2009 CanLII 77981 (ON LTB),en,NOL-07719,2009-09-16,toll — renting — occupancy — house — applies,,2009onltb1000090,NA
onltb,2009canlii77966,https://canlii.ca/t/283cq,https://www.canlii.org/en/on/onltb/doc/2009/2009canlii77966/2009canlii77966.html,EAL-18011 (Re),2009 CanLII 77966 (ON LTB),en,EAL-18011,2009-09-16,eviction — possession of the rental unit — tenancy — amount of the outstanding arrears — rent,,2009onltb1000075,NA
onltb,2009canlii78076,https://canlii.ca/t/283hd,https://www.canlii.org/en/on/onltb/doc/2009/2009canlii78076/2009canlii78076.html,TET-01907-RV (Re),2009 CanLII 78076 (ON LTB),en,TET-01907-RV,2009-09-15,venting of the clothes dryer — lint — vented — stocking — serious error,,2009onltb1000185,NA
onltb,2009canlii78042,https://canlii.ca/t/283g8,https://www.canlii.org/en/on/onltb/doc/2009/2009canlii78042/2009canlii78042.html,SWL-28541-VO (Re),2009 CanLII 78042 (ON LTB),en,SWL-28541-VO,2009-09-15,eviction — tenancy — resolve the issues with respect — amount required to void — motion,,2009onltb1000151,NA
onltb,2009canlii78020,https://canlii.ca/t/283fj,https://www.canlii.org/en/on/onltb/doc/2009/2009canlii78020/2009canlii78020.html,SOL-24694-SA (Re),2009 CanLII 78020 (ON LTB),en,SOL-24694-SA,2009-09-15,unit — tenancy — rent — eviction may be enforced — directed to give vacant possession,,2009onltb1000129,NA
onltb,2009canlii78019,https://canlii.ca/t/283fh,https://www.canlii.org/en/on/onltb/doc/2009/2009canlii78019/2009canlii78019.html,SOL-24600-SA (Re),2009 CanLII 78019 (ON LTB),en,SOL-24600-SA,2009-09-15,terminate — evict — rent — mediated — toll,,2009onltb1000128,NA
onltb,2009canlii78008,https://canlii.ca/t/283f4,https://www.canlii.org/en/on/onltb/doc/2009/2009canlii78008/2009canlii78008.html,SOL-00113-09 (Re),2009 CanLII 78008 (ON LTB),en,SOL-00113-09,2009-09-15,eviction — tenancy — rent deposit — pay — owing,,2009onltb1000117,NA
onltb,2009canlii78001,https://canlii.ca/t/283dw,https://www.canlii.org/en/on/onltb/doc/2009/2009canlii78001/2009canlii78001.html,NOT-01202 (Re),2009 CanLII 78001 (ON LTB),en,NOT-01202,2009-09-15,last month s rent deposit — interest — full amount owing — pay — outstanding,,2009onltb1000110,NA
onltb,2009canlii77988,https://canlii.ca/t/283dg,https://www.canlii.org/en/on/onltb/doc/2009/2009canlii77988/2009canlii77988.html,NOL-07705 (Re),2009 CanLII 77988 (ON LTB),en,NOL-07705,2009-09-15,unit — water — smoke detector — eviction — bathroom,,2009onltb1000097,NA
onltb,2009canlii78090,https://canlii.ca/t/283hv,https://www.canlii.org/en/on/onltb/doc/2009/2009canlii78090/2009canlii78090.html,TNL-28503 (Re),2009 CanLII 78090 (ON LTB),en,TNL-28503,2009-09-14,rent deposit — mice — detectors — rebate — regards,,2009onltb1000199,NA
onltb,2009canlii78046,https://canlii.ca/t/283gd,https://www.canlii.org/en/on/onltb/doc/2009/2009canlii78046/2009canlii78046.html,SWL-28699-RV (Re),2009 CanLII 78046 (ON LTB),en,SWL-28699-RV,2009-09-14,rental unit — mailbox — agent — evicting — undelivered,,2009onltb1000155,NA
onltb,2009canlii77942,https://canlii.ca/t/283bx,https://www.canlii.org/en/on/onltb/doc/2009/2009canlii77942/2009canlii77942.html,CEL-20822-AM (Re),2009 CanLII 77942 (ON LTB),en,CEL-20822-AM,2009-09-14,rent — pay — owe — rental unit — owing,,2009onltb1000051,NA
onltb,2009canlii75846,https://canlii.ca/t/27s08,https://www.canlii.org/en/on/onltb/doc/2009/2009canlii75846/2009canlii75846.html,CEL-19767 (Re),2009 CanLII 75846 (ON LTB),en,CEL-19767,2009-09-14,mould — carpets — rent — vacated the rental unit — tenancy,,2009onltb1000047,NA
onltb,2009canlii74523,https://canlii.ca/t/27ffl,https://www.canlii.org/en/on/onltb/doc/2009/2009canlii74523/2009canlii74523.html,TET-02061  (Re),2009 CanLII 74523 (ON LTB),en,TET-02061; TEL-24393,2009-09-14,basement — bathroom — kitchen — living accommodation — required to share,,2009onltb1000036,NA
onltb,2009canlii78118,https://canlii.ca/t/283js,https://www.canlii.org/en/on/onltb/doc/2009/2009canlii78118/2009canlii78118.html,TSL-27118 (Re),2009 CanLII 78118 (ON LTB),en,TSL-27118,2009-09-11,must pay — eviction — charges related to cheque charges — continue the tenancy — rent deposit,,2009onltb1000227,NA
onltb,2009canlii78113,https://canlii.ca/t/283jm,https://www.canlii.org/en/on/onltb/doc/2009/2009canlii78113/2009canlii78113.html,TSL-27108 (Re),2009 CanLII 78113 (ON LTB),en,TSL-27108,2009-09-11,tenancy — eviction — pay — rent deposit — owing,,2009onltb1000222,NA
onltb,2009canlii78112,https://canlii.ca/t/283jl,https://www.canlii.org/en/on/onltb/doc/2009/2009canlii78112/2009canlii78112.html,TSL-27117 (Re),2009 CanLII 78112 (ON LTB),en,TSL-27117,2009-09-11,eviction — pay — tenancy — rent deposit — owing,,2009onltb1000221,NA
onltb,2009canlii78110,https://canlii.ca/t/283jj,https://www.canlii.org/en/on/onltb/doc/2009/2009canlii78110/2009canlii78110.html,TSL-27097 (Re),2009 CanLII 78110 (ON LTB),en,TSL-27097,2009-09-11,tenancy — eviction — rent deposit — unit — owes,,2009onltb1000219,NA
onltb,2009canlii78109,https://canlii.ca/t/283jh,https://www.canlii.org/en/on/onltb/doc/2009/2009canlii78109/2009canlii78109.html,TSL-27101 (Re),2009 CanLII 78109 (ON LTB),en,TSL-27101,2009-09-11,rent — abatement — mediated — specified in the settlement — evict,,2009onltb1000218,NA
onltb,2009canlii78108,https://canlii.ca/t/283jg,https://www.canlii.org/en/on/onltb/doc/2009/2009canlii78108/2009canlii78108.html,TSL-27002 (Re),2009 CanLII 78108 (ON LTB),en,TSL-27002,2009-09-11,rent deposit — abatement — garage — owing — tenancy,,2009onltb1000217,NA
onltb,2009canlii78106,https://canlii.ca/t/283jd,https://www.canlii.org/en/on/onltb/doc/2009/2009canlii78106/2009canlii78106.html,TSL-26974 (Re),2009 CanLII 78106 (ON LTB),en,TSL-26974,2009-09-11,arrears — rent — tenancy — evicting — pay,,2009onltb1000215,NA
onltb,2009canlii78089,https://canlii.ca/t/283ht,https://www.canlii.org/en/on/onltb/doc/2009/2009canlii78089/2009canlii78089.html,TNL-28579 (Re),2009 CanLII 78089 (ON LTB),en,TNL-28579,2009-09-11,guaranteed funds — pay the the rent — representing arrears — application filing fee — eviction,,2009onltb1000198,NA
onltb,2009canlii78026,https://canlii.ca/t/283fq,https://www.canlii.org/en/on/onltb/doc/2009/2009canlii78026/2009canlii78026.html,SOT-00156-09 (Re),2009 CanLII 78026 (ON LTB),en,SOT-00156-09,2009-09-11,superintendent — last months rent deposit — possession of the unit — terminate the tenancy — vacated,,2009onltb1000135,NA
onltb,2009canlii78024,https://canlii.ca/t/283fn,https://www.canlii.org/en/on/onltb/doc/2009/2009canlii78024/2009canlii78024.html,SOL-24781-SA (Re),2009 CanLII 78024 (ON LTB),en,SOL-24781-SA,2009-09-11,tenancy — eviction — rent — owing — pay,,2009onltb1000133,NA
onltb,2009canlii78004,https://canlii.ca/t/283f0,https://www.canlii.org/en/on/onltb/doc/2009/2009canlii78004/2009canlii78004.html,NOT-01209 (Re),2009 CanLII 78004 (ON LTB),en,NOT-01209,2009-09-11,rent — pay — termination claiming the required possession — amount — notice,,2009onltb1000113,NA
onltb,2009canlii77999,https://canlii.ca/t/283dt,https://www.canlii.org/en/on/onltb/doc/2009/2009canlii77999/2009canlii77999.html,NOT-01194 (Re),2009 CanLII 77999 (ON LTB),en,NOT-01194,2009-09-11,rental unit — heat — vital service — rent — water,,2009onltb1000108,NA
onltb,2009canlii77961,https://canlii.ca/t/283ck,https://www.canlii.org/en/on/onltb/doc/2009/2009canlii77961/2009canlii77961.html,EAL-17946 (Re),2009 CanLII 77961 (ON LTB),en,EAL-17946,2009-09-11,tenancy — evicting — toll — owes — terminating,,2009onltb1000070,NA
onltb,2009canlii77957,https://canlii.ca/t/283cf,https://www.canlii.org/en/on/onltb/doc/2009/2009canlii77957/2009canlii77957.html,CET-02317 (Re),2009 CanLII 77957 (ON LTB),en,CET-02317,2009-09-11,toll — application — termination — faith — bad,,2009onltb1000066,NA
onltb,2009canlii77944,https://canlii.ca/t/283c0,https://www.canlii.org/en/on/onltb/doc/2009/2009canlii77944/2009canlii77944.html,CEL-20953 (Re),2009 CanLII 77944 (ON LTB),en,CEL-20953,2009-09-11,towards the outstanding balance — pay to the the rent — rent owing — tenancy — evicting,,2009onltb1000053,NA
onltb,2009canlii78101,https://canlii.ca/t/283j7,https://www.canlii.org/en/on/onltb/doc/2009/2009canlii78101/2009canlii78101.html,TNT-01981 (Re),2009 CanLII 78101 (ON LTB),en,TNT-01981,2009-09-10,key deposit — interest — pay — full amount owing — outstanding,,2009onltb1000210,NA
onltb,2009canlii78062,https://canlii.ca/t/283gx,https://www.canlii.org/en/on/onltb/doc/2009/2009canlii78062/2009canlii78062.html,TEL-24392 (Re),2009 CanLII 78062 (ON LTB),en,TEL-24392,2009-09-10,rent deposit — owing — pay — tenancy — owes,,2009onltb1000171,NA
onltb,2009canlii78048,https://canlii.ca/t/283gg,https://www.canlii.org/en/on/onltb/doc/2009/2009canlii78048/2009canlii78048.html,SWL-28878 (Re),2009 CanLII 78048 (ON LTB),en,SWL-28878,2009-09-10,rent deposit — owing — tenancy — unit — abatement of rent,,2009onltb1000157,NA
onltb,2009canlii78017,https://canlii.ca/t/283ff,https://www.canlii.org/en/on/onltb/doc/2009/2009canlii78017/2009canlii78017.html,SOL-24648 (Re),2009 CanLII 78017 (ON LTB),en,SOL-24648,2009-09-10,evictions — applies — toll — occupancy — attended,,2009onltb1000126,NA
onltb,2009canlii77998,https://canlii.ca/t/283ds,https://www.canlii.org/en/on/onltb/doc/2009/2009canlii77998/2009canlii77998.html,NOT-01191 (Re),2009 CanLII 77998 (ON LTB),en,NOT-01191,2009-09-10,residential complex — improper notice of termination — enjoyment of the rental unit — tenancy — interfered,,2009onltb1000107,NA
onltb,2009canlii77997,https://canlii.ca/t/283dr,https://www.canlii.org/en/on/onltb/doc/2009/2009canlii77997/2009canlii77997.html,NOT-01190 (Re),2009 CanLII 77997 (ON LTB),en,NOT-01190,2009-09-10,maintenance — pay the the full amount — abatement — tiles — awarded,,2009onltb1000106,NA
onltb,2009canlii77995,https://canlii.ca/t/283dp,https://www.canlii.org/en/on/onltb/doc/2009/2009canlii77995/2009canlii77995.html,NOL-07928 (Re),2009 CanLII 77995 (ON LTB),en,NOL-07928,2009-09-10,pay — rent — owing — toll — owe,,2009onltb1000104,NA
onltb,2009canlii77992,https://canlii.ca/t/283dl,https://www.canlii.org/en/on/onltb/doc/2009/2009canlii77992/2009canlii77992.html,NOL-07896 (Re),2009 CanLII 77992 (ON LTB),en,NOL-07896,2009-09-10,tenancy — eviction — rent deposit — pay — owing,,2009onltb1000101,NA
onltb,2009canlii77989,https://canlii.ca/t/283dh,https://www.canlii.org/en/on/onltb/doc/2009/2009canlii77989/2009canlii77989.html,NOL-07894 (Re),2009 CanLII 77989 (ON LTB),en,NOL-07894,2009-09-10,evict — toll — owe — tenancy — abandoned,,2009onltb1000098,NA
onltb,2009canlii77945,https://canlii.ca/t/283c1,https://www.canlii.org/en/on/onltb/doc/2009/2009canlii77945/2009canlii77945.html,CEL-20845 (Re),2009 CanLII 77945 (ON LTB),en,CEL-20845,2009-09-10,rent deposit — owe — pay — minus — rate,,2009onltb1000054,NA
onltb,2009canlii78100,https://canlii.ca/t/283j6,https://www.canlii.org/en/on/onltb/doc/2009/2009canlii78100/2009canlii78100.html,TNT-01975 (Re),2009 CanLII 78100 (ON LTB),en,TNT-01975; TNL-28333-SA,2009-09-09,windows — set aside — ex parte — mediated agreement — motion,,2009onltb1000209,NA
onltb,2009canlii78098,https://canlii.ca/t/283j4,https://www.canlii.org/en/on/onltb/doc/2009/2009canlii78098/2009canlii78098.html,TNT-01900-RV (Re),2009 CanLII 78098 (ON LTB),en,TNT-01900-RV,2009-09-09,breach of his obligations — cleanup — abatement — flooding — review,,2009onltb1000207,NA
onltb,2009canlii78082,https://canlii.ca/t/283hl,https://www.canlii.org/en/on/onltb/doc/2009/2009canlii78082/2009canlii78082.html,TNL-27989-RV (Re),2009 CanLII 78082 (ON LTB),en,TNL-27989-RV,2009-09-09,participate in the hearing held — mailbox — evict — mail — toll,,2009onltb1000191,NA
onltb,2009canlii78057,https://canlii.ca/t/283gr,https://www.canlii.org/en/on/onltb/doc/2009/2009canlii78057/2009canlii78057.html,SWT-02506 (Re),2009 CanLII 78057 (ON LTB),en,SWT-02506,2009-09-09,rental unit — mattress — roof — ceiling — sectional,,2009onltb1000166,NA
onltb,2009canlii78047,https://canlii.ca/t/283gf,https://www.canlii.org/en/on/onltb/doc/2009/2009canlii78047/2009canlii78047.html,SWL-28729 (Re),2009 CanLII 78047 (ON LTB),en,SWL-28729,2009-09-09,rent — application — filing — evict — arrears,,2009onltb1000156,NA
onltb,2009canlii78039,https://canlii.ca/t/283g5,https://www.canlii.org/en/on/onltb/doc/2009/2009canlii78039/2009canlii78039.html,SWL-00906-09 (Re),2009 CanLII 78039 (ON LTB),en,SWL-00906-09,2009-09-09,unit — tenancy — evict — rent — seriously,,2009onltb1000148,NA
onltb,2009canlii78033,https://canlii.ca/t/283fz,https://www.canlii.org/en/on/onltb/doc/2009/2009canlii78033/2009canlii78033.html,SOT-02434 (Re),2009 CanLII 78033 (ON LTB),en,SOT-02434,2009-09-09,interfered — coerced — obstructed — toll — harassed,,2009onltb1000142,NA
onltb,2009canlii77984,https://canlii.ca/t/283db,https://www.canlii.org/en/on/onltb/doc/2009/2009canlii77984/2009canlii77984.html,NOL-07781 (Re),2009 CanLII 77984 (ON LTB),en,NOL-07781,2009-09-09,possession of the rental unit — eviction — pay — toll — rent,,2009onltb1000093,NA
onltb,2009canlii77978,https://canlii.ca/t/283d4,https://www.canlii.org/en/on/onltb/doc/2009/2009canlii77978/2009canlii77978.html,NOL-07631-RV (Re),2009 CanLII 77978 (ON LTB),en,NOL-07631-RV,2009-09-09,serious error — review — toll — damage — wilfully,,2009onltb1000087,NA
onltb,2009canlii77968,https://canlii.ca/t/283cs,https://www.canlii.org/en/on/onltb/doc/2009/2009canlii77968/2009canlii77968.html,EAL-17949 (Re),2009 CanLII 77968 (ON LTB),en,EAL-17949,2009-09-09,evict — toll — owe — tenancy — application,,2009onltb1000077,NA
onltb,2009canlii77967,https://canlii.ca/t/283cr,https://www.canlii.org/en/on/onltb/doc/2009/2009canlii77967/2009canlii77967.html,EAL-17948 (Re),2009 CanLII 77967 (ON LTB),en,EAL-17948,2009-09-09,evict — toll — owe — tenancy — application,,2009onltb1000076,NA
onltb,2009canlii77965,https://canlii.ca/t/283cp,https://www.canlii.org/en/on/onltb/doc/2009/2009canlii77965/2009canlii77965.html,EAL-17950 (Re),2009 CanLII 77965 (ON LTB),en,EAL-17950,2009-09-09,evict — toll — tenancy — owes — application,,2009onltb1000074,NA
onltb,2009canlii77954,https://canlii.ca/t/283cb,https://www.canlii.org/en/on/onltb/doc/2009/2009canlii77954/2009canlii77954.html,CET-02264 (Re),2009 CanLII 77954 (ON LTB),en,CET-02264,2009-09-09,money illegally — toll — frustrate — contract — collect,,2009onltb1000063,NA
onltb,2009canlii74515,https://canlii.ca/t/27ffb,https://www.canlii.org/en/on/onltb/doc/2009/2009canlii74515/2009canlii74515.html,SOL-22871-RV (Re),2009 CanLII 74515 (ON LTB),en,SOL-22871-RV,2009-09-09,eviction — name removed — emergency department — adjournment — review,,2009onltb1000028,NA
onltb,2009canlii78116,https://canlii.ca/t/283jq,https://www.canlii.org/en/on/onltb/doc/2009/2009canlii78116/2009canlii78116.html,TST-02688 (Re),2009 CanLII 78116 (ON LTB),en,TST-02688,2009-09-08,rental unit — post-dated cheques — rent — e-mails — real estate,,2009onltb1000225,NA
onltb,2009canlii78094,https://canlii.ca/t/283j0,https://www.canlii.org/en/on/onltb/doc/2009/2009canlii78094/2009canlii78094.html,TNL-29238 (Re),2009 CanLII 78094 (ON LTB),en,TNL-29238,2009-09-08,eviction — unit — pay — owing — tenancy,,2009onltb1000203,NA
onltb,2009canlii78092,https://canlii.ca/t/283hx,https://www.canlii.org/en/on/onltb/doc/2009/2009canlii78092/2009canlii78092.html,TNL-28900 (Re),2009 CanLII 78092 (ON LTB),en,TNL-28900,2009-09-08,eviction — unit — terminate the tenancy — specified — rental,,2009onltb1000201,NA
onltb,2009canlii78058,https://canlii.ca/t/283gs,https://www.canlii.org/en/on/onltb/doc/2009/2009canlii78058/2009canlii78058.html,SWT-02285 (Re),2009 CanLII 78058 (ON LTB),en,SWT-02285; SWL-28643,2009-09-08,rental unit — rent — ducts — furnace — abatement,,2009onltb1000167,NA
onltb,2009canlii78040,https://canlii.ca/t/283g6,https://www.canlii.org/en/on/onltb/doc/2009/2009canlii78040/2009canlii78040.html,SWL-25707-RV (Re),2009 CanLII 78040 (ON LTB),en,SWL-25707-RV,2009-09-08,withdraw the request to review — issued — clerical amendment — evict — toll,,2009onltb1000149,NA
onltb,2009canlii77987,https://canlii.ca/t/283df,https://www.canlii.org/en/on/onltb/doc/2009/2009canlii77987/2009canlii77987.html,NOL-07882-SA (Re),2009 CanLII 77987 (ON LTB),en,NOL-07882-SA,2009-09-08,terminate the tenancy — videoconference — motion to set aside — evict — toll,,2009onltb1000096,NA
onltb,2009canlii77974,https://canlii.ca/t/283d0,https://www.canlii.org/en/on/onltb/doc/2009/2009canlii77974/2009canlii77974.html,EAT-00470-09 (Re),2009 CanLII 77974 (ON LTB),en,EAT-00470-09,2009-09-08,tenancy — vacating — rental unit — toll — maintenance,,2009onltb1000083,NA
onltb,2009canlii77963,https://canlii.ca/t/283cm,https://www.canlii.org/en/on/onltb/doc/2009/2009canlii77963/2009canlii77963.html,EAL-17947 (Re),2009 CanLII 77963 (ON LTB),en,EAL-17947,2009-09-08,evict — toll — application — owe — tenancy,,2009onltb1000072,NA
onltb,2009canlii77946,https://canlii.ca/t/283c2,https://www.canlii.org/en/on/onltb/doc/2009/2009canlii77946/2009canlii77946.html,CEL-20862 (Re),2009 CanLII 77946 (ON LTB),en,CEL-20862,2009-09-08,rent deposit — tenancy — owing — unit — eviction,,2009onltb1000055,NA
onltb,2009canlii77943,https://canlii.ca/t/283bz,https://www.canlii.org/en/on/onltb/doc/2009/2009canlii77943/2009canlii77943.html,CEL-20532 (Re),2009 CanLII 77943 (ON LTB),en,CEL-20532,2009-09-08,eviction — rent deposit — tenancy — persistently late in paying — unit,,2009onltb1000052,NA
onltb,2009canlii77941,https://canlii.ca/t/283bw,https://www.canlii.org/en/on/onltb/doc/2009/2009canlii77941/2009canlii77941.html,CEL-20464 (Re),2009 CanLII 77941 (ON LTB),en,CEL-20464,2009-09-08,tenancy — unit — rent — eviction may be enforced — charges related to cheques,,2009onltb1000050,NA
onltb,2009canlii75673,https://canlii.ca/t/27qxt,https://www.canlii.org/en/on/onltb/doc/2009/2009canlii75673/2009canlii75673.html,CEL-00053-09 (Re),2009 CanLII 75673 (ON LTB),en,CEL-00053-09,2009-09-08,eviction — tenancy — rent deposit — pay — owing,,2009onltb1000043,NA
onltb,2009canlii78087,https://canlii.ca/t/283hr,https://www.canlii.org/en/on/onltb/doc/2009/2009canlii78087/2009canlii78087.html,TNL-28482-SA (Re),2009 CanLII 78087 (ON LTB),en,TNL-28482-SA,2009-09-04,tenancy — eviction — rent — fee — mediated,,2009onltb1000196,NA
onltb,2009canlii78086,https://canlii.ca/t/283hq,https://www.canlii.org/en/on/onltb/doc/2009/2009canlii78086/2009canlii78086.html,TNL-28264 (Re),2009 CanLII 78086 (ON LTB),en,TNL-28264,2009-09-04,abatement — rental unit — tenancy — rent — eviction,,2009onltb1000195,NA
onltb,2009canlii78077,https://canlii.ca/t/283hf,https://www.canlii.org/en/on/onltb/doc/2009/2009canlii78077/2009canlii78077.html,TET-02275 (Re),2009 CanLII 78077 (ON LTB),en,TET-02275,2009-09-04,enjoyment of the rental unit — balconies — noise — abatement — reasonable enjoyment of the rental,,2009onltb1000186,NA
onltb,2009canlii78021,https://canlii.ca/t/283fk,https://www.canlii.org/en/on/onltb/doc/2009/2009canlii78021/2009canlii78021.html,SOL-24697 (Re),2009 CanLII 78021 (ON LTB),en,SOL-24697; SOT-02399,2009-09-04,terminate the tenancy — evict — rental unit — applied for an order determining — withdraws,,2009onltb1000130,NA
onltb,2009canlii78018,https://canlii.ca/t/283fg,https://www.canlii.org/en/on/onltb/doc/2009/2009canlii78018/2009canlii78018.html,SOL-24607-SA (Re),2009 CanLII 78018 (ON LTB),en,SOL-24607-SA,2009-09-04,unit — notice to terminate her tenancy — rerented — landlord — evict,,2009onltb1000127,NA
onltb,2009canlii78003,https://canlii.ca/t/283dz,https://www.canlii.org/en/on/onltb/doc/2009/2009canlii78003/2009canlii78003.html,NOT-01200 (Re),2009 CanLII 78003 (ON LTB),en,NOT-01200,2009-09-04,rental unit — rent — electrical — tenant — increase,,2009onltb1000112,NA
onltb,2009canlii78002,https://canlii.ca/t/283dx,https://www.canlii.org/en/on/onltb/doc/2009/2009canlii78002/2009canlii78002.html,NOT-01204 (Re),2009 CanLII 78002 (ON LTB),en,NOT-01204,2009-09-04,enjoyment of the rental unit — basement — hot water — flood — interfered with the reasonable enjoyment,,2009onltb1000111,NA
onltb,2009canlii78000,https://canlii.ca/t/283dv,https://www.canlii.org/en/on/onltb/doc/2009/2009canlii78000/2009canlii78000.html,NOT-01196-AM (Re),2009 CanLII 78000 (ON LTB),en,NOT-01196-AM,2009-09-04,occupy the rental unit — tenancy — collected — last month rent deposit — amount,,2009onltb1000109,NA
onltb,2009canlii77985,https://canlii.ca/t/283dc,https://www.canlii.org/en/on/onltb/doc/2009/2009canlii77985/2009canlii77985.html,NOL-07771 (Re),2009 CanLII 77985 (ON LTB),en,NOL-07771,2009-09-04,period of the tenancy ends — notice served — evict — term — termination,,2009onltb1000094,NA
onltb,2009canlii77976,https://canlii.ca/t/283d2,https://www.canlii.org/en/on/onltb/doc/2009/2009canlii77976/2009canlii77976.html,EAT-00559-09 (Re),2009 CanLII 77976 (ON LTB),en,EAT-00559-09,2009-09-04,rental unit — tenancy — eviction — vacate — interfered,,2009onltb1000085,NA
onltb,2009canlii77975,https://canlii.ca/t/283d1,https://www.canlii.org/en/on/onltb/doc/2009/2009canlii77975/2009canlii77975.html,EAT-00512-09 (Re),2009 CanLII 77975 (ON LTB),en,EAT-00512-09,2009-09-04,bathtub — rental unit — clean — find an abatement — owe,,2009onltb1000084,NA
onltb,2009canlii77795,https://canlii.ca/t/2820t,https://www.canlii.org/en/on/onltb/doc/2009/2009canlii77795/2009canlii77795.html,CEL-20531 (Re),2009 CanLII 77795 (ON LTB),en,CEL-20531,2009-09-04,unit — rent — floods — abatement — eviction,,2009onltb1000048,NA
onltb,2009canlii75845,https://canlii.ca/t/27s07,https://www.canlii.org/en/on/onltb/doc/2009/2009canlii75845/2009canlii75845.html,CEL-19591-SA (Re),2009 CanLII 75845 (ON LTB),en,CEL-19591-SA,2009-09-04,non-refundable — amount — eviction order during the period — void — paid,,2009onltb1000046,NA
onltb,2009canlii78107,https://canlii.ca/t/283jf,https://www.canlii.org/en/on/onltb/doc/2009/2009canlii78107/2009canlii78107.html,TSL-26782 (Re),2009 CanLII 78107 (ON LTB),en,TSL-26782,2009-09-03,tenancy — rent deposit — eviction — owing — pay,,2009onltb1000216,NA
onltb,2009canlii78105,https://canlii.ca/t/283jc,https://www.canlii.org/en/on/onltb/doc/2009/2009canlii78105/2009canlii78105.html,TSL-26806 (Re),2009 CanLII 78105 (ON LTB),en,TSL-26806,2009-09-03,tenancy — evict — waives — non-remedial — toll,,2009onltb1000214,NA
onltb,2009canlii78095,https://canlii.ca/t/283j1,https://www.canlii.org/en/on/onltb/doc/2009/2009canlii78095/2009canlii78095.html,TNL-29140 (Re),2009 CanLII 78095 (ON LTB),en,TNL-29140,2009-09-03,tenancy — eviction — pay — charges — unit,,2009onltb1000204,NA
onltb,2009canlii78085,https://canlii.ca/t/283hp,https://www.canlii.org/en/on/onltb/doc/2009/2009canlii78085/2009canlii78085.html,TNL-28480-SA (Re),2009 CanLII 78085 (ON LTB),en,TNL-28480-SA,2009-09-03,stated in the mediated agreement — motion to set aside — evict — comply with the payment — toll,,2009onltb1000194,NA
onltb,2009canlii78073,https://canlii.ca/t/283h9,https://www.canlii.org/en/on/onltb/doc/2009/2009canlii78073/2009canlii78073.html,TET-02220-RV (Re),2009 CanLII 78073 (ON LTB),en,TET-02220-RV; TET-02093-RV,2009-09-03,harassed — request to review — serious error — interfered — applied for an order determining,,2009onltb1000182,NA
onltb,2009canlii78070,https://canlii.ca/t/283h6,https://www.canlii.org/en/on/onltb/doc/2009/2009canlii78070/2009canlii78070.html,TEL-25773 (Re),2009 CanLII 78070 (ON LTB),en,TEL-25773,2009-09-03,unit — serviceman — tenancy — eviction — rent,,2009onltb1000179,NA
onltb,2009canlii78065,https://canlii.ca/t/283h1,https://www.canlii.org/en/on/onltb/doc/2009/2009canlii78065/2009canlii78065.html,TEL-24867 (Re),2009 CanLII 78065 (ON LTB),en,TEL-24867,2009-09-03,eviction — tenancy — rent deposit — charges — pay,,2009onltb1000174,NA
onltb,2009canlii78051,https://canlii.ca/t/283gk,https://www.canlii.org/en/on/onltb/doc/2009/2009canlii78051/2009canlii78051.html,SWT-00523-09 (Re),2009 CanLII 78051 (ON LTB),en,SWT-00523-09,2009-09-03,tenancy — illegally — terminate — last month s rent — unit,,2009onltb1000160,NA
onltb,2009canlii77986,https://canlii.ca/t/283dd,https://www.canlii.org/en/on/onltb/doc/2009/2009canlii77986/2009canlii77986.html,NOL-07784 (Re),2009 CanLII 77986 (ON LTB),en,NOL-07784,2009-09-03,eviction — last month rent deposit towards — possession of the rental unit — collect from the any amounts — tenancy,,2009onltb1000095,NA
onltb,2009canlii77983,https://canlii.ca/t/283d9,https://www.canlii.org/en/on/onltb/doc/2009/2009canlii77983/2009canlii77983.html,NOL-07724 (Re),2009 CanLII 77983 (ON LTB),en,NOL-07724,2009-09-03,pay — tenancy — vacated the rental unit — owing — rent,,2009onltb1000092,NA
onltb,2009canlii77982,https://canlii.ca/t/283d8,https://www.canlii.org/en/on/onltb/doc/2009/2009canlii77982/2009canlii77982.html,NOL-07723 (Re),2009 CanLII 77982 (ON LTB),en,NOL-07723,2009-09-03,arrears — rent — pay to the the lawful — tenancy — evicting,,2009onltb1000091,NA
onltb,2009canlii77977,https://canlii.ca/t/283d3,https://www.canlii.org/en/on/onltb/doc/2009/2009canlii77977/2009canlii77977.html,EAL-00617-09 (Re),2009 CanLII 77977 (ON LTB),en,EAL-00617-09; EAT-02042,2009-09-03,mobile home — purchaser — landlord s grounds for refusing — assignment of the rental unit — applied for an order determining,,2009onltb1000086,NA
onltb,2009canlii77958,https://canlii.ca/t/283cg,https://www.canlii.org/en/on/onltb/doc/2009/2009canlii77958/2009canlii77958.html,EAL-00460-09 (Re),2009 CanLII 77958 (ON LTB),en,EAL-00460-09,2009-09-03,tenancy — owes — evicting — arrears — toll,,2009onltb1000067,NA
onltb,2009canlii77955,https://canlii.ca/t/283cc,https://www.canlii.org/en/on/onltb/doc/2009/2009canlii77955/2009canlii77955.html,CET-02288 (Re),2009 CanLII 77955 (ON LTB),en,CET-02288,2009-09-03,interfered with the reasonable — heard — application — merits — applied for an order determining,,2009onltb1000064,NA
onltb,2009canlii78091,https://canlii.ca/t/283hw,https://www.canlii.org/en/on/onltb/doc/2009/2009canlii78091/2009canlii78091.html,TNL-28568-SA (Re),2009 CanLII 78091 (ON LTB),en,TNL-28568-SA,2009-09-02,tenancy — eviction — rent — unit — mediated,,2009onltb1000200,NA
onltb,2009canlii78084,https://canlii.ca/t/283hn,https://www.canlii.org/en/on/onltb/doc/2009/2009canlii78084/2009canlii78084.html,TNL-28157 (Re),2009 CanLII 78084 (ON LTB),en,TNL-28157,2009-09-02,ledger — rent — prospected — interfered — find,,2009onltb1000193,NA
onltb,2009canlii78072,https://canlii.ca/t/283h8,https://www.canlii.org/en/on/onltb/doc/2009/2009canlii78072/2009canlii78072.html,TET-02075-RV (Re),2009 CanLII 78072 (ON LTB),en,TET-02075-RV,2009-09-02,tenancy — interfered with the reasonable — rental — supply — instalment,,2009onltb1000181,NA
onltb,2009canlii78071,https://canlii.ca/t/283h7,https://www.canlii.org/en/on/onltb/doc/2009/2009canlii78071/2009canlii78071.html,TEL-25921 (Re),2009 CanLII 78071 (ON LTB),en,TEL-25921,2009-09-02,tenancy — rent deposit — eviction — pay — owing,,2009onltb1000180,NA
onltb,2009canlii78015,https://canlii.ca/t/283fc,https://www.canlii.org/en/on/onltb/doc/2009/2009canlii78015/2009canlii78015.html,SOL-24453-SA (Re),2009 CanLII 78015 (ON LTB),en,SOL-24453-SA,2009-09-02,vacate — terminate the tenancy — friend — e-mail — unit,,2009onltb1000124,NA
onltb,2009canlii77970,https://canlii.ca/t/283cv,https://www.canlii.org/en/on/onltb/doc/2009/2009canlii77970/2009canlii77970.html,EAL-18023 (Re),2009 CanLII 77970 (ON LTB),en,EAL-18023,2009-09-02,occupant of the rental unit — tenancy — permitted in the residential complex — evict — damage,,2009onltb1000079,NA
onltb,2009canlii77962,https://canlii.ca/t/283cl,https://www.canlii.org/en/on/onltb/doc/2009/2009canlii77962/2009canlii77962.html,EAL-17619-RV (Re),2009 CanLII 77962 (ON LTB),en,EAL-17619-RV,2009-09-02,eviction — rental — unit — rent — tenancy,,2009onltb1000071,NA
onltb,2009canlii78115,https://canlii.ca/t/283jp,https://www.canlii.org/en/on/onltb/doc/2009/2009canlii78115/2009canlii78115.html,TST-02562 (Re),2009 CanLII 78115 (ON LTB),en,TST-02562,2009-09-01,rental unit — gas — locks — stated — door,,2009onltb1000224,NA
onltb,2009canlii78114,https://canlii.ca/t/283jn,https://www.canlii.org/en/on/onltb/doc/2009/2009canlii78114/2009canlii78114.html,TST-02528-RV (Re),2009 CanLII 78114 (ON LTB),en,TST-02528-RV,2009-09-01,request for review — evidence — subject to cross-examination — ledger — error,,2009onltb1000223,NA
onltb,2009canlii78103,https://canlii.ca/t/283j9,https://www.canlii.org/en/on/onltb/doc/2009/2009canlii78103/2009canlii78103.html,TSL-24011-SA (Re),2009 CanLII 78103 (ON LTB),en,TSL-24011-SA,2009-09-01,mediated agreement — repayment plan — eviction — arrears of rent — set aside,,2009onltb1000212,NA
onltb,2009canlii78102,https://canlii.ca/t/283j8,https://www.canlii.org/en/on/onltb/doc/2009/2009canlii78102/2009canlii78102.html,TSL-26164  (Re),2009 CanLII 78102 (ON LTB),en,TSL-26164; TSL-27375,2009-09-01,rental unit — rent — evict — tenancy — deposit,,2009onltb1000211,NA
onltb,2009canlii78099,https://canlii.ca/t/283j5,https://www.canlii.org/en/on/onltb/doc/2009/2009canlii78099/2009canlii78099.html,TNT-01889 (Re),2009 CanLII 78099 (ON LTB),en,TNT-01889,2009-09-01,mold — maintenance — repairs — residential complex — guests,,2009onltb1000208,NA
onltb,2009canlii78081,https://canlii.ca/t/283hk,https://www.canlii.org/en/on/onltb/doc/2009/2009canlii78081/2009canlii78081.html,TNL-26687 (Re),2009 CanLII 78081 (ON LTB),en,TNL-26687,2009-09-01,tenancy — eviction — rent deposit — pay — unit,,2009onltb1000190,NA
onltb,2009canlii78050,https://canlii.ca/t/283gj,https://www.canlii.org/en/on/onltb/doc/2009/2009canlii78050/2009canlii78050.html,SWL-28895 (Re),2009 CanLII 78050 (ON LTB),en,SWL-28895,2009-09-01,tenancy — rent deposit — eviction — cheque charges — pay,,2009onltb1000159,NA
onltb,2009canlii78045,https://canlii.ca/t/283gc,https://www.canlii.org/en/on/onltb/doc/2009/2009canlii78045/2009canlii78045.html,SWL-28704-RV (Re),2009 CanLII 78045 (ON LTB),en,SWL-28704-RV,2009-09-01,evict — issued — toll — unchanged — tenancy,,2009onltb1000154,NA
onltb,2009canlii78031,https://canlii.ca/t/283fw,https://www.canlii.org/en/on/onltb/doc/2009/2009canlii78031/2009canlii78031.html,SOT-02290 (Re),2009 CanLII 78031 (ON LTB),en,SOT-02290,2009-09-01,tenancy — mail — lease — male — enjoyment of the rental unit,,2009onltb1000140,NA
onltb,2009canlii78013,https://canlii.ca/t/283f9,https://www.canlii.org/en/on/onltb/doc/2009/2009canlii78013/2009canlii78013.html,SOL-24084 (Re),2009 CanLII 78013 (ON LTB),en,SOL-24084,2009-09-01,unit — eviction — dish — rent deposit — damage,,2009onltb1000122,NA
onltb,2009canlii78006,https://canlii.ca/t/283f2,https://www.canlii.org/en/on/onltb/doc/2009/2009canlii78006/2009canlii78006.html,SOL-00114-09 (Re),2009 CanLII 78006 (ON LTB),en,SOL-00114-09,2009-09-01,rent — arrears — tenancy — evicting — application,,2009onltb1000115,NA
onltb,2009canlii77994,https://canlii.ca/t/283dn,https://www.canlii.org/en/on/onltb/doc/2009/2009canlii77994/2009canlii77994.html,NOL-07921 (Re),2009 CanLII 77994 (ON LTB),en,NOL-07921,2009-09-01,work — hour — mailbox — enter the unit — door,,2009onltb1000103,NA
onltb,2009canlii77972,https://canlii.ca/t/283cx,https://www.canlii.org/en/on/onltb/doc/2009/2009canlii77972/2009canlii77972.html,EAT-00353-09 (Re),2009 CanLII 77972 (ON LTB),en,EAT-00353-09,2009-09-01,rental unit — rent — eviction — interfered — blinds,,2009onltb1000081,NA
onltb,2009canlii77969,https://canlii.ca/t/283ct,https://www.canlii.org/en/on/onltb/doc/2009/2009canlii77969/2009canlii77969.html,EAT-00212-09 (Re),2009 CanLII 77969 (ON LTB),en,EAT-00212-09,2009-09-01,toll — maintenance — request — shows — review,,2009onltb1000078,NA
onltb,2009canlii77956,https://canlii.ca/t/283cd,https://www.canlii.org/en/on/onltb/doc/2009/2009canlii77956/2009canlii77956.html,CET-02275 (Re),2009 CanLII 77956 (ON LTB),en,CET-02275,2009-09-01,inception of the tenancy — sliding screen doors — pipes leading to the hot — flush — reimburse,,2009onltb1000065,NA
onltb,2009canlii77952,https://canlii.ca/t/283c8,https://www.canlii.org/en/on/onltb/doc/2009/2009canlii77952/2009canlii77952.html,CET-02221 (Re),2009 CanLII 77952 (ON LTB),en,CET-02221,2009-09-01,rent — amount — collected — pay — deposit,,2009onltb1000061,NA
onltb,2009canlii77796,https://canlii.ca/t/2820v,https://www.canlii.org/en/on/onltb/doc/2009/2009canlii77796/2009canlii77796.html,CEL-20022-SA (Re),2009 CanLII 77796 (ON LTB),en,CEL-20022-SA,2009-09-01,eviction — void — tenancy — motion to set aside — rent,,2009onltb1000049,NA
onltb,2009canlii74509,https://canlii.ca/t/27ff4,https://www.canlii.org/en/on/onltb/doc/2009/2009canlii74509/2009canlii74509.html,TST-02765 (Re),2009 CanLII 74509 (ON LTB),en,TST-02765,2009-09-01,landlord — rental unit — tenant — unauthorised occupant — name removed,,2009onltb1000022,NA
onltb,2009canlii78016,https://canlii.ca/t/283fd,https://www.canlii.org/en/on/onltb/doc/2009/2009canlii78016/2009canlii78016.html,SOL-24582 (Re),2009 CanLII 78016 (ON LTB),en,SOL-24582,2009-08-31,eviction — tenancy — rental unit — pay — rent,,2009onltb1000125,NA
onltb,2009canlii74504,https://canlii.ca/t/27fdz,https://www.canlii.org/en/on/onltb/doc/2009/2009canlii74504/2009canlii74504.html,TNL-27641-RV (Re),2009 CanLII 74504 (ON LTB),en,TNL-27641-RV,2009-08-28,name removed — reasonably able to participate — adjournment request — review — unavailable,,2009onltb1000017,NA
onltb,2009canlii77979,https://canlii.ca/t/283d5,https://www.canlii.org/en/on/onltb/doc/2009/2009canlii77979/2009canlii77979.html,NOL-07629-RV (Re),2009 CanLII 77979 (ON LTB),en,NOL-07629-RV,2009-08-27,income — rental unit — representative — misrepresented — knowingly,,2009onltb1000088,NA
onltb,2009canlii74507,https://canlii.ca/t/27ff2,https://www.canlii.org/en/on/onltb/doc/2009/2009canlii74507/2009canlii74507.html,TST-02463 (Re),2009 CanLII 74507 (ON LTB),en,TST-02463; TST-02741,2009-08-27,"Statutory interpretation — Residential Tenancies Act, 2006 — Bad faith notice — Can a void N12 be a notice “given in bad faith” under s. 57(1)? — Text of s. 57(1) contains no validity requirement — Absurd consequences of immunising defective notices rejected — Landlord’s preliminary motion dismissed — T5 may proceed despite void N12 — T5 granted | Lease and tenancy — Landlord’s own use — Bad faith eviction — Did the landlord give an N12 in bad faith and are moving and related expenses payable under s. 57(3)? — Daughter did not move in within a reasonable time — Tenants vacated in good faith pursuant to N12 — Moving and garbage removal expenses reasonable — Environmental report cost denied — Administrative fine imposed — Moving expenses awarded | Limitation periods — Residential Tenancies Act, 2006 — s. 135(4) — Does the one‑year limit bar interest on last month’s rent deposit where retention continues? — Retention ongoing so limitation not triggered — Dollimore v. Azuria Group Inc. applied — Landlord owed interest for the entire period claimed — Filing fee awarded — Interest ordered | Lease and tenancy — Personal property — Board jurisdiction — Are proceeds from sale of tenants’ belongings recoverable on the facts alleged? — Statutory remedies under ss. 92, 42, 162 inapplicable — Circumstances do not fit death, abandonment or mobile home scenarios — No remedy at the Board on this ground — Claim dismissed",,2009onltb1000020,2009canlii74507
onltb,2009canlii74510,https://canlii.ca/t/27ff5,https://www.canlii.org/en/on/onltb/doc/2009/2009canlii74510/2009canlii74510.html,TNT-01909 (Re),2009 CanLII 74510 (ON LTB),en,TNT-01909,2009-08-26,television — meet the s maintenance obligations — name removed — rental unit — housing,,2009onltb1000023,NA
onltb,2009canlii74511,https://canlii.ca/t/27ff6,https://www.canlii.org/en/on/onltb/doc/2009/2009canlii74511/2009canlii74511.html,TST-02823 (Re),2009 CanLII 74511 (ON LTB),en,TST-02823,2009-08-20,forty-three day period — rental unit — name removed — forty-three days — rent,,2009onltb1000024,NA
onltb,2009canlii74520,https://canlii.ca/t/27ffh,https://www.canlii.org/en/on/onltb/doc/2009/2009canlii74520/2009canlii74520.html,SWL-28812 (Re),2009 CanLII 74520 (ON LTB),en,SWL-28812,2009-08-19,name removed — property — landlords — application — unison,,2009onltb1000033,NA
onltb,2009canlii74518,https://canlii.ca/t/27fff,https://www.canlii.org/en/on/onltb/doc/2009/2009canlii74518/2009canlii74518.html,SWL-28089 (Re),2009 CanLII 74518 (ON LTB),en,SWL-28089,2009-08-05,rent — name removed — tenancy — cash — filing the application,,2009onltb1000031,NA
onltb,2009canlii78049,https://canlii.ca/t/283gh,https://www.canlii.org/en/on/onltb/doc/2009/2009canlii78049/2009canlii78049.html,SWL-28375 (Re),2009 CanLII 78049 (ON LTB),en,SWL-28375; SWT-02501,2009-07-31,air conditioning — grounds for terminating the tenancy — rental unit — shed — rent,,2009onltb1000158,NA
onltb,2009canlii74521,https://canlii.ca/t/27ffj,https://www.canlii.org/en/on/onltb/doc/2009/2009canlii74521/2009canlii74521.html,SWT-02033-AM (Re),2009 CanLII 74521 (ON LTB),en,SWT-02033-AM,2009-07-27,tax reduction — application barred by the twelve-month — rent reduction — name removed — limitation,,2009onltb1000034,NA
onltb,2009canlii74517,https://canlii.ca/t/27ffd,https://www.canlii.org/en/on/onltb/doc/2009/2009canlii74517/2009canlii74517.html,SWL-27565-AM (Re),2009 CanLII 74517 (ON LTB),en,SWL-27565-AM,2009-07-20,assault — evict — illegal — name removed — neighbour,,2009onltb1000030,NA
onltb,2009canlii78067,https://canlii.ca/t/283h3,https://www.canlii.org/en/on/onltb/doc/2009/2009canlii78067/2009canlii78067.html,TEL-24837-SA (Re),2009 CanLII 78067 (ON LTB),en,TEL-24837-SA,2009-07-14,eviction — motion — enforced — void — set aside,,2009onltb1000176,NA
onltb,2009canlii74522,https://canlii.ca/t/27ffk,https://www.canlii.org/en/on/onltb/doc/2009/2009canlii74522/2009canlii74522.html,SWT-02449 (Re),2009 CanLII 74522 (ON LTB),en,SWT-02449,2009-07-13,name removed — rental unit — illegally — re-rent the unit — interest on the rent deposit,,2009onltb1000035,NA
onltb,2009canlii74526,https://canlii.ca/t/27ffp,https://www.canlii.org/en/on/onltb/doc/2009/2009canlii74526/2009canlii74526.html,TNL-22811 (Re),2009 CanLII 74526 (ON LTB),en,TNL-22811,2009-07-10,name removed — units — increase the rent charged — rental property in question — unit,,2009onltb1000039,NA
onltb,2009canlii74505,https://canlii.ca/t/27ff0,https://www.canlii.org/en/on/onltb/doc/2009/2009canlii74505/2009canlii74505.html,TSL-13613 (Re),2009 CanLII 74505 (ON LTB),en,TSL-13613; TST-01003,2009-07-10,name removed — eviction — tenancy — applications — paralegals,,2009onltb1000018,NA
onltb,2009canlii74528,https://canlii.ca/t/27ffs,https://www.canlii.org/en/on/onltb/doc/2009/2009canlii74528/2009canlii74528.html,TEL-22368-RV (Re),2009 CanLII 74528 (ON LTB),en,TEL-22368-RV,2009-07-07,landlord — rental unit — purpose of residential occupation — good faith — tenancy,,2009onltb1000041,NA
onltb,2009canlii74527,https://canlii.ca/t/27ffr,https://www.canlii.org/en/on/onltb/doc/2009/2009canlii74527/2009canlii74527.html,TET-02020 (Re),2009 CanLII 74527 (ON LTB),en,TET-02020,2009-07-02,tenancy agreement — name removed — landlord — possession of the rental unit — deposit,,2009onltb1000040,NA
onltb,2009canlii74516,https://canlii.ca/t/27ffc,https://www.canlii.org/en/on/onltb/doc/2009/2009canlii74516/2009canlii74516.html,SWL-26206-RV-AM (Re),2009 CanLII 74516 (ON LTB),en,SWL-26206-RV-AM,2009-06-24,"Administrative law — Procedural fairness — Tribunal review — Whether the Tenant was not reasonably able to participate in the original hearing — Serious error of process found — Statutory Powers Procedure Act, s. 21.2, and Board Rules applied to secure a fair hearing — Credible testimony on non-receipt of notice accepted — Review request granted — Original order set aside | Lease and tenancy — Eviction for non-payment — Relief from eviction — Whether relief from eviction should be granted under s. 83 and a payment plan ordered under s. 78 — All disclosed circumstances under s. 83(2) considered — Arrears acknowledged and conditional payment schedule imposed — Ongoing rent to be paid in full and on time — Eviction denied on conditions | Statutory interpretation — Residential Tenancies Act, 2006 — Enforcement costs — Whether the Landlord is entitled to recover the Sheriff's fee — Interpretation of s. 74(11), s. 74(15) and s. 78 — No general right to recover enforcement costs in these circumstances — Non-payment of Sheriff's fee not a ground for termination under s. 78 — Claim for Sheriff's fee dismissed",,2009onltb1000029,2009canlii74516
onltb,2009canlii74508,https://canlii.ca/t/27ff3,https://www.canlii.org/en/on/onltb/doc/2009/2009canlii74508/2009canlii74508.html,TST-02623 (Re),2009 CanLII 74508 (ON LTB),en,TST-02623,2009-06-23,Lease and tenancy — Assignment — Consent to assign — Whether landlord arbitrarily or unreasonably withheld consent under s. 98 — Refusal based on income and age — Failure to conduct credit checks or call references despite written consent — Prospective tenants’ combined income compared to current tenants — Unlawful withholding of consent determined — Application granted | Rights and freedoms — Human rights — Housing discrimination — Ontario Human Rights Code — Ontario Regulation 290/98 — Can landlord rely on income information alone without considering credit references and rental history? — Consideration of age as a reason for refusal — Code’s supremacy over the Act applied — Withholding deemed arbitrary or unreasonable — Application granted | Lease and tenancy — Termination — Eviction — Whether tenancy should be terminated and eviction ordered under s. 98(6) — All disclosed circumstances considered under s. 83(2) — Parties did not request eviction order — Tenants secured alternative housing — Tenancy terminated as of stated date — Eviction order refused,,2009onltb1000021,2009canlii74508
onltb,2009canlii74519,https://canlii.ca/t/27ffg,https://www.canlii.org/en/on/onltb/doc/2009/2009canlii74519/2009canlii74519.html,EAL-13035-RV2 (Re),2009 CanLII 74519 (ON LTB),en,EAL-13035-RV2,2009-06-22,name removed — landlord — stay that is operative — review — residential,,2009onltb1000032,NA
onltb,2009canlii74514,https://canlii.ca/t/27ff9,https://www.canlii.org/en/on/onltb/doc/2009/2009canlii74514/2009canlii74514.html,EAT-01750 (Re),2009 CanLII 74514 (ON LTB),en,EAT-01750,2009-06-11,leaky faucet — dripping — mold in the rental unit — name removed — window,,2009onltb1000027,NA
onltb,2009canlii51181,https://canlii.ca/t/25tqn,https://www.canlii.org/en/on/onltb/doc/2009/2009canlii51181/2009canlii51181.html,TSL-24659 (Re),2009 CanLII 51181 (ON LTB),en,TSL-24659,2009-06-10,rental unit — superintendent s premises — name removed — rent — eviction,,2009onltb1000016,NA
onltb,2009canlii51170,https://canlii.ca/t/25tq8,https://www.canlii.org/en/on/onltb/doc/2009/2009canlii51170/2009canlii51170.html,SOT-02058 (Re),2009 CanLII 51170 (ON LTB),en,SOT-02058,2009-06-04,boat — name removed — marina — season — slip,,2009onltb1000005,NA
onltb,2009canlii51171,https://canlii.ca/t/25tq9,https://www.canlii.org/en/on/onltb/doc/2009/2009canlii51171/2009canlii51171.html,SWL-24276 (Re),2009 CanLII 51171 (ON LTB),en,SWL-24276,2009-06-03,name removed — tenancy agreement — relationship — rental — rent,,2009onltb1000006,NA
onltb,2009canlii46635,https://canlii.ca/t/25jt4,https://www.canlii.org/en/on/onltb/doc/2009/2009canlii46635/2009canlii46635.html,CEL-18579 (Re),2009 CanLII 46635 (ON LTB),en,CEL-18579,2009-06-01,relief from eviction — name removed — termination of the tenancy — skipping — payment of rent,,2009onltb1000001,NA
onltb,2009canlii46634,https://canlii.ca/t/25jt3,https://www.canlii.org/en/on/onltb/doc/2009/2009canlii46634/2009canlii46634.html,SOT-01914 (Re),2009 CanLII 46634 (ON LTB),en,SOT-01914,2009-05-25,"Lease and tenancy — Mobile home parks — Rule‑making authority — Residential Tenancies Act, 2006, s. 154 — Does the Act authorise a landlord to impose written rules on non‑lease holding tenants? — Reasonableness of limits on vehicles and open‑site storage — Deference to community management objectives — Rules not inconsistent with legislative scheme — Application dismissed | Lease and tenancy — Harassment and reasonable enjoyment — Residential Tenancies Act, 2006, s. 31 — Whether landlord harassed or substantially interfered with tenants’ reasonable enjoyment — Park‑wide application of rules not targeted — Uniform standards for safe and attractive environment — Conduct not coercive or threatening — No substantial interference found — Application dismissed | Procedure — Res judicata — Prior Board order on taxes — Whether tenants’ tax complaints are barred as already determined — Issues thoroughly addressed in earlier proceeding — No new landlord proceeding commenced — Collateral challenge declined — Claim precluded — Application dismissed in part on res judicata | Statutory interpretation — Residential Tenancies Act, 2006 — Written rules requirement — Can a verbal request to remove concrete barriers be enforced absent a written rule? — Act requires rules be written and given to all tenants — Verbal request, civilly made, not harassment — No enforcement step taken — Application dismissed regarding barrier complaint",,2009onltb1000000,2009canlii46634
onltb,2009canlii51172,https://canlii.ca/t/25tqb,https://www.canlii.org/en/on/onltb/doc/2009/2009canlii51172/2009canlii51172.html,SWT-02253 (Re),2009 CanLII 51172 (ON LTB),en,SWT-02253,2009-05-22,rental unit — last month s rent deposit — name removed — tenant — acceptable,,2009onltb1000007,NA
onltb,2009canlii46637,https://canlii.ca/t/25jt6,https://www.canlii.org/en/on/onltb/doc/2009/2009canlii46637/2009canlii46637.html,CET-01821 (Re),2009 CanLII 46637 (ON LTB),en,CET-01821,2009-05-22,name removed — rent — electricity — sub-metering — enjoyment of the rental unit,,2009onltb1000003,NA
onltb,2009canlii46636,https://canlii.ca/t/25jt5,https://www.canlii.org/en/on/onltb/doc/2009/2009canlii46636/2009canlii46636.html,CET-01727 (Re),2009 CanLII 46636 (ON LTB),en,CET-01727,2009-05-22,name removed — electricity — enjoyment of the rental unit — rent — sub-metering,,2009onltb1000002,NA
onltb,2009canlii79882,https://canlii.ca/t/28gsw,https://www.canlii.org/en/on/onltb/doc/2009/2009canlii79882/2009canlii79882.html,SWL-29238 (Re),2009 CanLII 79882 (ON LTB),en,SWL-29238,2009-05-15,rent deposit — occupant of the rental unit — eviction — permitted in the residential complex — tenancy,,2009onltb1000740,NA
onltb,2009canlii79879,https://canlii.ca/t/28gsv,https://www.canlii.org/en/on/onltb/doc/2009/2009canlii79879/2009canlii79879.html,SWL-21456-RV (Re),2009 CanLII 79879 (ON LTB),en,SWL-21456-RV,2009-05-15,reserve fund — capital expenditure — increase — condominium — landlord,,2009onltb1000737,NA
onltb,2009canlii51176,https://canlii.ca/t/25tqh,https://www.canlii.org/en/on/onltb/doc/2009/2009canlii51176/2009canlii51176.html,TEL-23178 (Re),2009 CanLII 51176 (ON LTB),en,TEL-23178,2009-05-14,name removed — unclaimed — evict — application — toll,,2009onltb1000011,NA
onltb,2009canlii51177,https://canlii.ca/t/25tqj,https://www.canlii.org/en/on/onltb/doc/2009/2009canlii51177/2009canlii51177.html,TEL-22999 (Re),2009 CanLII 51177 (ON LTB),en,TEL-22999,2009-05-11,rental unit — residential complex — gang members — illegal — eviction,,2009onltb1000012,NA
onltb,2009canlii46638,https://canlii.ca/t/25jt7,https://www.canlii.org/en/on/onltb/doc/2009/2009canlii46638/2009canlii46638.html,SOT-01515-RV (Re),2009 CanLII 46638 (ON LTB),en,SOT-01515-RV,2009-05-06,possessions — rental unit — room — removed — computer,,2009onltb1000004,NA
onltb,2009canlii79918,https://canlii.ca/t/28gv5,https://www.canlii.org/en/on/onltb/doc/2009/2009canlii79918/2009canlii79918.html,TNL-24667 (Re),2009 CanLII 79918 (ON LTB),en,TNL-24667,2009-04-28,evict — arrears — terminate the tenancy — owes — specified,,2009onltb1000776,NA
onltb,2009canlii84387,https://canlii.ca/t/2bh3r,https://www.canlii.org/en/on/onltb/doc/2009/2009canlii84387/2009canlii84387.html,TSL-22984 (Re),2009 CanLII 84387 (ON LTB),en,TSL-22984,2009-04-21,eviction — must pay — continue the tenancy — owing — amount,,2009onltb1000850,NA
onltb,2009canlii51178,https://canlii.ca/t/25tqk,https://www.canlii.org/en/on/onltb/doc/2009/2009canlii51178/2009canlii51178.html,TSL-12596 (Re),2009 CanLII 51178 (ON LTB),en,TSL-12596,2009-04-06,name removed — eviction — rental unit — residential complex — vacant,,2009onltb1000013,NA
onltb,2009canlii84389,https://canlii.ca/t/2bh3z,https://www.canlii.org/en/on/onltb/doc/2009/2009canlii84389/2009canlii84389.html,TSL-18787 (Re),2009 CanLII 84389 (ON LTB),en,TSL-18787; TST-01750; TST-02153,2009-04-03,interfered with the reasonable enjoyment — balcony — occupant of the rental unit — permitted in the residential complex — smoking,,2009onltb1000852,NA
onltb,2009canlii51175,https://canlii.ca/t/25tqg,https://www.canlii.org/en/on/onltb/doc/2009/2009canlii51175/2009canlii51175.html,TEL-20880-SA (Re),2009 CanLII 51175 (ON LTB),en,TEL-20880-SA,2009-03-30,name removed — mediated — motion to set aside — ex parte — payment,,2009onltb1000010,NA
onltb,2009canlii51174,https://canlii.ca/t/25tqf,https://www.canlii.org/en/on/onltb/doc/2009/2009canlii51174/2009canlii51174.html,TEL-19970-RV (Re),2009 CanLII 51174 (ON LTB),en,TEL-19970-RV,2009-03-26,eviction — name removed — tenancy — rent deposit — maintenance,,2009onltb1000009,NA
onltb,2009canlii51173,https://canlii.ca/t/25tqc,https://www.canlii.org/en/on/onltb/doc/2009/2009canlii51173/2009canlii51173.html,SWL-21457 (Re),2009 CanLII 51173 (ON LTB),en,SWL-21457,2009-03-19,capital expenditures — name removed — above-guideline rent increase — common area renovations — residential complex,,2009onltb1000008,NA
onltb,2009canlii51180,https://canlii.ca/t/25tqm,https://www.canlii.org/en/on/onltb/doc/2009/2009canlii51180/2009canlii51180.html,TSL-22156 (Re),2009 CanLII 51180 (ON LTB),en,TSL-22156,2009-03-12,"Lease and tenancy — Termination and eviction — Board procedure — Should termination and eviction be ordered on the notices served? — Second N5 alleged no new conduct under s. 68(1) — Application filed outside thirty-day limit in s. 69(2) — Damage caused by police, not by tenant, under s. 89(1) — No vicarious liability provided by the Act — Application dismissed | Lease and tenancy — Notices of termination — Second N5 — Did the second N5 notice comply with s. 68(1) of the Residential Tenancies Act, 2006? — No allegation of further activity or new conduct — Inclusion of repair amount did not satisfy statutory requirement — Second notice failing to describe anything new — Second N5 void | Lease and tenancy — Filing deadlines — Application period — Must the landlord file within thirty days of the termination date under s. 69(2)? — Application filed after the termination date in the only valid N5 — Consequence of late filing is void notice — Termination application dismissed as out of time — Termination application dismissed | Lease and tenancy — Tenant liability for damage — Police-caused damage — Is the tenant liable under s. 89(1) for damage caused by police executing a warrant? — Damage not caused by tenant, occupant, or person permitted by tenant — Act contains no provision for vicarious liability in such circumstances — Claim for cost of door replacement rejected — Damages claim dismissed",,2009onltb1000015,2009canlii51180
onltb,2009canlii51179,https://canlii.ca/t/25tql,https://www.canlii.org/en/on/onltb/doc/2009/2009canlii51179/2009canlii51179.html,TSL-16165-AM (Re),2009 CanLII 51179 (ON LTB),en,TSL-16165-AM,2009-03-11,occupancy of the rental unit — tenant — application — name removed — sister,,2009onltb1000014,NA
onltb,2009canlii90345,https://canlii.ca/t/fqj6v,https://www.canlii.org/en/on/onltb/doc/2009/2009canlii90345/2009canlii90345.html,CEL-16722 (Re),2009 CanLII 90345 (ON LTB),en,CEL-16722,2009-03-09,eviction — tenancy — rent deposit — pay — owing,,2009onltb1000859,NA
onltb,2009canlii80649,https://canlii.ca/t/28tgg,https://www.canlii.org/en/on/onltb/doc/2009/2009canlii80649/2009canlii80649.html,SWL-04428-09 (Re),2009 CanLII 80649 (ON LTB),en,SWL-04428-09,2009-02-03,rent — pay — owing — start — accumulate,,2009onltb1000829,NA
onltb,2009canlii80132,https://canlii.ca/t/28ltx,https://www.canlii.org/en/on/onltb/doc/2009/2009canlii80132/2009canlii80132.html,TST-02918 (Re),2009 CanLII 80132 (ON LTB),en,TST-02918,2009-01-06,rent — cheque — unit — full amount owing — locks,,2009onltb1000825,NA
onltb,2008canlii86931,https://canlii.ca/t/28gvh,https://www.canlii.org/en/on/onltb/doc/2008/2008canlii86931/2008canlii86931.html,TNL-30501 (Re),2008 CanLII 86931 (ON LTB),en,TNL-30501,2008-12-30,guaranteed funds — pay the rent — eviction — persistently — deposit,,2008onltb1000039,NA
onltb,2008canlii86929,https://canlii.ca/t/28gpj,https://www.canlii.org/en/on/onltb/doc/2008/2008canlii86929/2008canlii86929.html,CEL-22070 (Re),2008 CanLII 86929 (ON LTB),en,CEL-22070,2008-12-16,evict — rent — toll — application — meet a condition,,2008onltb1000037,NA
onltb,2008canlii82427,https://canlii.ca/t/25tqq,https://www.canlii.org/en/on/onltb/doc/2008/2008canlii82427/2008canlii82427.html,TSL-13225 (Re),2008 CanLII 82427 (ON LTB),en,TSL-13225,2008-12-11,name removed — mutual driveway — remove the shed — eviction — property,,2008onltb1000002,NA
onltb,2008canlii82426,https://canlii.ca/t/25tqp,https://www.canlii.org/en/on/onltb/doc/2008/2008canlii82426/2008canlii82426.html,TST-01514 (Re),2008 CanLII 82426 (ON LTB),en,TST-01514,2008-12-11,rental unit — name removed — bad faith — real estate agent — blueprints,,2008onltb1000001,NA
onltb,2008canlii86930,https://canlii.ca/t/28gr4,https://www.canlii.org/en/on/onltb/doc/2008/2008canlii86930/2008canlii86930.html,NOL-05387-RO (Re),2008 CanLII 86930 (ON LTB),en,NOL-05387-RO,2008-12-09,eviction — tenancy — pay — owing — unit,,2008onltb1000038,NA
onltb,2008canlii82425,https://canlii.ca/t/25tqd,https://www.canlii.org/en/on/onltb/doc/2008/2008canlii82425/2008canlii82425.html,TEL-16694 (Re),2008 CanLII 82425 (ON LTB),en,TEL-16694,2008-12-04,name removed — superintendent s premises — tenancy — rental unit — rent,,2008onltb1000000,NA
onltb,2008canlii85755,https://canlii.ca/t/27ffq,https://www.canlii.org/en/on/onltb/doc/2008/2008canlii85755/2008canlii85755.html,TNL-17441-VO (Re),2008 CanLII 85755 (ON LTB),en,TNL-17441-VO,2008-11-26,"Lease and tenancy — Eviction — Motion to set aside under s. 74(11) — Whether the Tenant paid the amounts required to void the order — Payments covering rent to October 31, 2008 and costs confirmed — Board satisfied total equals full amount required under s. 74(11) — Order TNL-17441 declared void and cannot be enforced — Eviction order voided | Statutory interpretation — Residential Tenancies Act, 2006 — Subsection 74(14) — Does the Board have authority to order further rent owing at the motion hearing — Statute limits outcomes to declaring order void or lifting stay — No authority to order payment of additional rent following such hearing — Declaration of limited statutory outcomes — Further rent order refused | Lease and tenancy — Arrears — Post-motion rent — Whether arrears accruing after filing of the motion can be addressed — Rent for November 2008 not due on filing date — New arrears after the motion require a new Notice of Termination and a new application if necessary — Enforcement costs already paid under the Administration of Justice Act — New proceeding required for later arrears",,2008onltb1000035,2008canlii85755
onltb,2008canlii82432,https://canlii.ca/t/25tqx,https://www.canlii.org/en/on/onltb/doc/2008/2008canlii82432/2008canlii82432.html,TSL-17876 (Re),2008 CanLII 82432 (ON LTB),en,TSL-17876,2008-11-07,"Lease and tenancy — Termination and eviction — Substantial interference with lawful right — Mortgagee in possession — Whether refusal to provide tenancy particulars constitutes substantial interference under s. 69 — Failure to provide copy of tenancy agreement and particulars — Notice of Attornment and demand unanswered — Board satisfied interference occurred — Conditional order for compliance granted | Statutory interpretation — Concurrent remedies — Mortgages Act — Whether specific remedy in s. 50(6) ousts Board’s authority under the Residential Tenancies Act, 2006 — Interplay of s. 50(2), s. 50(5), s. 50(6) and Board jurisdiction — Absence of authority removing jurisdiction — Fairness considerations supporting proceeding before Board — Board jurisdiction affirmed | Lease and tenancy — Remedies and relief — Relief from eviction — Whether relief from eviction should be granted subject to conditions under s. 83 and s. 204 — Opportunity for final compliance with request for particulars — Provision for s. 78 ex parte application on breach — Costs and interest ordered — Relief from eviction granted conditionally",,2008onltb1000007,2008canlii82432
onltb,2008canlii82450,https://canlii.ca/t/25tsq,https://www.canlii.org/en/on/onltb/doc/2008/2008canlii82450/2008canlii82450.html,TEL-12889 (Re),2008 CanLII 82450 (ON LTB),en,TEL-12889,2008-10-31,name removed — possession of child pornography — eviction — hebephilia — residential complex,,2008onltb1000025,NA
onltb,2008canlii86704,https://canlii.ca/t/285zz,https://www.canlii.org/en/on/onltb/doc/2008/2008canlii86704/2008canlii86704.html,TST-02298 (Re),2008 CanLII 86704 (ON LTB),en,TST-02298; TST-02092,2008-10-30,bedbugs — unit — bugs — infestation — pest,,2008onltb1000036,NA
onltb,2008canlii82433,https://canlii.ca/t/25tqz,https://www.canlii.org/en/on/onltb/doc/2008/2008canlii82433/2008canlii82433.html,TSL-87099-RV (Re),2008 CanLII 82433 (ON LTB),en,TSL-87099-RV; TST-01120-RV,2008-10-27,name removed — remedies — limitation period — damages — application,,2008onltb1000008,NA
onltb,2008canlii89815,https://canlii.ca/t/g0pzz,https://www.canlii.org/en/on/onltb/doc/2008/2008canlii89815/2008canlii89815.html,SOT-01485 (Re),2008 CanLII 89815 (ON LTB),en,SOT-01485,2008-10-17,work — enjoyment of the rental unit — tenants — repairs — abatement,,2008onltb1000040,NA
onltb,2008canlii82458,https://canlii.ca/t/25tt4,https://www.canlii.org/en/on/onltb/doc/2008/2008canlii82458/2008canlii82458.html,TNL-17979 (Re),2008 CanLII 82458 (ON LTB),en,TNL-17979,2008-10-16,tenancy — vacated the rental unit — termination — rent deposit — name removed,,2008onltb1000033,NA
onltb,2008canlii82430,https://canlii.ca/t/25tqv,https://www.canlii.org/en/on/onltb/doc/2008/2008canlii82430/2008canlii82430.html,TSL-16589 (Re),2008 CanLII 82430 (ON LTB),en,TSL-16589,2008-10-02,name removed — residential complex — social worker — seriously impaired the safety — representative,,2008onltb1000005,NA
onltb,2008canlii82441,https://canlii.ca/t/25trq,https://www.canlii.org/en/on/onltb/doc/2008/2008canlii82441/2008canlii82441.html,SOL-15389 (Re),2008 CanLII 82441 (ON LTB),en,SOL-15389,2008-09-19,rental unit — residential complex — name removed — superintendent s premises — employed as a janitor,,2008onltb1000016,NA
onltb,2008canlii82454,https://canlii.ca/t/25tsw,https://www.canlii.org/en/on/onltb/doc/2008/2008canlii82454/2008canlii82454.html,TEL-16435 (Re),2008 CanLII 82454 (ON LTB),en,TEL-16435,2008-09-18,name removed — rent — mortgagee — residential complex — particulars of the tenancy agreement,,2008onltb1000029,NA
onltb,2008canlii82438,https://canlii.ca/t/25tr8,https://www.canlii.org/en/on/onltb/doc/2008/2008canlii82438/2008canlii82438.html,CEL-11712 (Re),2008 CanLII 82438 (ON LTB),en,CEL-11712,2008-08-25,rent deposit — tenancy — name removed — prepaid — landlord,,2008onltb1000013,NA
onltb,2008canlii82436,https://canlii.ca/t/25tr5,https://www.canlii.org/en/on/onltb/doc/2008/2008canlii82436/2008canlii82436.html,CEL-11709 (Re),2008 CanLII 82436 (ON LTB),en,CEL-11709,2008-08-20,rental unit — locking — name removed — pad lock — entry,,2008onltb1000011,NA
onltb,2008canlii82451,https://canlii.ca/t/25tsr,https://www.canlii.org/en/on/onltb/doc/2008/2008canlii82451/2008canlii82451.html,TEL-13102 (Re),2008 CanLII 82451 (ON LTB),en,TEL-13102,2008-08-13,residential complex — name removed — illegal act — unit — facilities,,2008onltb1000026,NA
onltb,2008canlii82446,https://canlii.ca/t/25ts9,https://www.canlii.org/en/on/onltb/doc/2008/2008canlii82446/2008canlii82446.html,SWL-16920-SA (Re),2008 CanLII 82446 (ON LTB),en,SWL-16920-SA,2008-08-12,"Bankruptcy and insolvency — Automatic stay — Jurisdiction of tribunal — Bankruptcy and Insolvency Act, s. 69.3 — Whether the Board could order termination and arrears based on pre‑bankruptcy arrears and a mediated agreement — Stay applies to administrative proceedings per R. v. Fitzgibbon and Vachon — Claim provable in bankruptcy filed with Trustee — Proceeding stayed — Order set aside | Bankruptcy and insolvency — Claims provable in bankruptcy — Termination linked to arrears — Are termination and arrears inextricably linked where arrears are included in a proof of claim? — Forestwood Co‑operative Homes v. Pritz applied — Peel Housing distinguished — Board lacks jurisdiction to terminate where relief is based on stayed arrears — Application dismissed | Lease and tenancy — Rent arrears — Post‑bankruptcy liabilities — May the Landlords start new proceedings for arrears accruing after the assignment in bankruptcy? — Post‑bankruptcy rent treated as regular living expense — Not a claim provable in bankruptcy — Trustee in Bankruptcy becomes a tenant and should be named — New proceedings permitted | Procedure — Landlord and Tenant Board — Set aside of ex parte order — Should an order under s. 78 of the Residential Tenancies Act, 2006 be set aside where the underlying application was stayed by bankruptcy? — Lack of jurisdiction due to automatic stay — Original application stayed until discharge or court order — Order set aside and application dismissed",,2008onltb1000021,2008canlii82446
onltb,2008canlii82440,https://canlii.ca/t/25trp,https://www.canlii.org/en/on/onltb/doc/2008/2008canlii82440/2008canlii82440.html,SOL-14390 (Re),2008 CanLII 82440 (ON LTB),en,SOL-14390,2008-08-11,rental unit — chickens — shed — removed — terminate the tenancy,,2008onltb1000015,NA
onltb,2008canlii82431,https://canlii.ca/t/25tqw,https://www.canlii.org/en/on/onltb/doc/2008/2008canlii82431/2008canlii82431.html,TSL-14313-SA (Re),2008 CanLII 82431 (ON LTB),en,TSL-14313-SA,2008-08-08,name removed — set aside an eviction — amount — tenancy agreement — landlord,,2008onltb1000006,NA
onltb,2008canlii82443,https://canlii.ca/t/25ts2,https://www.canlii.org/en/on/onltb/doc/2008/2008canlii82443/2008canlii82443.html,SOT-01293 (Re),2008 CanLII 82443 (ON LTB),en,SOT-01293,2008-07-18,name removed — offer — rental — revoked — checks,,2008onltb1000018,NA
onltb,2008canlii82456,https://canlii.ca/t/25tt1,https://www.canlii.org/en/on/onltb/doc/2008/2008canlii82456/2008canlii82456.html,TNL-12560-VO-AM (Re),2008 CanLII 82456 (ON LTB),en,TNL-12560-VO-AM,2008-07-02,name removed — amount — necessary to void — strikethrough — motion,,2008onltb1000031,NA
onltb,2008canlii82452,https://canlii.ca/t/25tss,https://www.canlii.org/en/on/onltb/doc/2008/2008canlii82452/2008canlii82452.html,CET-01181 (Re),2008 CanLII 82452 (ON LTB),en,CET-01181,2008-06-30,rental unit — name removed — locks — replacement keys — interfered,,2008onltb1000027,NA
onltb,2008canlii82439,https://canlii.ca/t/25trn,https://www.canlii.org/en/on/onltb/doc/2008/2008canlii82439/2008canlii82439.html,SOL-12512 (Re),2008 CanLII 82439 (ON LTB),en,SOL-12512,2008-06-23,rent — superintendent — name removed — arrears — amount,,2008onltb1000014,NA
onltb,2008canlii82453,https://canlii.ca/t/25tst,https://www.canlii.org/en/on/onltb/doc/2008/2008canlii82453/2008canlii82453.html,TEL-13109 (Re),2008 CanLII 82453 (ON LTB),en,TEL-13109,2008-06-10,name removed — rent — arrears — tenancy agreement — discontinued,,2008onltb1000028,NA
onltb,2008canlii82445,https://canlii.ca/t/25ts8,https://www.canlii.org/en/on/onltb/doc/2008/2008canlii82445/2008canlii82445.html,SWL-14748 (Re),2008 CanLII 82445 (ON LTB),en,SWL-14748,2008-06-05,possession of the rental unit — arrears — landlord — abandoned the rental unit — name removed,,2008onltb1000020,NA
onltb,2008canlii82457,https://canlii.ca/t/25tt2,https://www.canlii.org/en/on/onltb/doc/2008/2008canlii82457/2008canlii82457.html,TNL-09252-RV (Re),2008 CanLII 82457 (ON LTB),en,TNL-09252-RV,2008-05-27,review — serious error — evidence — noticeable — simply,,2008onltb1000032,NA
onltb,2008canlii82449,https://canlii.ca/t/25tsp,https://www.canlii.org/en/on/onltb/doc/2008/2008canlii82449/2008canlii82449.html,TEL-12667 (Re),2008 CanLII 82449 (ON LTB),en,TEL-12667,2008-05-15,name removed — residential complex — occupant of the rental unit — hearsay evidence — illegal,,2008onltb1000024,NA
onltb,2008canlii82435,https://canlii.ca/t/25tr2,https://www.canlii.org/en/on/onltb/doc/2008/2008canlii82435/2008canlii82435.html,TST-00935-RV (Re),2008 CanLII 82435 (ON LTB),en,TST-00935-RV,2008-04-28,"Statutory interpretation — Residential Tenancies Act, 2006 — Subsection 107(1) — Meaning of “vacant possession not given” — Does a tenant who unilaterally repudiates before the commencement date obtain return of the rent deposit under subs. 107(1) — Reading of subs. 13(2) and subs. 88(3) harmonised — Provision aimed at landlord refusal to deliver possession — Application dismissed | Lease and tenancy — Formation of tenancy — Rental application accepted — Was a binding tenancy agreement created when the landlord accepted the Tenant’s application and deposit despite no formal lease — Intent of the parties and commencement date under subs. 13(2) — Unilateral repudiation does not terminate tenancy — Deposit applied to last month’s rent for November — Application dismissed | Procedure — Tribunal review — Error of law on the face of the record — Did the earlier order wrongly find no jurisdiction over a prospective tenant’s application under s. 135 and subs. 107(1) — Clear error identified and set aside under Statutory Powers Procedure Act s. 21.2 — New order issued — Prior order cancelled and application dismissed | Procedure — Costs and fees — Refund of filing fee — Should the Tenant’s review fee be refunded under s. 182 of the Residential Tenancies Act, 2006 — Discretion exercised following cancellation of erroneous order — Board directed to refund any filing fee paid for the request for review — Filing fee refunded",,2008onltb1000010,2008canlii82435
onltb,2008canlii82428,https://canlii.ca/t/25tqs,https://www.canlii.org/en/on/onltb/doc/2008/2008canlii82428/2008canlii82428.html,TSL-09947-SA (Re),2008 CanLII 82428 (ON LTB),en,TSL-09947-SA,2008-04-25,eviction — void — affidavit — motion — amount,,2008onltb1000003,NA
onltb,2008canlii82444,https://canlii.ca/t/25ts7,https://www.canlii.org/en/on/onltb/doc/2008/2008canlii82444/2008canlii82444.html,SWL-13073 (Re),2008 CanLII 82444 (ON LTB),en,SWL-13073,2008-04-17,rent — name removed — increase — rental unit — guideline,,2008onltb1000019,NA
onltb,2008canlii82437,https://canlii.ca/t/25tr6,https://www.canlii.org/en/on/onltb/doc/2008/2008canlii82437/2008canlii82437.html,CEL-07769-RV (Re),2008 CanLII 82437 (ON LTB),en,CEL-07769-RV,2008-03-05,"Procedure — Tribunal review — Statutory Powers Procedure Act, s. 21.2 — Whether the Board should review and set aside the prior order for serious error — Application dismissed as abandoned due to non‑attendance in poor weather — Prejudice to Landlords found — Serious error in the proceedings established — Order cancelled and new hearing outcome substituted — Review granted | Bankruptcy and insolvency — Consumer proposals — Bankruptcy and Insolvency Act, ss. 66.31, 66.32 — Effect of deemed annulment of Tenant’s consumer proposal on Board’s jurisdiction and Landlords’ claim — Rights of creditors revived less dividends received — Landlords listed as unsecured creditor — Board’s jurisdiction to proceed confirmed — Arrears claim revived — Application allowed | Lease and tenancy — Arrears and eviction — Residential Tenancies Act, 2006, s. 83 — Whether tenancy should be terminated and eviction ordered given non‑payment — Rent deposit and interest accounted for — Relief from eviction under subs. 83(1) refused after considering subs. 83(2) — Termination date set and enforcement through Sheriff authorised — Monetary order for arrears and compensation issued — Tenancy terminated and eviction ordered",,2008onltb1000012,2008canlii82437
onltb,2008canlii82429,https://canlii.ca/t/25tqt,https://www.canlii.org/en/on/onltb/doc/2008/2008canlii82429/2008canlii82429.html,TSL-07526 (Re),2008 CanLII 82429 (ON LTB),en,TSL-07526,2008-03-03,rental unit — rent — win-win performance agreement — president — name removed,,2008onltb1000004,NA
onltb,2008canlii82448,https://canlii.ca/t/25tsn,https://www.canlii.org/en/on/onltb/doc/2008/2008canlii82448/2008canlii82448.html,TEL-09610 (Re),2008 CanLII 82448 (ON LTB),en,TEL-09610,2008-02-27,lease agreement — property — rental unit — residential complex — tenant,,2008onltb1000023,NA
onltb,2008canlii82442,https://canlii.ca/t/25ts1,https://www.canlii.org/en/on/onltb/doc/2008/2008canlii82442/2008canlii82442.html,SOT-00795 (Re),2008 CanLII 82442 (ON LTB),en,SOT-00795,2008-02-07,door — scooter — enjoyment of the rental unit — name removed — abatement,,2008onltb1000017,NA
onltb,2008canlii82447,https://canlii.ca/t/25tsd,https://www.canlii.org/en/on/onltb/doc/2008/2008canlii82447/2008canlii82447.html,SWT-00924 (Re),2008 CanLII 82447 (ON LTB),en,SWT-00924,2008-02-01,rent — landlord — tenant — increase — void,,2008onltb1000022,NA
onltb,2008canlii82434,https://canlii.ca/t/25tr1,https://www.canlii.org/en/on/onltb/doc/2008/2008canlii82434/2008canlii82434.html,TST-01025 (Re),2008 CanLII 82434 (ON LTB),en,TST-01025,2008-01-30,interest — rent deposit — name removed — amount — landlord,,2008onltb1000009,NA
onltb,2008canlii82459,https://canlii.ca/t/25tt9,https://www.canlii.org/en/on/onltb/doc/2008/2008canlii82459/2008canlii82459.html,TSL-05535 (Re),2008 CanLII 82459 (ON LTB),en,TSL-05535,2008-01-21,"Lease and tenancy — Applicability of Act — Residential Tenancies Act, 2006, s. 9(2) determination — Whether the Act applies to a fraternity house owned by a non-profit alumni association — Purposive approach from Rizzo Shoes applied — Remedial legislation and tenant protection emphasised — Onus on landlord to establish exemption — Act applies | Lease and tenancy — Exemptions — s. 5(a) travelling or vacationing public — Whether living accommodation intended for the travelling or vacationing public — Temporary residence of fraternity members considered — Not a hotel, tourist home, vacation home or establishment of that nature — Resort character rejected — Exemption under s. 5(a) not engaged — Act applies | Lease and tenancy — Exemptions — Non-profit housing co-operative — s. 5(c) and Co-operative Corporations Act — Whether units are member units of a non-profit housing co-operative — No incorporation as a co-operative and no articles stating such status — Corporate name lacks “co-operative” — Evidence of corporate structure insufficient — Exemption under s. 5(c) not proven — Act applies | Lease and tenancy — Exemptions — Educational institution housing — s. 5(g) — Whether living accommodation is provided by an educational institution to its students — Alumni association conceded it is not an educational institution — Institutional remedies and structures not shown — Harelkin referenced — Exemption under s. 5(g) not available — Act applies",,2008onltb1000034,2008canlii82459
onltb,2008canlii82455,https://canlii.ca/t/25tt0,https://www.canlii.org/en/on/onltb/doc/2008/2008canlii82455/2008canlii82455.html,TNL-06006-SA (Re),2008 CanLII 82455 (ON LTB),en,TNL-06006-SA,2008-01-18,"Lease and tenancy — Eviction — Motion to set aside — Residential Tenancies Act, 2006, subs. 74(11) and 74(14) — Whether a personal cheque delivered “under the inside door” constitutes payment to void the eviction order — Funds not available until clearance — Tenants obliged to ensure actual payment before execution — Order continues in force — Stay lifted | Lease and tenancy — Rent arrears — Payment to void eviction order — Residential Tenancies Act, 2006, subs. 74(11) — Does tendering a personal cheque satisfy payment where funds are unavailable until clearance? — Affidavit sworn before any payment made — Bank hold and signature verification outstanding — Amounts required under subs. 74(11) not paid — Motion to set aside dismissed | Procedure — Stays — Enforcement of order — Residential Tenancies Act, 2006, subs. 74(14) — Should the stay be lifted where tenants have not paid the required amounts before execution? — Sheriff enforcement imminent — Board’s discretion exercised based on non‑payment — Prior motion under subs. 74(11) not previously made — Stay lifted and eviction order enforceable",,2008onltb1000030,2008canlii82455
onltb,2007canlii75934,https://canlii.ca/t/25tqr,https://www.canlii.org/en/on/onltb/doc/2007/2007canlii75934/2007canlii75934.html,TSL-06975-RV (Re),2007 CanLII 75934 (ON LTB),en,TSL-06975-RV,2007-12-11,landlord — notice to terminate the tenancy — future rent — payment — name removed,,2007onltb1000000,NA
onltb,2007canlii75970,https://canlii.ca/t/25tsm,https://www.canlii.org/en/on/onltb/doc/2007/2007canlii75970/2007canlii75970.html,TEL-07722 (Re),2007 CanLII 75970 (ON LTB),en,TEL-07722,2007-11-29,name removed — unit — residential complex — tattoo — eviction,,2007onltb1000036,NA
onltb,2007canlii75978,https://canlii.ca/t/25tt8,https://www.canlii.org/en/on/onltb/doc/2007/2007canlii75978/2007canlii75978.html,TSL-06312-VO (Re),2007 CanLII 75978 (ON LTB),en,TSL-06312-VO,2007-11-13,motion to void — enforcement date — eviction — voided — pay,,2007onltb1000044,NA
onltb,2007canlii80064,https://canlii.ca/t/2ckl6,https://www.canlii.org/en/on/onltb/doc/2007/2007canlii80064/2007canlii80064.html,TSL-06283 (Re),2007 CanLII 80064 (ON LTB),en,TSL-06283,2007-11-06,evict — rent — fine — contacted — pay,,2007onltb1000045,NA
onltb,2007canlii75962,https://canlii.ca/t/25tsb,https://www.canlii.org/en/on/onltb/doc/2007/2007canlii75962/2007canlii75962.html,SWT-00135 (Re),2007 CanLII 75962 (ON LTB),en,SWT-00135,2007-10-26,corporation — rental unit — non-profit housing co-operative — name removed — landlord,,2007onltb1000028,NA
onltb,2007canlii75969,https://canlii.ca/t/25tsl,https://www.canlii.org/en/on/onltb/doc/2007/2007canlii75969/2007canlii75969.html,TEL-06892 (Re),2007 CanLII 75969 (ON LTB),en,TEL-06892,2007-10-25,name removed — residential complex — tenancy agreement — superintendent s premises — unit,,2007onltb1000035,NA
onltb,2007canlii75968,https://canlii.ca/t/25tsk,https://www.canlii.org/en/on/onltb/doc/2007/2007canlii75968/2007canlii75968.html,TEL-05888-SA (Re),2007 CanLII 75968 (ON LTB),en,TEL-05888-SA,2007-10-05,cheque — payment — name removed — issued — full amount,,2007onltb1000034,NA
onltb,2007canlii75936,https://canlii.ca/t/25tr3,https://www.canlii.org/en/on/onltb/doc/2007/2007canlii75936/2007canlii75936.html,CEL-03686 (Re),2007 CanLII 75936 (ON LTB),en,CEL-03686,2007-10-04,occupant of the rental unit — residential complex — name removed — illegal — officers,,2007onltb1000002,NA
onltb,2007canlii75937,https://canlii.ca/t/25tr4,https://www.canlii.org/en/on/onltb/doc/2007/2007canlii75937/2007canlii75937.html,CEL-02248 (Re),2007 CanLII 75937 (ON LTB),en,CEL-02248,2007-10-02,"Lease and tenancy — Termination notices — Substantial compliance with s. 43(2) — Whether Old N12 informed Tenants of termination upon vacating and right to dispute — SPPA, s. 28 and Residential Tenancies Act, 2006, s. 212 applied — Legislation Act, s. 84 considered — Old and New N12 compared — Communication of mandatory elements found adequate — Old N12 compliant | Lease and tenancy — Termination dates — Fixed term tenancies — Whether termination date must be the end of the fixed term under s. 49(3) — Written lease for one year accepted — Month to month tenancy argument rejected — N12 setting mid term date invalid — N12 void — Application dismissed | Statutory interpretation — Paramountcy and conflict — Residential Tenancies Act, 2006 versus Mortgages Act — Which statute governs termination date where MA s. 53(4) conflicts with RTA s. 49(3) — RTA s. 3(4) applied — Canada Trustco Mortgage Co. v. Park followed — Act paramount over Mortgages Act — Termination must be end of fixed term — Application dismissed | Lease and tenancy — Parties — Mortgagee in possession — Whether mortgagee in possession is a proper party and subject to tenancy — Mortgages Act, s. 47 deeming provision applied — Board lacks jurisdiction to determine mortgage validity — Fixed term tenancy recognized — Deemed landlord bound by tenancy agreement — Application dismissed",,2007onltb1000003,2007canlii75937
onltb,2007canlii75963,https://canlii.ca/t/25tsc,https://www.canlii.org/en/on/onltb/doc/2007/2007canlii75963/2007canlii75963.html,SWT-00529 (Re),2007 CanLII 75963 (ON LTB),en,SWT-00529,2007-09-28,black substance — mould in the rental unit — name removed — rent — bleach,,2007onltb1000029,NA
onltb,2007canlii75976,https://canlii.ca/t/25tt6,https://www.canlii.org/en/on/onltb/doc/2007/2007canlii75976/2007canlii75976.html,TSL-03635 (Re),2007 CanLII 75976 (ON LTB),en,TSL-03635,2007-09-24,"Statutory interpretation — Residential Tenancies Act, 2006 — Substantial compliance — Whether annual notices of rent increase with an addendum substantially comply with the Board approved form — Additions that contradict and confuse the approved form — s. 116(3) and s. 212, and predecessor TPA provisions — Prior Tribunal decisions considered — N1 notices found void | Lease and tenancy — Rent increases — Termination for non‑payment — Can rent arrears based on void N1 notices justify termination and eviction — Arrears arose from refusal to acknowledge validity of N1 notices — Void NORIs cannot support a rent increase — Landlord cannot take the rent increase contained in a void form — Application dismissed",,2007onltb1000042,2007canlii75976
onltb,2007canlii75959,https://canlii.ca/t/25ts4,https://www.canlii.org/en/on/onltb/doc/2007/2007canlii75959/2007canlii75959.html,SWL-03592-RV (Re),2007 CanLII 75959 (ON LTB),en,SWL-03592-RV; SWT-00325-RV,2007-09-14,name removed — rental unit — agent — e-mail — mailing address,,2007onltb1000025,NA
onltb,2007canlii75961,https://canlii.ca/t/25ts6,https://www.canlii.org/en/on/onltb/doc/2007/2007canlii75961/2007canlii75961.html,SWL-05726 (Re),2007 CanLII 75961 (ON LTB),en,SWL-05726,2007-09-13,name removed — tenants — rent — withdraw the application — rental unit,,2007onltb1000027,NA
onltb,2007canlii75977,https://canlii.ca/t/25tt7,https://www.canlii.org/en/on/onltb/doc/2007/2007canlii75977/2007canlii75977.html,TSL-04977 (Re),2007 CanLII 75977 (ON LTB),en,TSL-04977,2007-08-21,landlord — name removed — possession of the rental unit — residential — tenancy,,2007onltb1000043,NA
onltb,2007canlii75957,https://canlii.ca/t/25ts0,https://www.canlii.org/en/on/onltb/doc/2007/2007canlii75957/2007canlii75957.html,SOT-00474 (Re),2007 CanLII 75957 (ON LTB),en,SOT-00474,2007-08-03,tenancy — name removed — apartment — rent deposit — illegally,,2007onltb1000023,NA
onltb,2007canlii75938,https://canlii.ca/t/25tr7,https://www.canlii.org/en/on/onltb/doc/2007/2007canlii75938/2007canlii75938.html,CEL-51295-RV (Re),2007 CanLII 75938 (ON LTB),en,CEL-51295-RV,2007-07-25,name removed — eviction — monetary jurisdiction — tenancy — arrears,,2007onltb1000004,NA
onltb,2007canlii75956,https://canlii.ca/t/25trz,https://www.canlii.org/en/on/onltb/doc/2007/2007canlii75956/2007canlii75956.html,SOT-00269-AM (Re),2007 CanLII 75956 (ON LTB),en,SOT-00269-AM,2007-07-24,rental unit — fine — replacement keys — belongings — hydro,,2007onltb1000022,NA
onltb,2007canlii75967,https://canlii.ca/t/25tsj,https://www.canlii.org/en/on/onltb/doc/2007/2007canlii75967/2007canlii75967.html,TEL-03366-RV (Re),2007 CanLII 75967 (ON LTB),en,TEL-03366-RV,2007-07-18,tenancy — name removed — landlord — fixed term — lease,,2007onltb1000033,NA
onltb,2007canlii75960,https://canlii.ca/t/25ts5,https://www.canlii.org/en/on/onltb/doc/2007/2007canlii75960/2007canlii75960.html,SWL-04015 (Re),2007 CanLII 75960 (ON LTB),en,SWL-04015,2007-07-10,eviction — rent — tenancy — notice of termination — landlord,,2007onltb1000026,NA
onltb,2007canlii75949,https://canlii.ca/t/25trm,https://www.canlii.org/en/on/onltb/doc/2007/2007canlii75949/2007canlii75949.html,SOL-03369 (Re),2007 CanLII 75949 (ON LTB),en,SOL-03369,2007-07-09,name removed — tenancy — eviction — rent deposit — pay,,2007onltb1000015,NA
onltb,2007canlii75955,https://canlii.ca/t/25trx,https://www.canlii.org/en/on/onltb/doc/2007/2007canlii75955/2007canlii75955.html,SOT-00249 (Re),2007 CanLII 75955 (ON LTB),en,SOT-00249,2007-06-21,name removed — terminate the tenancy — agreement — runs a licensed care facility — meals,,2007onltb1000021,NA
onltb,2007canlii75945,https://canlii.ca/t/25trh,https://www.canlii.org/en/on/onltb/doc/2007/2007canlii75945/2007canlii75945.html,SOL-01458 (Re),2007 CanLII 75945 (ON LTB),en,SOL-01458,2007-06-19,name removed — rental unit — spouse — entry — enter,,2007onltb1000011,NA
onltb,2007canlii75948,https://canlii.ca/t/25trl,https://www.canlii.org/en/on/onltb/doc/2007/2007canlii75948/2007canlii75948.html,SOL-02104 (Re),2007 CanLII 75948 (ON LTB),en,SOL-02104,2007-06-11,rent — tenancy — name removed — eviction — work,,2007onltb1000014,NA
onltb,2007canlii75947,https://canlii.ca/t/25trk,https://www.canlii.org/en/on/onltb/doc/2007/2007canlii75947/2007canlii75947.html,SOL-01945 (Re),2007 CanLII 75947 (ON LTB),en,SOL-01945,2007-06-07,rent — tenancy — res judicata — mail box — damage,,2007onltb1000013,NA
onltb,2007canlii75954,https://canlii.ca/t/25trw,https://www.canlii.org/en/on/onltb/doc/2007/2007canlii75954/2007canlii75954.html,SOT-00248-IN(2) (Re),2007 CanLII 75954 (ON LTB),en,SOT-00248-IN(2),2007-06-01,name removed — power — unit — utilties — vital,,2007onltb1000020,NA
onltb,2007canlii75973,https://canlii.ca/t/25tsz,https://www.canlii.org/en/on/onltb/doc/2007/2007canlii75973/2007canlii75973.html,TNL-02285 (Re),2007 CanLII 75973 (ON LTB),en,TNL-02285; TNL-01415,2007-05-31,rental unit — name removed — rent deposit — residential complex — owing,,2007onltb1000039,NA
onltb,2007canlii75966,https://canlii.ca/t/25tsh,https://www.canlii.org/en/on/onltb/doc/2007/2007canlii75966/2007canlii75966.html,TEL-02602 (Re),2007 CanLII 75966 (ON LTB),en,TEL-02602,2007-05-31,bathroom — facilities — required to share — kitchen — gave evidence,,2007onltb1000032,NA
onltb,2007canlii75946,https://canlii.ca/t/25trj,https://www.canlii.org/en/on/onltb/doc/2007/2007canlii75946/2007canlii75946.html,SOL-01897 (Re),2007 CanLII 75946 (ON LTB),en,SOL-01897,2007-05-28,Lease and tenancy — Termination of tenancy — Section 49 purchaser’s own use — Did the Landlord establish an agreement of purchase and sale? — Amendment not signed by subsequent purchaser — Legitimacy of the entire Agreement questioned — Not a valid Agreement of Purchase and Sale between this purchaser and the Landlord — Balance of probabilities not met — Application dismissed | Lease and tenancy — Termination of tenancy — Section 49 purchaser’s own use — Whether purchaser in good faith requires possession for residential occupation — Affidavit filed but credibility could not be determined — Purchaser had not seen the property and unit not in a good state of repair — Good faith not established — Application dismissed | Procedure — Adjournment — Hearing management — Tenant requested an adjournment — Request for the adjournment was refused — Agreement of Purchase and Sale provided at the hearing and matter held down — Tenant could have summonsed the Landlord and had adequate opportunity — Adjournment refused | Evidence — Credibility — Affidavits — Whether purchaser’s affidavit and testimony established intent to reside — Evidence very carefully led by the Landlord’s representative with leading questions — Objections to cross examination and blacked out agreement details — Credibility could not be determined — Weight of affidavit limited — Application dismissed,,2007onltb1000012,2007canlii75946
onltb,2007canlii75965,https://canlii.ca/t/25tsg,https://www.canlii.org/en/on/onltb/doc/2007/2007canlii75965/2007canlii75965.html,TEL-01943 (Re),2007 CanLII 75965 (ON LTB),en,TEL-01943,2007-05-22,landlord — reclaim the rental unit — name removed — purpose of residential occupation — tenancy,,2007onltb1000031,NA
onltb,2007canlii75935,https://canlii.ca/t/25tr0,https://www.canlii.org/en/on/onltb/doc/2007/2007canlii75935/2007canlii75935.html,TST-00035 (Re),2007 CanLII 75935 (ON LTB),en,TST-00035,2007-05-15,name removed — rent — building — fire — enjoyment,,2007onltb1000001,NA
onltb,2007canlii75974,https://canlii.ca/t/25tt3,https://www.canlii.org/en/on/onltb/doc/2007/2007canlii75974/2007canlii75974.html,TSL-00840 (Re),2007 CanLII 75974 (ON LTB),en,TSL-00840,2007-05-10,name removed — occupant of the rental unit — eviction — illegal — notices,,2007onltb1000040,NA
onltb,2007canlii75939,https://canlii.ca/t/25tr9,https://www.canlii.org/en/on/onltb/doc/2007/2007canlii75939/2007canlii75939.html,CET-00058 (Re),2007 CanLII 75939 (ON LTB),en,CET-00058,2007-04-30,unit — cottage — rent — tenancy — name removed,,2007onltb1000005,NA
onltb,2007canlii75953,https://canlii.ca/t/25trv,https://www.canlii.org/en/on/onltb/doc/2007/2007canlii75953/2007canlii75953.html,SOT-00163 (Re),2007 CanLII 75953 (ON LTB),en,SOT-00163,2007-04-27,half of the gas bill — upper tenant — unit — name removed — collect,,2007onltb1000019,NA
onltb,2007canlii75944,https://canlii.ca/t/25trg,https://www.canlii.org/en/on/onltb/doc/2007/2007canlii75944/2007canlii75944.html,SOL-01316 (Re),2007 CanLII 75944 (ON LTB),en,SOL-01316,2007-04-27,cockroaches — mice — unit — pest control company — tenancy,,2007onltb1000010,NA
onltb,2007canlii75975,https://canlii.ca/t/25tt5,https://www.canlii.org/en/on/onltb/doc/2007/2007canlii75975/2007canlii75975.html,TSL-01314 (Re),2007 CanLII 75975 (ON LTB),en,TSL-01314,2007-04-25,name removed — unit — unauthorized occupancy — rent — roommates,,2007onltb1000041,NA
onltb,2007canlii75940,https://canlii.ca/t/25trb,https://www.canlii.org/en/on/onltb/doc/2007/2007canlii75940/2007canlii75940.html,EAT-00053 (Re),2007 CanLII 75940 (ON LTB),en,EAT-00053,2007-04-23,notice — name removed — representative — compensation — termination,,2007onltb1000006,NA
onltb,2007canlii75951,https://canlii.ca/t/25trs,https://www.canlii.org/en/on/onltb/doc/2007/2007canlii75951/2007canlii75951.html,SOT-00042 (Re),2007 CanLII 75951 (ON LTB),en,SOT-00042,2007-04-20,name removed — elevators — repairs — prior to the flood — water,,2007onltb1000017,NA
onltb,2007canlii75943,https://canlii.ca/t/25trf,https://www.canlii.org/en/on/onltb/doc/2007/2007canlii75943/2007canlii75943.html,SOL-01024-SA (Re),2007 CanLII 75943 (ON LTB),en,SOL-01024-SA,2007-04-20,rent — arrears — mediated — name removed — tenancy,,2007onltb1000009,NA
onltb,2007canlii75972,https://canlii.ca/t/25tsx,https://www.canlii.org/en/on/onltb/doc/2007/2007canlii75972/2007canlii75972.html,TNL-00388 (Re),2007 CanLII 75972 (ON LTB),en,TNL-00388,2007-04-17,tenancy — rent — notice — name removed — evict,,2007onltb1000038,NA
onltb,2007canlii75942,https://canlii.ca/t/25trd,https://www.canlii.org/en/on/onltb/doc/2007/2007canlii75942/2007canlii75942.html,SOL-00961-SA (Re),2007 CanLII 75942 (ON LTB),en,SOL-00961-SA,2007-04-12,name removed — issued — tenancy — payment — lifting of the stay,,2007onltb1000008,NA
onltb,2007canlii75941,https://canlii.ca/t/25trc,https://www.canlii.org/en/on/onltb/doc/2007/2007canlii75941/2007canlii75941.html,SOL-00776 (Re),2007 CanLII 75941 (ON LTB),en,SOL-00776,2007-04-12,name removed — pay the rent lawfully owing — terminate the tenancy — served — evict,,2007onltb1000007,NA
onltb,2007canlii75958,https://canlii.ca/t/25ts3,https://www.canlii.org/en/on/onltb/doc/2007/2007canlii75958/2007canlii75958.html,SWL-01196 (Re),2007 CanLII 75958 (ON LTB),en,SWL-01196,2007-04-04,eviction — damage — guests have wilfully caused undue — door — rental,,2007onltb1000024,NA
onltb,2007canlii75952,https://canlii.ca/t/25trt,https://www.canlii.org/en/on/onltb/doc/2007/2007canlii75952/2007canlii75952.html,SOT-00078 (Re),2007 CanLII 75952 (ON LTB),en,SOT-00078,2007-03-27,superintendent — name removed — rental unit — tenancy — parcel,,2007onltb1000018,NA
onltb,2007canlii75964,https://canlii.ca/t/25tsf,https://www.canlii.org/en/on/onltb/doc/2007/2007canlii75964/2007canlii75964.html,TEL-00091 (Re),2007 CanLII 75964 (ON LTB),en,TEL-00091,2007-02-22,name removed — noise coming from the rental — loud — excessive noise — building superintendent,,2007onltb1000030,NA
onltb,2007canlii75971,https://canlii.ca/t/25tsv,https://www.canlii.org/en/on/onltb/doc/2007/2007canlii75971/2007canlii75971.html,TET-00001 (Re),2007 CanLII 75971 (ON LTB),en,TET-00001,2007-02-19,unit — wife — bad faith — name removed — spouse,,2007onltb1000037,NA
onltb,2006canlii78050,https://canlii.ca/t/28gtz,https://www.canlii.org/en/on/onltb/doc/2006/2006canlii78050/2006canlii78050.html,TET-01599-09 (Re),2006 CanLII 78050 (ON LTB),en,TET-01599-09,2006-12-08,last month s rent — illegally entered the rental unit — deposit — rent receipts — interest,,2006onltb1000000,NA
onltb,2005canlii91265,https://canlii.ca/t/h5l0n,https://www.canlii.org/en/on/onltb/doc/2005/2005canlii91265/2005canlii91265.html,TSL-72600 (Re),2005 CanLII 91265 (ON LTB),en,TSL-72600,2005-06-23,residential occupation — possession of the rental unit — vacate — tenancy — re-rent the unit,,2005onltb1000002,NA
onltb,2002canlii78853,https://canlii.ca/t/jjn5f,https://www.canlii.org/en/on/onltb/doc/2002/2002canlii78853/2002canlii78853.html,Greenboard Holdings Ltd v Warren-Frederick,2002 CanLII 78853 (ON LTB),en,TNL-27520-20-AM,2002-06-07,rent — owing — arrears — pay — rental,,2002onltb1000000,NA
